Time,PosX,PosY,PosZ,VelX,VelY,VelZ,Steering,Throttle,Brake,LocalVelX,LocalVelY,LocalVelZ,AccLat,AccLong,AccVert,Yaw,Pitch,Roll,DistFromIdeal,Curva,LapTime
148,08,-18,544,0,027,-24,135,36,063,0,025,1,348,0,000,1,000,0,000,-0,117,-0,202,36,087,-9,942,3,478,-0,140,88,055,359,643,358,465,4,410,,0,02
148,10,-17,823,0,027,-24,125,36,067,0,003,1,156,0,000,1,000,0,000,0,049,-0,223,36,085,9,584,-1,205,-0,119,88,084,359,642,0,544,4,564,,0,04
148,12,-17,101,0,026,-24,107,36,076,-0,027,1,091,0,000,1,000,0,000,0,126,-0,244,36,092,3,195,-1,591,0,363,88,059,359,661,1,154,4,827,,0,06
148,14,-16,380,0,027,-24,064,36,053,0,047,1,378,0,000,1,000,0,000,-0,172,-0,189,36,079,-14,420,3,390,-0,662,88,092,359,632,358,656,5,198,,0,08
148,16,-15,659,0,026,-24,044,36,076,-0,047,1,298,0,000,1,000,0,000,-0,106,-0,261,36,099,4,033,-4,716,0,996,88,109,359,662,359,694,5,621,,0,10
148,18,-14,937,0,027,-24,034,36,079,0,022,1,124,0,000,1,000,0,000,0,107,-0,205,36,096,8,815,3,222,-0,123,88,037,359,645,1,500,6,095,,0,12
148,20,-14,216,0,027,-23,994,36,068,0,009,1,324,0,000,1,000,0,000,-0,066,-0,219,36,092,-10,046,-0,752,-0,208,88,006,359,640,359,393,6,630,,0,14
148,22,-13,494,0,026,-23,963,36,076,-0,029,1,381,0,000,1,000,0,000,-0,134,-0,246,36,101,-2,794,-1,940,0,460,88,028,359,660,358,912,7,194,,0,16
148,24,-12,772,0,027,-23,957,36,072,0,048,1,094,0,000,1,000,0,000,0,165,-0,189,36,088,14,438,3,503,-0,653,87,994,359,630,1,377,7,771,,0,18
148,26,-12,051,0,026,-23,927,36,089,-0,045,1,175,0,000,1,000,0,000,0,097,-0,260,36,107,-4,041,-4,615,0,955,87,979,359,659,0,249,8,382,,0,20
148,28,-11,330,0,027,-23,888,36,080,0,018,1,336,0,000,1,000,0,000,-0,105,-0,209,36,104,-8,155,2,926,-0,146,88,053,359,645,358,520,9,013,,0,22
148,30,-10,607,0,027,-23,879,36,083,0,011,1,126,0,000,1,000,0,000,0,079,-0,217,36,100,10,495,-0,467,-0,218,88,083,359,639,0,663,9,645,,0,24
148,32,-9,886,0,026,-23,860,36,096,-0,033,1,076,0,000,1,000,0,000,0,141,-0,250,36,111,2,509,-2,258,0,540,88,063,359,661,1,045,10,293,,0,26
148,34,-9,164,0,027,-23,817,36,072,0,047,1,365,0,000,1,000,0,000,-0,161,-0,190,36,097,-14,565,3,656,-0,662,88,097,359,630,358,585,10,959,,0,28
148,36,-8,443,0,026,-23,799,36,093,-0,044,1,279,0,000,1,000,0,000,-0,087,-0,259,36,115,4,299,-4,533,0,855,88,109,359,658,359,803,11,623,,0,30
148,38,-7,720,0,027,-23,788,36,093,0,015,1,130,0,000,1,000,0,000,0,105,-0,210,36,110,7,556,2,739,-0,247,88,033,359,647,1,470,12,291,,0,32
148,40,-6,999,0,027,-23,747,36,081,0,015,1,351,0,000,1,000,0,000,-0,091,-0,214,36,106,-11,080,-0,145,-0,186,88,004,359,639,359,277,12,974,,0,34
148,42,-6,277,0,026,-23,717,36,093,-0,036,1,396,0,000,1,000,0,000,-0,148,-0,252,36,119,-2,193,-2,557,0,642,88,026,359,661,358,995,13,658,,0,36
148,44,-5,555,0,027,-23,711,36,089,0,048,1,102,0,000,1,000,0,000,0,158,-0,189,36,105,14,794,3,818,-0,663,87,992,359,630,1,462,14,340,,0,38
148,46,-4,833,0,026,-23,679,36,102,-0,042,1,195,0,000,1,000,0,000,0,075,-0,258,36,121,-4,638,-4,508,0,755,87,984,359,657,0,142,15,032,,0,40
148,48,-4,112,0,027,-23,641,36,090,0,012,1,336,0,000,1,000,0,000,-0,108,-0,212,36,114,-7,123,2,500,-0,327,88,059,359,650,358,527,15,728,,0,42
148,50,-3,389,0,027,-23,634,36,095,0,018,1,100,0,000,1,000,0,000,0,106,-0,211,36,111,11,816,0,165,-0,173,88,083,359,639,0,796,16,419,,0,44
148,52,-2,667,0,026,-23,614,36,106,-0,040,1,066,0,000,1,000,0,000,0,154,-0,254,36,121,1,649,-2,943,0,519,88,058,359,666,0,961,17,115,,0,46
148,54,-1,946,0,027,-23,570,36,083,0,049,1,366,0,000,1,000,0,000,-0,156,-0,187,36,108,-15,124,4,041,-0,640,88,088,359,633,358,478,17,819,,0,48
148,56,-1,224,0,026,-23,554,36,099,-0,040,1,264,0,000,1,000,0,000,-0,062,-0,255,36,120,5,124,-4,429,0,604,88,093,359,658,359,926,18,518,,0,50
148,58,-0,502,0,027,-23,542,36,096,0,008,1,129,0,000,1,000,0,000,0,114,-0,214,36,113,6,787,2,220,-0,350,88,018,359,654,1,487,19,219,,0,52
148,60,0,220,0,027,-23,499,36,084,0,023,1,384,0,000,1,000,0,000,-0,121,-0,206,36,110,-12,782,0,571,-0,177,88,000,359,639,359,108,19,927,,0,54
148,62,0,941,0,026,-23,471,36,093,-0,046,1,402,0,000,1,000,0,000,-0,157,-0,257,36,119,-0,791,-3,462,0,487,88,031,359,669,359,095,20,633,,0,56
148,64,1,664,0,027,-23,465,36,091,0,049,1,096,0,000,1,000,0,000,0,151,-0,185,36,107,15,387,4,319,-0,603,88,012,359,636,1,594,21,336,,0,58
148,66,2,385,0,026,-23,431,36,096,-0,036,1,215,0,000,1,000,0,000,0,037,-0,251,36,116,-5,939,-4,283,0,421,88,013,359,659,359,979,22,045,,0,60
148,68,3,107,0,027,-23,394,36,087,0,002,1,335,0,000,1,000,0,000,-0,122,-0,216,36,111,-6,045,1,780,-0,257,88,084,359,658,358,514,22,756,,0,62
148,70,3,829,0,027,-23,389,36,091,0,030,1,054,0,000,1,000,0,000,0,147,-0,200,36,106,14,073,1,146,-0,247,88,089,359,639,1,017,23,462,,0,64
148,72,4,551,0,026,-23,366,36,106,-0,052,1,075,0,000,1,000,0,000,0,156,-0,261,36,121,-1,065,-4,089,0,748,88,042,359,672,0,779,24,171,,0,66
148,74,5,273,0,027,-23,323,36,083,0,046,1,380,0,000,1,000,0,000,-0,140,-0,186,36,109,-15,442,4,458,-0,560,88,040,359,639,358,335,24,885,,0,68
148,76,5,995,0,026,-23,310,36,094,-0,026,1,237,0,000,1,000,0,000,0,007,-0,244,36,114,7,142,-3,658,0,234,88,025,359,656,0,181,25,595,,0,70
148,78,6,717,0,026,-23,296,36,096,-0,007,1,138,0,000,1,000,0,000,0,139,-0,224,36,113,5,009,0,849,-0,062,87,966,359,662,1,450,26,305,,0,72
148,80,7,438,0,027,-23,250,36,074,0,040,1,450,0,000,1,000,0,000,-0,178,-0,191,36,103,-15,715,2,040,-0,496,87,986,359,639,358,801,27,021,,0,74
148,82,8,160,0,026,-23,226,36,096,-0,059,1,373,0,000,1,000,0,000,-0,125,-0,264,36,121,3,933,-4,928,0,928,88,023,359,677,359,434,27,734,,0,76
148,84,8,882,0,027,-23,218,36,096,0,036,1,119,0,000,1,000,0,000,0,130,-0,189,36,112,12,826,4,394,-0,450,88,010,359,649,1,639,28,445,,0,78
148,86,9,604,0,026,-23,179,36,088,-0,006,1,289,0,000,1,000,0,000,-0,030,-0,225,36,110,-8,492,-2,145,-0,108,88,004,359,652,359,612,29,161,,0,80
148,88,10,325,0,026,-23,146,36,089,-0,013,1,368,0,090,1,000,0,000,-0,126,-0,230,36,114,-3,929,-0,485,0,175,88,038,359,662,358,685,29,877,,0,82
148,90,11,048,0,027,-23,142,36,087,0,052,1,061,0,090,1,000,0,000,0,194,-0,185,36,101,15,420,2,909,-0,599,88,002,359,631,1,308,30,589,,0,84
148,92,11,769,0,026,-23,113,36,106,-0,053,1,151,0,090,1,000,0,000,0,123,-0,264,36,123,-4,486,-5,211,1,065,87,977,359,667,0,410,31,304,,0,86
148,94,12,491,0,027,-23,073,36,095,0,027,1,362,0,090,1,000,0,000,-0,116,-0,199,36,120,-10,684,3,732,-0,163,88,033,359,646,358,414,32,022,,0,88
148,96,13,213,0,027,-23,062,36,099,0,002,1,171,0,000,1,000,0,000,0,051,-0,223,36,117,9,515,-1,364,-0,116,88,058,359,645,0,531,32,736,,0,90
148,98,13,935,0,026,-23,045,36,108,-0,026,1,094,0,000,1,000,0,000,0,132,-0,242,36,123,3,853,-1,500,0,311,88,046,359,663,1,228,33,451,,0,92
149,00,14,657,0,027,-23,001,36,086,0,050,1,361,0,000,1,000,0,000,-0,177,-0,186,36,111,-13,467,3,542,-0,622,88,127,359,632,358,695,34,170,,0,94
149,02,15,379,0,026,-22,982,36,108,-0,047,1,254,0,000,1,000,0,000,-0,124,-0,260,36,129,5,408,-4,843,0,903,88,210,359,663,359,691,34,886,,0,96
149,04,16,102,0,027,-22,973,36,112,0,022,1,050,0,000,1,000,0,000,0,085,-0,204,36,126,10,303,3,155,-0,119,88,192,359,645,1,540,35,601,,0,98
149,06,16,823,0,027,-22,935,36,104,0,008,1,229,0,000,1,000,0,000,-0,072,-0,221,36,124,-8,952,-0,784,-0,120,88,168,359,639,359,430,36,320,,1,00
149,08,17,545,0,026,-22,906,36,109,-0,027,1,276,0,000,1,000,0,000,-0,125,-0,246,36,131,-2,329,-1,783,0,337,88,182,359,657,358,890,37,038,,1,02
149,10,18,268,0,027,-22,902,36,104,0,047,0,985,0,000,1,000,0,000,0,183,-0,191,36,116,14,635,3,375,-0,725,88,141,359,629,1,363,37,753,,1,04
149,12,18,990,0,026,-22,874,36,122,-0,046,1,068,0,000,1,000,0,000,0,116,-0,261,36,137,-4,169,-4,651,1,011,88,120,359,660,0,263,38,471,,1,06
149,14,19,712,0,027,-22,837,36,114,0,018,1,240,0,000,1,000,0,000,-0,096,-0,208,36,135,-8,683,2,984,-0,092,88,194,359,645,358,503,39,191,,1,08
149,16,20,435,0,027,-22,830,36,116,0,010,1,041,0,000,1,000,0,000,0,075,-0,218,36,130,9,978,-0,532,-0,209,88,227,359,639,0,634,39,907,,1,10
149,18,21,157,0,026,-22,813,36,127,-0,031,0,990,0,000,1,000,0,000,0,135,-0,249,36,140,2,496,-2,107,0,471,88,209,359,660,1,065,40,625,,1,12
149,20,21,879,0,027,-22,771,36,104,0,047,1,279,0,000,1,000,0,000,-0,167,-0,190,36,126,-14,537,3,575,-0,683,88,243,359,630,358,603,41,345,,1,14
149,22,22,602,0,026,-22,755,36,125,-0,044,1,195,0,000,1,000,0,000,-0,093,-0,260,36,144,4,248,-4,558,0,880,88,256,359,658,359,781,42,064,,1,16
149,24,23,325,0,027,-22,745,36,125,0,016,1,038,0,000,1,000,0,000,0,105,-0,210,36,139,7,902,2,814,-0,228,88,179,359,646,1,477,42,781,,1,18
149,26,24,047,0,027,-22,707,36,114,0,013,1,254,0,000,1,000,0,000,-0,084,-0,216,36,135,-10,809,-0,274,-0,215,88,149,359,639,359,302,43,502,,1,20
149,28,24,769,0,026,-22,678,36,124,-0,034,1,303,0,000,1,000,0,000,-0,144,-0,251,36,147,-2,375,-2,432,0,590,88,170,359,661,358,974,44,221,,1,22
149,30,25,492,0,027,-22,674,36,120,0,048,1,010,0,000,1,000,0,000,0,160,-0,190,36,133,14,707,3,755,-0,683,88,136,359,630,1,443,44,939,,1,24
149,32,26,214,0,026,-22,644,36,133,-0,043,1,101,0,000,1,000,0,000,0,080,-0,259,36,149,-4,515,-4,543,0,772,88,127,359,657,0,167,45,659,,1,26
149,34,26,936,0,027,-22,608,36,122,0,013,1,245,0,000,1,000,0,000,-0,105,-0,211,36,142,-7,286,2,617,-0,315,88,202,359,649,358,527,46,379,,1,28
149,36,27,659,0,027,-22,602,36,125,0,017,1,015,0,000,1,000,0,000,0,101,-0,213,36,138,11,511,0,028,-0,190,88,227,359,639,0,765,47,098,,1,30
149,38,28,382,0,026,-22,584,36,138,-0,038,0,977,0,000,1,000,0,000,0,152,-0,253,36,150,1,866,-2,769,0,587,88,204,359,663,0,980,47,817,,1,32
149,40,29,104,0,027,-22,542,36,115,0,049,1,275,0,000,1,000,0,000,-0,158,-0,188,36,137,-15,036,3,943,-0,671,88,237,359,631,358,502,48,538,,1,34
149,42,29,827,0,026,-22,528,36,132,-0,041,1,177,0,000,1,000,0,000,-0,069,-0,257,36,150,4,904,-4,469,0,663,88,243,359,657,359,896,49,258,,1,36
149,44,30,550,0,027,-22,518,36,128,0,010,1,038,0,080,1,000,0,000,0,113,-0,213,36,142,7,019,2,344,-0,386,88,167,359,652,1,486,49,977,,1,38
149,46,31,272,0,027,-22,477,36,117,0,021,1,286,0,245,1,000,0,000,-0,113,-0,208,36,139,-12,401,0,391,-0,176,88,145,359,639,359,147,50,698,,1,40
149,48,31,994,0,026,-22,450,36,124,-0,044,1,313,0,245,1,000,0,000,-0,157,-0,256,36,146,-1,329,-3,261,0,378,88,173,359,669,359,059,51,418,,1,42
149,50,32,717,0,027,-22,446,36,120,0,050,1,009,0,177,1,000,0,000,0,154,-0,185,36,134,15,355,4,247,-0,636,88,149,359,635,1,572,52,137,,1,44
149,52,33,439,0,026,-22,415,36,127,-0,039,1,080,0,177,1,000,0,000,0,063,-0,253,36,142,-3,553,-4,424,0,432,88,188,359,661,0,117,52,858,,1,46
149,54,34,161,0,027,-22,380,36,118,0,014,1,173,0,000,1,000,0,000,-0,116,-0,208,36,136,-4,760,2,533,-0,299,88,331,359,653,358,566,53,579,,1,48
149,56,34,884,0,027,-22,379,36,122,0,023,0,817,0,000,1,000,0,000,0,142,-0,208,36,130,17,842,0,144,-0,286,88,473,359,638,1,076,54,298,,1,50
149,58,35,607,0,026,-22,361,36,134,-0,062,0,783,0,000,1,000,0,000,0,144,-0,269,36,141,1,651,-4,293,0,540,88,524,359,675,0,841,55,018,,1,52
149,60,36,329,0,027,-22,327,36,118,0,047,0,953,0,000,1,000,0,000,-0,090,-0,182,36,130,-8,677,5,244,-0,573,88,639,359,641,358,585,55,739,,1,54
149,62,37,051,0,026,-22,321,36,119,-0,015,0,752,-0,158,1,000,0,000,0,029,-0,234,36,126,10,064,-3,168,-0,184,88,761,359,654,0,203,56,458,,1,56
149,64,37,774,0,027,-22,316,36,120,0,000,0,607,-0,158,1,000,0,000,0,140,-0,221,36,124,7,226,0,608,-0,112,88,806,359,655,1,347,57,177,,1,58
149,66,38,496,0,027,-22,283,36,108,0,043,0,868,-0,216,1,000,0,000,-0,132,-0,194,36,117,-13,080,1,888,-0,320,88,838,359,629,358,920,57,898,,1,60
149,68,39,218,0,026,-22,269,36,127,-0,045,0,836,-0,216,1,000,0,000,-0,097,-0,262,36,136,1,687,-4,367,0,915,88,833,359,658,359,382,58,618,,1,62
149,70,39,941,0,027,-22,269,36,123,0,037,0,689,0,000,1,000,0,000,0,127,-0,197,36,129,7,401,3,936,-0,321,88,698,359,634,1,297,59,337,,1,64
149,72,40,663,0,027,-22,241,36,122,-0,007,0,914,0,000,1,000,0,000,0,003,-0,234,36,133,-11,203,-2,269,0,207,88,548,359,639,359,614,60,058,,1,66
149,74,41,386,0,027,-22,214,36,125,-0,017,1,094,0,000,1,000,0,000,-0,103,-0,242,36,140,-9,005,-0,727,0,378,88,436,359,647,358,714,60,779,,1,68
149,76,42,109,0,027,-22,211,36,125,0,040,0,956,0,000,1,000,0,000,0,128,-0,202,36,137,6,954,2,759,-0,180,88,275,359,620,0,921,61,499,,1,70
149,78,42,831,0,027,-22,187,36,137,-0,033,1,067,0,000,1,000,0,000,0,089,-0,258,36,151,-5,541,-3,630,0,738,88,165,359,645,0,447,62,220,,1,72
149,80,43,553,0,027,-22,150,36,125,0,023,1,292,0,000,1,000,0,000,-0,153,-0,213,36,147,-11,324,2,566,-0,199,88,202,359,631,358,689,62,942,,1,74
149,82,44,277,0,027,-22,137,36,142,-0,007,1,148,0,000,1,000,0,000,-0,036,-0,238,36,159,7,183,-1,578,0,586,88,235,359,634,0,334,63,663,,1,76
149,84,45,000,0,027,-22,121,36,153,-0,016,1,049,0,000,1,000,0,000,0,074,-0,244,36,168,4,964,-0,545,0,423,88,214,359,642,1,116,64,384,,1,78
149,86,45,722,0,027,-22,082,36,138,0,031,1,264,0,000,1,000,0,000,-0,147,-0,211,36,159,-10,785,2,177,-0,414,88,237,359,621,358,984,65,107,,1,80
149,88,46,445,0,027,-22,062,36,161,-0,038,1,195,0,000,1,000,0,000,-0,079,-0,263,36,180,3,506,-3,425,1,030,88,236,359,645,359,612,65,829,,1,82
149,90,47,169,0,027,-22,054,36,163,0,020,0,994,0,000,1,000,0,000,0,148,-0,216,36,176,10,093,2,678,-0,188,88,183,359,630,1,322,66,550,,1,84
149,92,47,892,0,027,-22,020,36,161,-0,002,1,158,0,000,1,000,0,000,-0,007,-0,233,36,178,-8,175,-1,196,0,114,88,180,359,634,359,580,67,272,,1,86
149,94,48,615,0,027,-21,990,36,164,-0,019,1,241,0,000,1,000,0,000,-0,117,-0,243,36,184,-4,141,-0,901,0,289,88,226,359,648,358,937,67,995,,1,88
149,96,49,339,0,027,-21,984,36,159,0,036,0,997,0,000,1,000,0,000,0,134,-0,202,36,172,12,229,2,493,-0,588,88,202,359,627,1,130,68,716,,1,90
149,98,50,062,0,027,-21,958,36,176,-0,038,1,065,0,000,1,000,0,000,0,072,-0,259,36,191,-3,404,-3,669,0,905,88,197,359,651,0,322,69,439,,1,92
150,00,50,785,0,027,-21,922,36,165,0,019,1,242,0,000,1,000,0,000,-0,141,-0,214,36,185,-8,914,2,642,-0,266,88,264,359,636,358,662,70,162,,1,94
150,02,51,509,0,027,-21,913,36,166,0,003,1,059,-0,012,1,000,0,000,0,025,-0,228,36,181,9,155,-0,890,-0,228,88,280,359,635,0,515,70,883,,1,96
150,04,52,232,0,027,-21,896,36,173,-0,024,0,985,-0,012,1,000,0,000,0,119,-0,246,36,185,3,671,-1,408,0,230,88,245,359,652,1,027,71,605,,1,98
150,06,52,955,0,027,-21,857,36,152,0,038,1,236,-0,012,1,000,0,000,-0,143,-0,200,36,173,-12,609,2,850,-0,628,88,276,359,627,358,790,72,328,,2,00
150,08,53,678,0,027,-21,840,36,173,-0,038,1,163,-0,012,1,000,0,000,-0,080,-0,260,36,191,3,659,-3,824,0,903,88,286,359,650,359,735,73,050,,2,02
150,10,54,402,0,027,-21,831,36,171,0,017,0,997,-0,138,1,000,0,000,0,126,-0,215,36,184,8,370,2,552,-0,361,88,214,359,638,1,360,73,772,,2,04
150,12,55,125,0,027,-21,795,36,159,0,007,1,190,-0,119,1,000,0,000,-0,044,-0,224,36,178,-9,663,-0,592,-0,289,88,187,359,635,359,415,74,495,,2,06
150,14,55,848,0,027,-21,767,36,164,-0,028,1,258,-0,119,1,000,0,000,-0,121,-0,248,36,184,-3,328,-1,778,0,330,88,207,359,654,358,991,75,218,,2,08
150,16,56,572,0,027,-21,762,36,158,0,041,1,003,0,000,1,000,0,000,0,151,-0,197,36,171,12,796,3,140,-0,663,88,165,359,628,1,267,75,939,,2,10
150,18,57,295,0,027,-21,733,36,171,-0,038,1,109,0,000,1,000,0,000,0,074,-0,259,36,187,-5,273,-3,938,0,814,88,127,359,651,0,167,76,662,,2,12
150,20,58,018,0,027,-21,695,36,155,0,010,1,345,0,090,1,000,0,000,-0,139,-0,219,36,179,-11,896,2,114,-0,424,88,100,359,642,358,451,77,385,,2,14
150,22,58,742,0,027,-21,687,36,157,0,010,1,166,0,090,1,000,0,000,0,076,-0,221,36,175,8,960,-0,119,-0,197,88,029,359,636,0,673,78,107,,2,16
150,24,59,465,0,026,-21,667,36,161,-0,039,1,135,0,090,1,000,0,000,0,144,-0,253,36,177,1,476,-2,477,0,118,87,966,359,665,1,051,78,829,,2,18
150,26,60,187,0,027,-21,622,36,130,0,044,1,444,0,090,1,000,0,000,-0,181,-0,188,36,158,-15,597,3,765,-0,963,88,005,359,639,358,532,79,552,,2,20
150,28,60,910,0,026,-21,602,36,148,-0,048,1,354,0,119,1,000,0,000,-0,118,-0,257,36,173,4,530,-4,586,0,726,88,042,359,668,359,820,80,274,,2,22
150,30,61,633,0,027,-21,591,36,147,0,014,1,156,0,119,1,000,0,000,0,083,-0,207,36,165,10,012,2,801,-0,381,88,028,359,654,1,623,80,996,,2,24
150,32,62,356,0,027,-21,549,36,135,0,017,1,335,0,000,1,000,0,000,-0,120,-0,211,36,159,-8,977,0,044,-0,281,88,078,359,641,359,320,81,719,,2,26
150,34,63,078,0,026,-21,520,36,143,-0,032,1,336,0,000,1,000,0,000,-0,164,-0,248,36,166,0,028,-2,471,0,361,88,150,359,663,358,965,82,442,,2,28
150,36,63,802,0,027,-21,517,36,136,0,051,0,963,-0,090,1,000,0,000,0,191,-0,187,36,148,18,721,3,631,-0,935,88,163,359,633,1,614,83,163,,2,30
150,38,64,524,0,026,-21,487,36,151,-0,052,1,024,-0,090,1,000,0,000,0,112,-0,263,36,164,-3,061,-5,126,0,831,88,198,359,666,0,192,83,885,,2,32
150,40,65,247,0,027,-21,451,36,140,0,015,1,173,-0,090,1,000,0,000,-0,095,-0,205,36,158,-7,558,3,136,-0,303,88,300,359,656,358,368,84,608,,2,34
150,42,65,970,0,027,-21,448,36,144,0,017,0,918,-0,216,1,000,0,000,0,138,-0,209,36,155,12,762,-0,077,-0,174,88,321,359,644,0,838,85,329,,2,36
150,44,66,693,0,026,-21,433,36,149,-0,049,0,881,-0,216,1,000,0,000,0,200,-0,256,36,159,1,815,-3,329,0,193,88,280,359,678,1,088,86,051,,2,38
150,46,67,415,0,027,-21,390,36,120,0,057,1,254,-0,283,1,000,0,000,-0,160,-0,176,36,141,-18,842,4,694,-0,854,88,275,359,640,358,244,86,774,,2,40
150,48,68,138,0,026,-21,375,36,130,-0,057,1,218,-0,235,1,000,0,000,-0,095,-0,262,36,149,1,841,-5,684,0,388,88,221,359,677,359,754,87,496,,2,42
150,50,68,861,0,026,-21,366,36,127,0,025,1,116,-0,235,1,000,0,000,0,099,-0,193,36,144,5,203,3,947,-0,287,88,065,359,660,1,643,88,217,,2,44
150,52,69,582,0,027,-21,320,36,105,0,022,1,499,0,000,1,000,0,000,-0,185,-0,205,36,135,-19,170,-0,484,-0,435,87,922,359,646,358,913,88,940,,2,46
150,54,70,304,0,026,-21,289,36,109,-0,071,1,584,0,000,1,000,0,000,-0,211,-0,270,36,142,-4,174,-4,726,0,358,87,830,359,690,358,865,89,662,,2,48
150,56,71,027,0,027,-21,281,36,102,0,067,1,349,0,000,1,000,0,000,0,121,-0,160,36,127,11,913,6,574,-0,778,87,660,359,645,1,639,90,384,,2,50
150,58,71,748,0,026,-21,240,36,083,-0,038,1,579,0,000,1,000,0,000,0,001,-0,241,36,116,-11,494,-5,272,-0,498,87,493,359,677,359,898,91,105,,2,52
150,60,72,469,0,026,-21,195,36,070,0,001,1,790,0,000,1,000,0,000,-0,134,-0,209,36,114,-10,607,1,605,-0,127,87,382,359,674,358,270,91,828,,2,54
150,62,73,192,0,027,-21,181,36,082,0,045,1,596,0,000,1,000,0,000,0,158,-0,184,36,116,9,749,2,032,0,106,87,213,359,641,0,944,92,549,,2,56
150,64,73,914,0,026,-21,149,36,090,-0,042,1,652,0,000,1,000,0,000,0,195,-0,253,36,126,-2,879,-4,311,0,533,87,063,359,670,0,901,93,271,,2,58
150,66,74,634,0,027,-21,092,36,054,0,057,2,026,0,000,1,000,0,000,-0,169,-0,178,36,110,-18,885,4,367,-0,813,87,061,359,636,358,216,93,994,,2,60
150,68,75,357,0,028,-21,060,36,074,0,085,1,921,0,000,1,000,0,000,-0,093,-0,221,36,125,5,293,1,470,0,763,87,104,359,516,359,384,94,716,,2,62
150,70,76,080,0,029,-21,038,36,081,0,127,1,837,0,000,1,000,0,000,0,043,-0,232,36,127,4,244,1,997,0,153,87,007,359,432,1,536,95,439,,2,64
150,72,76,802,0,031,-20,989,36,088,0,109,2,061,0,000,1,000,0,000,-0,174,-0,303,36,145,-11,149,-0,882,0,914,87,005,359,345,0,254,96,162,,2,66
150,74,77,520,0,032,-20,937,35,982,0,011,2,121,0,000,1,000,0,000,-0,229,-0,350,36,042,-3,205,-4,926,-5,178,87,001,359,435,358,848,96,883,,2,68
150,76,78,241,0,032,-20,911,36,016,-0,047,1,851,0,000,1,000,0,000,0,114,-0,349,36,061,13,551,-2,988,0,910,86,873,359,521,0,359,8,951,Curva 1.,2,70
150,78,78,959,0,030,-20,879,35,978,-0,152,1,814,0,000,1,000,0,000,0,211,-0,362,36,022,1,669,-5,259,-2,004,86,769,359,672,0,888,9,044,Curva 1.,2,72
150,80,79,679,0,028,-20,826,36,021,-0,116,2,038,0,000,1,000,0,000,-0,052,-0,298,36,078,-11,096,1,592,2,770,86,852,359,713,358,989,9,213,Curva 1.,2,74
150,82,80,399,0,025,-20,790,36,004,-0,137,2,001,0,000,1,000,0,000,-0,043,-0,298,36,059,1,816,-1,012,-0,946,86,891,359,743,359,644,9,419,Curva 1.,2,76
150,84,81,121,0,025,-20,762,36,031,-0,023,1,865,0,000,0,843,0,000,0,108,-0,223,36,078,6,982,5,529,0,968,86,857,359,687,1,200,9,666,Curva 1.,2,78
150,86,81,841,0,024,-20,712,36,036,0,023,2,031,0,000,0,843,0,000,-0,040,-0,214,36,092,-8,317,2,226,0,739,86,839,359,625,359,588,9,979,Curva 1.,2,80
150,88,82,562,0,025,-20,666,36,043,0,049,2,113,0,000,0,843,0,000,-0,125,-0,211,36,104,-4,079,1,233,0,581,86,848,359,592,359,044,10,330,Curva 1.,2,82
150,90,83,284,0,027,-20,642,36,035,0,103,1,864,0,000,0,761,0,000,0,155,-0,171,36,083,12,442,2,469,-1,042,86,787,359,570,1,094,10,699,Curva 1.,2,84
150,92,84,003,0,028,-20,598,36,022,0,021,1,935,0,000,0,655,0,000,0,090,-0,216,36,074,-3,574,-4,068,-0,477,86,781,359,624,0,220,11,119,Curva 1.,2,86
150,94,84,722,0,029,-20,546,35,964,0,035,2,112,0,000,0,655,0,000,-0,139,-0,180,36,025,-8,996,0,531,-2,440,86,867,359,662,358,739,11,575,Curva 1.,2,88
150,96,85,440,0,029,-20,518,35,908,-0,001,1,936,0,000,0,535,0,000,0,017,-0,188,35,959,8,594,-1,905,-3,288,86,883,359,703,0,549,12,037,Curva 1.,2,90
150,98,86,157,0,029,-20,484,35,822,-0,052,1,866,0,000,0,535,0,000,0,097,-0,209,35,870,3,231,-2,569,-4,474,86,858,359,751,0,944,12,528,Curva 1.,2,92
151,00,86,870,0,029,-20,428,35,696,0,004,2,083,0,000,0,239,0,000,-0,144,-0,159,35,757,-11,220,2,625,-5,677,86,897,359,743,358,839,13,052,Curva 1.,2,94
151,02,87,582,0,028,-20,394,35,573,-0,052,1,995,0,000,0,239,0,000,-0,060,-0,197,35,628,4,064,-2,782,-6,430,86,887,359,768,359,785,13,578,Curva 1.,2,96
151,04,88,290,0,028,-20,368,35,417,0,010,1,833,0,000,0,239,0,000,0,129,-0,137,35,464,7,720,2,945,-8,225,86,823,359,767,1,288,14,113,Curva 1.,2,98
151,06,88,994,0,028,-20,315,35,210,0,022,2,012,0,000,0,239,0,000,-0,072,-0,114,35,267,-9,514,0,570,-9,807,86,849,359,780,359,407,14,675,Curva 1.,3,00
151,08,89,693,0,029,-20,272,34,982,0,003,2,053,0,000,0,239,0,000,-0,140,-0,106,35,042,-2,635,-0,985,-11,295,86,874,359,825,359,085,15,240,Curva 1.,3,02
151,10,90,389,0,030,-20,251,34,761,0,067,1,788,0,000,0,120,0,000,0,146,-0,038,34,807,12,660,2,965,-11,764,86,814,359,833,1,236,15,801,Curva 1.,3,04
151,12,91,079,0,031,-20,207,34,506,-0,001,1,846,0,000,0,120,0,000,0,068,-0,076,34,556,-3,586,-3,328,-12,552,86,825,359,875,0,174,16,379,Curva 1.,3,06
151,14,91,763,0,032,-20,158,34,250,0,036,1,971,0,235,0,000,0,000,-0,099,-0,040,34,307,-7,006,1,673,-12,439,86,873,359,878,358,720,16,965,Curva 1.,3,08
151,16,92,444,0,032,-20,134,34,015,0,027,1,781,0,235,0,000,0,000,0,105,-0,052,34,061,8,812,-0,500,-12,272,86,825,359,870,0,596,17,541,Curva 1.,3,10
151,18,93,119,0,032,-20,101,33,735,-0,014,1,743,1,000,0,000,0,000,0,132,-0,082,33,780,1,106,-2,050,-14,063,86,816,359,888,0,839,18,125,Curva 1.,3,12
151,20,93,788,0,032,-20,050,33,483,0,041,1,907,1,000,0,000,0,000,-0,112,-0,039,33,537,-8,885,2,618,-12,185,86,933,359,868,358,949,18,719,Curva 1.,3,14
151,22,94,452,0,032,-20,021,33,208,-0,012,1,740,1,000,0,000,0,000,-0,026,-0,077,33,253,7,591,-2,596,-14,142,87,045,359,887,0,006,19,302,Curva 1.,3,16
151,24,95,111,0,033,-19,998,32,926,0,014,1,501,1,000,0,000,0,000,0,095,-0,045,32,960,11,289,1,040,-14,652,87,223,359,901,1,308,19,884,Curva 1.,3,18
151,26,95,763,0,033,-19,956,32,652,0,032,1,421,1,000,0,000,0,000,-0,066,-0,021,32,683,3,413,0,930,-13,860,87,623,359,908,359,828,20,473,Curva 1.,3,20
151,28,96,409,0,034,-19,930,32,329,0,030,1,090,1,000,0,000,0,000,-0,074,-0,006,32,347,16,068,-0,030,-16,686,88,200,359,937,359,838,21,053,Curva 1.,3,22
151,30,97,051,0,035,-19,922,32,068,0,039,0,588,1,000,0,000,0,000,0,075,-0,001,32,074,24,813,-0,068,-13,527,88,815,359,931,1,320,21,625,Curva 1.,3,24
151,32,97,686,0,035,-19,901,31,776,0,021,0,402,1,000,0,000,0,000,-0,104,-0,019,31,778,9,171,-0,949,-14,711,89,463,359,928,0,169,22,201,Curva 1.,3,26
151,34,98,316,0,036,-19,890,31,467,0,038,0,103,1,000,0,000,0,000,-0,192,-0,001,31,466,14,969,0,952,-15,410,90,161,359,931,359,689,22,770,Curva 1.,3,28
151,36,98,939,0,037,-19,901,31,198,0,024,-0,406,1,000,0,000,0,000,-0,052,-0,018,31,201,25,636,-1,154,-13,056,90,841,359,920,1,139,23,328,Curva 1.,3,30
151,38,99,558,0,036,-19,907,30,916,-0,012,-0,729,1,000,0,000,0,000,-0,080,-0,054,30,924,16,481,-2,007,-13,695,91,498,359,920,0,684,23,887,Curva 1.,3,32
151,40,100,171,0,037,-19,915,30,623,0,050,-1,006,1,000,0,000,0,000,-0,169,0,000,30,639,14,399,3,229,-14,113,92,198,359,908,359,663,24,443,Curva 1.,3,34
151,42,100,777,0,038,-19,945,30,333,0,016,-1,460,1,000,0,000,0,000,-0,056,-0,028,30,369,23,382,-1,958,-13,308,92,862,359,916,0,661,24,987,Curva 1.,3,36
151,44,101,378,0,038,-19,979,30,022,-0,012,-1,873,1,000,0,000,0,000,0,003,-0,045,30,081,21,528,-1,789,-14,253,93,561,359,937,1,094,25,526,Curva 1.,3,38
151,46,101,974,0,038,-20,007,29,738,0,043,-2,104,1,000,0,000,0,000,-0,123,0,006,29,812,12,561,2,805,-13,316,94,282,359,930,359,826,26,066,Curva 1.,3,40
151,48,102,563,0,039,-20,052,29,433,0,012,-2,453,1,000,0,000,0,000,-0,097,-0,016,29,535,18,735,-1,566,-13,654,94,952,359,945,0,109,26,597,Curva 1.,3,42
151,50,103,145,0,039,-20,110,29,127,0,001,-2,875,1,000,0,000,0,000,-0,006,-0,025,29,268,22,476,-1,023,-13,186,95,647,359,949,1,162,27,118,Curva 1.,3,44
151,52,103,724,0,039,-20,159,28,864,0,005,-3,073,1,000,0,000,0,000,-0,139,-0,025,29,027,11,306,0,181,-11,975,96,351,359,940,0,140,27,642,Curva 1.,3,46
151,54,104,295,0,039,-20,218,28,545,0,016,-3,355,1,000,0,000,0,000,-0,176,-0,011,28,741,15,926,0,635,-14,065,97,054,359,947,359,851,28,159,Curva 1.,3,48
151,56,104,860,0,039,-20,294,28,238,0,010,-3,769,1,000,0,000,0,000,-0,073,-0,014,28,488,22,581,-0,705,-12,459,97,748,359,949,0,990,28,665,Curva 1.,3,50
151,58,105,420,0,039,-20,367,27,942,-0,006,-4,037,1,000,0,000,0,000,-0,110,-0,027,28,232,15,431,-0,919,-12,652,98,444,359,956,0,572,29,171,Curva 1.,3,52
151,60,105,974,0,040,-20,441,27,639,0,045,-4,279,1,000,0,000,0,000,-0,174,0,020,27,968,14,316,2,582,-13,010,99,157,359,950,359,802,29,672,Curva 1.,3,54
151,62,106,521,0,041,-20,533,27,325,0,021,-4,645,1,000,0,000,0,000,-0,094,0,001,27,717,20,726,-1,373,-12,355,99,841,359,955,0,598,30,163,Curva 1.,3,56
151,64,107,062,0,041,-20,628,26,999,-0,001,-4,977,1,000,0,000,0,000,-0,058,-0,017,27,454,19,300,-1,425,-12,986,100,567,359,966,0,907,30,650,Curva 1.,3,58
151,66,107,598,0,041,-20,720,26,707,0,038,-5,197,1,000,0,000,0,000,-0,145,0,017,27,208,13,614,1,975,-12,158,101,316,359,957,359,976,31,135,Curva 1.,3,60
151,68,108,127,0,042,-20,825,26,390,0,017,-5,478,1,000,0,000,0,000,-0,140,0,000,26,952,17,042,-1,110,-12,592,102,025,359,964,0,142,31,612,Curva 1.,3,62
151,70,108,648,0,042,-20,940,26,064,-0,001,-5,810,1,000,0,000,0,000,-0,084,-0,014,26,703,19,771,-1,174,-12,246,102,745,359,970,0,919,32,081,Curva 1.,3,64
151,72,109,166,0,042,-21,050,25,777,0,000,-6,025,1,000,0,000,0,000,-0,151,-0,015,26,471,13,796,-0,045,-11,426,103,481,359,966,0,310,32,549,Curva 1.,3,66
151,74,109,678,0,042,-21,166,25,469,0,019,-6,242,1,000,0,000,0,000,-0,202,0,003,26,222,14,302,0,970,-12,265,104,212,359,967,359,918,33,012,Curva 1.,3,68
151,76,110,181,0,042,-21,296,25,151,0,004,-6,554,1,000,0,000,0,000,-0,145,-0,008,25,991,19,147,-0,930,-11,321,104,924,359,969,0,693,33,465,Curva 1.,3,70
151,78,110,679,0,042,-21,426,24,835,-0,008,-6,821,1,000,0,000,0,000,-0,140,-0,018,25,755,17,133,-0,829,-11,611,105,669,359,974,0,696,33,915,Curva 1.,3,72
151,80,111,173,0,043,-21,556,24,534,0,034,-7,023,1,000,0,000,0,000,-0,203,0,020,25,518,13,939,2,133,-11,604,106,429,359,968,359,975,34,363,Curva 1.,3,74
151,82,111,658,0,043,-21,698,24,205,0,018,-7,285,1,000,0,000,0,000,-0,177,0,009,25,277,17,384,-0,912,-11,856,107,152,359,978,0,315,34,801,Curva 1.,3,76
151,84,112,136,0,043,-21,846,23,861,0,003,-7,563,1,000,0,000,0,000,-0,136,0,001,25,031,18,463,-1,004,-12,079,107,897,359,990,0,818,35,233,Curva 1.,3,78
151,86,112,611,0,044,-21,991,23,569,0,016,-7,765,1,000,0,000,0,000,-0,184,0,010,24,815,14,250,0,609,-10,591,108,659,359,985,0,239,35,664,Curva 1.,3,80
151,88,113,079,0,044,-22,143,23,255,0,021,-7,964,1,000,0,000,0,000,-0,216,0,014,24,580,14,626,0,205,-11,502,109,408,359,984,0,034,36,088,Curva 1.,3,82
151,90,113,538,0,044,-22,305,22,929,0,004,-8,223,1,000,0,000,0,000,-0,177,-0,001,24,358,17,766,-1,050,-10,875,110,147,359,984,0,659,36,504,Curva 1.,3,84
151,92,113,993,0,044,-22,467,22,621,-0,007,-8,439,1,000,0,000,0,000,-0,190,-0,012,24,143,15,565,-0,681,-10,525,110,910,359,983,0,548,36,917,Curva 1.,3,86
151,94,114,443,0,044,-22,630,22,320,0,021,-8,614,1,000,0,000,0,000,-0,241,0,012,23,923,13,687,1,424,-10,747,111,680,359,978,0,027,37,327,Curva 1.,3,88
151,96,114,884,0,045,-22,803,21,991,0,008,-8,833,1,000,0,000,0,000,-0,223,0,004,23,697,16,398,-0,760,-11,043,112,423,359,986,0,366,37,728,Curva 1.,3,90
151,98,115,319,0,045,-22,980,21,654,-0,002,-9,058,1,000,0,000,0,000,-0,199,-0,001,23,471,16,970,-0,743,-11,054,113,185,-0,003,0,698,38,124,Curva 1.,3,92
152,00,115,750,0,045,-23,156,21,352,0,015,-9,231,1,000,0,000,0,000,-0,235,0,015,23,261,14,054,0,835,-10,272,113,961,-0,004,0,224,38,518,Curva 1.,3,94
152,02,116,174,0,045,-23,337,21,032,0,019,-9,406,1,000,0,000,0,000,-0,252,0,019,23,038,14,630,0,136,-10,853,114,723,-0,001,0,127,38,905,Curva 1.,3,96
152,04,116,589,0,046,-23,526,20,701,0,006,-9,619,1,000,0,000,0,000,-0,222,0,009,22,826,16,748,-0,807,-10,380,115,482,0,001,0,602,39,285,Curva 1.,3,98
152,06,117,000,0,046,-23,715,20,391,0,001,-9,799,1,000,0,000,0,000,-0,235,0,002,22,622,14,921,-0,369,-9,897,116,263,-0,002,0,466,39,662,Curva 1.,4,00
152,08,117,406,0,046,-23,906,20,087,0,020,-9,951,1,000,0,000,0,000,-0,271,0,017,22,415,13,693,0,910,-10,103,117,049,359,992,0,094,40,035,Curva 1.,4,02
152,10,117,803,0,046,-24,104,19,759,0,008,-10,130,1,000,0,000,0,000,-0,262,0,008,22,203,15,525,-0,694,-10,308,117,819,-0,004,0,373,40,400,Curva 1.,4,04
152,12,118,195,0,046,-24,306,19,432,-0,002,-10,310,1,000,0,000,0,000,-0,251,0,001,21,996,15,743,-0,676,-10,055,118,604,0,002,0,590,40,760,Curva 1.,4,06
152,14,118,582,0,046,-24,507,19,130,0,011,-10,456,1,000,0,000,0,000,-0,281,0,012,21,800,13,752,0,617,-9,563,119,399,0,001,0,233,41,118,Curva 1.,4,08
152,16,118,961,0,047,-24,713,18,811,0,013,-10,600,1,000,0,000,0,000,-0,295,0,016,21,590,14,238,0,044,-10,194,120,184,0,005,0,187,41,469,Curva 1.,4,10
152,18,119,333,0,047,-24,924,18,482,0,003,-10,769,1,000,0,000,0,000,-0,276,0,009,21,389,15,704,-0,631,-9,740,120,968,0,009,0,532,41,814,Curva 1.,4,12
152,20,119,701,0,047,-25,136,18,176,0,002,-10,918,1,000,0,000,0,000,-0,286,0,007,21,201,14,403,-0,151,-9,107,121,765,0,007,0,418,42,155,Curva 1.,4,14
152,22,120,063,0,047,-25,349,17,871,0,016,-11,043,1,000,0,000,0,000,-0,312,0,018,21,005,13,464,0,651,-9,478,122,564,0,002,0,148,42,493,Curva 1.,4,16
152,24,120,417,0,047,-25,568,17,549,0,008,-11,181,1,000,0,000,0,000,-0,309,0,012,20,806,14,635,-0,506,-9,648,123,353,0,006,0,355,42,823,Curva 1.,4,18
152,26,120,765,0,047,-25,790,17,229,0,000,-11,321,1,000,0,000,0,000,-0,303,0,006,20,614,14,777,-0,521,-9,306,124,151,0,010,0,510,43,149,Curva 1.,4,20
152,28,121,108,0,047,-26,011,16,926,0,009,-11,441,1,000,0,000,0,000,-0,322,0,014,20,428,13,587,0,411,-8,983,124,959,0,009,0,261,43,471,Curva 1.,4,22
152,30,121,444,0,048,-26,237,16,611,0,011,-11,555,1,000,0,000,0,000,-0,332,0,017,20,232,13,819,0,041,-9,459,125,764,0,012,0,221,43,788,Curva 1.,4,24
152,32,121,773,0,048,-26,466,16,287,0,004,-11,683,1,000,0,000,0,000,-0,322,0,012,20,041,14,771,-0,516,-9,187,126,571,0,016,0,461,44,098,Curva 1.,4,26
152,34,122,097,0,048,-26,696,15,979,0,003,-11,799,1,000,0,000,0,000,-0,329,0,010,19,861,13,997,-0,132,-8,708,127,392,0,015,0,393,44,405,Curva 1.,4,28
152,36,122,416,0,048,-26,927,15,675,0,012,-11,898,1,000,0,000,0,000,-0,349,0,018,19,677,13,288,0,419,-8,860,128,216,0,012,0,199,44,708,Curva 1.,4,30
152,38,122,727,0,048,-27,162,15,360,0,007,-12,002,1,000,0,000,0,000,-0,351,0,014,19,489,13,961,-0,351,-9,009,129,036,0,015,0,330,45,005,Curva 1.,4,32
152,40,123,032,0,048,-27,399,15,047,0,001,-12,106,1,000,0,000,0,000,-0,352,0,009,19,309,14,013,-0,400,-8,653,129,861,0,017,0,443,45,297,Curva 1.,4,34
152,42,123,332,0,048,-27,637,14,747,0,007,-12,197,1,000,0,000,0,000,-0,368,0,014,19,134,13,226,0,229,-8,410,130,694,0,015,0,280,45,585,Curva 1.,4,36
152,44,123,626,0,049,-27,877,14,438,0,010,-12,283,1,000,0,000,0,000,-0,376,0,017,18,952,13,472,0,097,-8,735,131,527,0,015,0,245,45,869,Curva 1.,4,38
152,46,123,913,0,049,-28,120,14,121,0,006,-12,374,1,000,0,000,0,000,-0,372,0,014,18,772,14,061,-0,323,-8,619,132,365,0,017,0,398,46,146,Curva 1.,4,40
152,48,124,194,0,049,-28,363,13,814,0,006,-12,460,1,000,0,000,0,000,-0,378,0,013,18,599,13,642,-0,071,-8,247,133,215,0,015,0,362,46,420,Curva 1.,4,42
152,50,124,470,0,049,-28,608,13,511,0,012,-12,534,1,000,0,000,0,000,-0,392,0,018,18,426,13,187,0,260,-8,295,134,070,0,012,0,232,46,689,Curva 1.,4,44
152,52,124,739,0,049,-28,855,13,201,0,009,-12,608,1,000,0,000,0,000,-0,396,0,015,18,250,13,553,-0,229,-8,407,134,927,0,012,0,307,46,953,Curva 1.,4,46
152,54,125,002,0,049,-29,104,12,892,0,005,-12,681,1,000,0,000,0,000,-0,399,0,011,18,079,13,651,-0,312,-8,129,135,792,0,011,0,388,47,212,Curva 1.,4,48
152,56,125,260,0,049,-29,353,12,594,0,008,-12,746,1,000,0,000,0,000,-0,413,0,013,17,913,13,036,0,093,-7,893,136,664,0,008,0,281,47,467,Curva 1.,4,50
152,58,125,511,0,050,-29,604,12,294,0,010,-12,802,1,000,0,000,0,000,-0,426,0,014,17,744,12,943,0,040,-8,049,137,535,0,008,0,239,47,718,Curva 1.,4,52
152,60,125,756,0,050,-29,856,11,989,0,006,-12,859,1,000,0,000,0,000,-0,430,0,012,17,576,13,285,-0,286,-7,977,138,406,0,011,0,342,47,963,Curva 1.,4,54
152,62,125,996,0,050,-30,109,11,689,0,005,-12,912,1,000,0,000,0,000,-0,437,0,012,17,412,13,121,-0,118,-7,753,139,283,0,014,0,336,48,204,Curva 1.,4,56
152,64,126,230,0,050,-30,363,11,392,0,009,-12,959,1,000,0,000,0,000,-0,446,0,016,17,248,12,912,0,142,-7,752,140,165,0,015,0,249,48,441,Curva 1.,4,58
152,66,126,457,0,050,-30,618,11,089,0,007,-13,001,1,000,0,000,0,000,-0,450,0,015,17,082,13,110,-0,145,-7,850,141,049,0,019,0,284,48,673,Curva 1.,4,60
152,68,126,679,0,050,-30,875,10,786,0,004,-13,043,1,000,0,000,0,000,-0,452,0,014,16,920,13,215,-0,233,-7,675,141,940,0,023,0,345,48,900,Curva 1.,4,62
152,70,126,895,0,050,-31,131,10,491,0,006,-13,079,1,000,0,000,0,000,-0,460,0,016,16,760,12,839,0,011,-7,504,142,839,0,025,0,286,49,123,Curva 1.,4,64
152,72,127,105,0,051,-31,388,10,196,0,007,-13,108,1,000,0,000,0,000,-0,469,0,017,16,600,12,758,0,004,-7,569,143,742,0,027,0,252,49,341,Curva 1.,4,66
152,74,127,309,0,051,-31,647,9,898,0,004,-13,135,1,000,0,000,0,000,-0,473,0,016,16,440,12,912,-0,227,-7,509,144,648,0,030,0,313,49,555,Curva 1.,4,68
152,76,127,508,0,051,-31,905,9,606,0,003,-13,158,1,000,0,000,0,000,-0,481,0,015,16,284,12,713,-0,137,-7,305,145,560,0,032,0,314,49,764,Curva 1.,4,70
152,78,127,701,0,051,-32,164,9,317,0,005,-13,175,1,000,0,000,0,000,-0,491,0,017,16,129,12,499,0,035,-7,281,146,476,0,034,0,259,49,969,Curva 1.,4,72
152,80,127,888,0,051,-32,424,9,024,0,004,-13,188,1,000,0,000,0,000,-0,496,0,016,15,972,12,689,-0,131,-7,328,147,396,0,037,0,282,50,170,Curva 1.,4,74
152,82,128,069,0,051,-32,683,8,732,0,001,-13,199,1,000,0,000,0,000,-0,499,0,015,15,818,12,736,-0,189,-7,225,148,322,0,039,0,321,50,366,Curva 1.,4,76
152,84,128,245,0,051,-32,943,8,444,0,002,-13,205,1,000,0,000,0,000,-0,506,0,016,15,666,12,522,-0,028,-7,084,149,255,0,040,0,285,50,557,Curva 1.,4,78
152,86,128,416,0,051,-33,203,8,157,0,003,-13,205,1,000,0,000,0,000,-0,514,0,016,15,513,12,434,-0,031,-7,114,150,192,0,042,0,263,50,745,Curva 1.,4,80
152,88,128,580,0,051,-33,463,7,869,0,001,-13,203,1,000,0,000,0,000,-0,518,0,015,15,361,12,562,-0,169,-7,069,151,135,0,044,0,303,50,927,Curva 1.,4,82
152,90,128,739,0,051,-33,723,7,585,0,000,-13,196,1,000,0,000,0,000,-0,524,0,015,15,212,12,402,-0,103,-6,928,152,083,0,045,0,305,51,106,Curva 1.,4,84
152,92,128,893,0,051,-33,983,7,306,0,002,-13,185,1,000,0,000,0,000,-0,533,0,016,15,064,12,179,0,025,-6,867,153,034,0,045,0,268,51,280,Curva 1.,4,86
152,94,129,040,0,051,-34,242,7,025,0,002,-13,168,1,000,0,000,0,000,-0,538,0,017,14,915,12,273,-0,073,-6,901,153,988,0,047,0,286,51,450,Curva 1.,4,88
152,96,129,182,0,051,-34,502,6,742,0,001,-13,149,1,000,0,000,0,000,-0,540,0,016,14,767,12,401,-0,124,-6,824,154,949,0,048,0,318,51,615,Curva 1.,4,90
152,98,129,320,0,051,-34,761,6,465,0,003,-13,126,1,000,0,000,0,000,-0,545,0,017,14,622,12,179,0,023,-6,730,155,915,0,047,0,286,51,776,Curva 1.,4,92
153,00,129,451,0,052,-35,019,6,190,0,004,-13,097,1,000,0,000,0,000,-0,551,0,018,14,476,12,073,0,013,-6,724,156,884,0,046,0,265,51,933,Curva 1.,4,94
153,02,129,577,0,052,-35,277,5,915,0,003,-13,065,1,000,0,000,0,000,-0,554,0,017,14,331,12,114,-0,136,-6,674,157,856,0,045,0,298,52,086,Curva 1.,4,96
153,04,129,698,0,052,-35,535,5,645,0,002,-13,029,1,000,0,000,0,000,-0,559,0,015,14,189,11,954,-0,118,-6,539,158,831,0,043,0,298,52,234,Curva 1.,4,98
153,06,129,814,0,052,-35,792,5,380,0,002,-12,989,1,000,0,000,0,000,-0,566,0,015,14,047,11,719,-0,033,-6,474,159,808,0,041,0,264,52,379,Curva 1.,5,00
153,08,129,924,0,052,-36,048,5,117,0,001,-12,943,1,000,0,000,0,000,-0,572,0,014,13,906,11,681,-0,105,-6,468,160,783,0,039,0,271,52,519,Curva 1.,5,02
153,10,130,029,0,052,-36,303,4,857,0,000,-12,895,1,000,0,000,0,000,-0,576,0,012,13,767,11,622,-0,136,-6,371,161,758,0,038,0,293,52,654,Curva 1.,5,04
153,12,130,129,0,052,-36,557,4,602,0,001,-12,843,1,000,0,000,0,000,-0,582,0,012,13,630,11,394,-0,022,-6,278,162,730,0,037,0,274,52,786,Curva 1.,5,06
153,14,130,224,0,052,-36,810,4,350,0,002,-12,786,1,000,0,000,0,000,-0,586,0,013,13,493,11,289,-0,008,-6,268,163,698,0,037,0,260,52,914,Curva 1.,5,08
153,16,130,314,0,052,-37,062,4,099,0,002,-12,725,1,000,0,000,0,000,-0,587,0,014,13,356,11,284,-0,024,-6,248,164,662,0,038,0,277,53,038,Curva 1.,5,10
153,18,130,399,0,052,-37,313,3,852,0,003,-12,661,1,000,0,000,0,000,-0,587,0,015,13,221,11,177,-0,021,-6,169,165,620,0,039,0,277,53,158,Curva 1.,5,12
153,20,130,480,0,052,-37,563,3,609,0,004,-12,593,1,000,0,000,0,000,-0,586,0,016,13,087,10,997,0,005,-6,142,166,572,0,040,0,257,53,274,Curva 1.,5,14
153,22,130,555,0,052,-37,812,3,370,0,004,-12,520,1,000,0,000,0,000,-0,584,0,016,12,953,10,924,-0,054,-6,124,167,517,0,041,0,259,53,386,Curva 1.,5,16
153,24,130,626,0,052,-38,059,3,133,0,003,-12,445,1,000,0,000,0,000,-0,579,0,015,12,820,10,844,-0,112,-6,068,168,457,0,042,0,269,53,494,Curva 1.,5,18
153,26,130,692,0,052,-38,305,2,901,0,003,-12,366,1,000,0,000,0,000,-0,574,0,015,12,689,10,690,-0,070,-6,011,169,391,0,042,0,258,53,598,Curva 1.,5,20
153,28,130,753,0,052,-38,549,2,671,0,003,-12,284,1,000,0,000,0,000,-0,567,0,014,12,558,10,620,-0,057,-5,990,170,319,0,042,0,250,53,699,Curva 1.,5,22
153,30,130,810,0,052,-38,792,2,443,0,002,-12,198,1,000,0,146,0,000,-0,557,0,014,12,428,10,612,-0,089,-5,951,171,242,0,043,0,260,53,795,Curva 1.,5,24
153,32,130,862,0,052,-39,033,2,218,0,002,-12,110,1,000,0,146,0,000,-0,545,0,013,12,299,10,560,-0,060,-5,906,172,160,0,043,0,261,53,888,Curva 1.,5,26
153,34,130,910,0,052,-39,272,1,995,0,002,-12,020,1,000,0,434,0,000,-0,530,0,014,12,172,10,539,-0,013,-5,837,173,071,0,043,0,252,53,977,Curva 1.,5,28
153,36,130,953,0,052,-39,510,1,771,0,003,-11,927,1,000,0,434,0,000,-0,509,0,014,12,047,10,618,-0,038,-5,771,173,973,0,043,0,258,54,063,Curva 1.,5,30
153,38,130,992,0,052,-39,746,1,547,0,003,-11,837,1,000,0,434,0,000,-0,481,0,014,11,928,10,765,-0,043,-5,500,174,866,0,041,0,271,54,144,Curva 1.,5,32
153,40,131,026,0,052,-39,980,1,326,0,004,-11,747,1,000,0,434,0,000,-0,450,0,013,11,813,10,698,-0,027,-5,275,175,745,0,038,0,262,54,222,Curva 1.,5,34
153,42,131,055,0,052,-40,213,1,107,0,004,-11,659,1,000,0,434,0,000,-0,415,0,012,11,705,10,635,-0,036,-5,040,176,603,0,033,0,251,54,296,Curva 1.,5,36
153,44,131,080,0,052,-40,444,0,891,0,003,-11,571,1,000,0,524,0,000,-0,372,0,011,11,600,10,601,-0,085,-4,881,177,434,0,029,0,258,54,366,Curva 1.,5,38
153,46,131,101,0,052,-40,673,0,669,0,002,-11,482,1,000,0,658,0,000,-0,317,0,009,11,497,10,950,-0,111,-4,832,178,243,0,027,0,283,54,431,Curva 1.,5,40
153,48,131,116,0,053,-40,901,0,438,0,002,-11,393,1,000,0,658,0,000,-0,247,0,009,11,399,11,489,-0,037,-4,620,179,038,0,025,0,298,54,493,Curva 1.,5,42
153,50,131,127,0,053,-41,127,0,212,0,004,-11,308,1,000,0,658,0,000,-0,175,0,010,11,309,11,303,0,036,-4,278,179,816,0,023,0,268,54,551,Curva 1.,5,44
153,52,131,134,0,053,-41,351,-0,009,0,004,-11,229,1,000,0,952,0,000,-0,104,0,008,11,228,11,061,-0,053,-3,866,180,575,0,018,0,254,54,605,Curva 1.,5,46
153,54,131,136,0,053,-41,575,-0,222,0,002,-11,158,1,000,0,952,0,000,-0,034,0,004,11,161,10,751,-0,173,-3,263,181,316,0,010,0,265,54,655,Curva 1.,5,48
153,56,131,134,0,052,-41,797,-0,425,0,000,-11,106,1,000,0,952,0,000,0,028,-0,001,11,114,10,234,-0,144,-2,251,182,045,-0,004,0,248,54,702,Curva 1.,5,50
153,58,131,128,0,052,-42,019,-0,616,-0,002,-11,071,1,000,0,952,0,000,0,081,-0,006,11,088,9,638,-0,103,-1,296,182,767,359,978,0,216,54,746,Curva 1.,5,52
153,60,131,118,0,052,-42,240,-0,799,-0,004,-11,049,1,000,0,952,0,000,0,127,-0,012,11,077,9,193,-0,135,-0,551,183,480,359,960,0,215,54,787,Curva 1.,5,54
153,62,131,105,0,052,-42,462,-0,973,-0,005,-11,043,1,000,1,000,0,000,0,164,-0,016,11,085,8,678,-0,103,0,366,184,186,359,944,0,214,54,826,Curva 1.,5,56
153,64,131,088,0,052,-42,683,-1,138,-0,004,-11,055,1,000,1,000,0,000,0,192,-0,019,11,112,8,181,0,004,1,268,184,887,359,929,0,190,54,862,Curva 1.,5,58
153,66,131,068,0,051,-42,905,-1,300,-0,003,-11,080,1,000,1,000,0,000,0,215,-0,020,11,154,7,919,0,016,2,031,185,588,359,917,0,186,54,896,Curva 1.,5,60
153,68,131,045,0,051,-43,128,-1,458,-0,002,-11,118,1,000,1,000,0,000,0,230,-0,022,11,210,7,643,0,017,2,742,186,294,359,907,0,191,54,928,Curva 1.,5,62
153,70,131,019,0,051,-43,353,-1,611,-0,001,-11,165,1,000,1,000,0,000,0,237,-0,022,11,278,7,323,0,026,3,280,187,005,359,898,0,178,54,958,Curva 1.,5,64
153,72,130,990,0,051,-43,578,-1,762,-0,001,-11,218,1,000,1,000,0,000,0,239,-0,023,11,353,7,141,0,007,3,635,187,721,359,892,0,168,54,986,Curva 1.,5,66
153,74,130,958,0,051,-43,804,-1,914,-0,001,-11,274,1,000,1,000,0,000,0,238,-0,024,11,433,7,096,-0,051,3,922,188,445,359,888,0,179,55,013,Curva 1.,5,68
153,76,130,923,0,051,-44,032,-2,066,-0,001,-11,334,1,000,1,000,0,000,0,232,-0,025,11,519,7,027,-0,038,4,170,189,177,359,886,0,180,55,038,Curva 1.,5,70
153,78,130,885,0,051,-44,261,-2,219,-0,002,-11,395,1,000,1,000,0,000,0,224,-0,026,11,607,7,021,-0,044,4,316,189,917,359,883,0,171,55,062,Curva 1.,5,72
153,80,130,844,0,051,-44,491,-2,375,-0,002,-11,456,1,000,1,000,0,000,0,214,-0,027,11,697,7,070,-0,050,4,413,190,665,359,882,0,176,55,084,Curva 1.,5,74
153,82,130,800,0,051,-44,723,-2,531,-0,002,-11,516,1,000,1,000,0,000,0,200,-0,028,11,789,7,044,-0,049,4,519,191,420,359,880,0,179,55,104,Curva 1.,5,76
153,84,130,752,0,051,-44,955,-2,689,-0,002,-11,577,1,000,1,000,0,000,0,186,-0,028,11,884,7,111,-0,030,4,624,192,180,359,878,0,179,55,123,Curva 1.,5,78
153,86,130,702,0,051,-45,190,-2,851,-0,002,-11,636,1,000,1,000,0,000,0,172,-0,028,11,979,7,213,-0,017,4,679,192,945,359,876,0,180,55,140,Curva 1.,5,80
153,88,130,648,0,051,-45,425,-3,016,-0,002,-11,693,1,000,1,000,0,000,0,158,-0,029,12,075,7,346,-0,034,4,749,193,716,359,874,0,187,55,155,Curva 1.,5,82
153,90,130,591,0,051,-45,662,-3,184,-0,002,-11,749,1,000,1,000,0,000,0,143,-0,029,12,172,7,429,-0,017,4,814,194,491,359,872,0,189,55,169,Curva 1.,5,84
153,92,130,530,0,051,-45,899,-3,356,-0,001,-11,803,1,000,1,000,0,000,0,128,-0,030,12,270,7,578,-0,020,4,863,195,271,359,870,0,190,55,180,Curva 1.,5,86
153,94,130,466,0,051,-46,138,-3,532,-0,001,-11,854,1,000,1,000,0,000,0,115,-0,030,12,369,7,751,-0,028,4,897,196,058,359,868,0,197,55,190,Curva 1.,5,88
153,96,130,399,0,051,-46,378,-3,712,-0,001,-11,903,1,000,1,000,0,000,0,102,-0,031,12,468,7,889,-0,047,4,939,196,851,359,867,0,201,55,198,Curva 1.,5,90
153,98,130,327,0,050,-46,619,-3,893,-0,001,-11,950,1,000,1,000,0,000,0,087,-0,031,12,568,7,936,-0,039,4,999,197,649,359,865,0,197,55,203,Curva 1.,5,92
154,00,130,252,0,050,-46,861,-4,076,-0,002,-11,995,1,000,1,000,0,000,0,070,-0,032,12,669,7,943,-0,064,5,031,198,450,359,864,0,195,55,207,Curva 1.,5,94
154,02,130,174,0,050,-47,104,-4,262,-0,002,-12,038,1,000,1,000,0,000,0,053,-0,033,12,770,8,073,-0,068,5,086,199,254,359,862,0,205,55,209,Curva 1.,5,96
154,04,130,091,0,050,-47,348,-4,450,-0,003,-12,079,1,000,1,000,0,000,0,036,-0,034,12,872,8,142,-0,071,5,135,200,061,359,860,0,207,55,208,Curva 1.,5,98
154,06,130,005,0,050,-47,593,-4,641,-0,002,-12,117,1,000,1,000,0,000,0,020,-0,035,12,975,8,258,-0,024,5,183,200,871,359,858,0,205,55,206,Curva 1.,6,00
154,08,129,915,0,050,-47,839,-4,836,-0,002,-12,152,1,000,1,000,0,000,0,003,-0,035,13,078,8,394,-0,027,5,210,201,684,359,856,0,211,55,201,Curva 1.,6,02
154,10,129,821,0,050,-48,085,-5,034,-0,002,-12,183,1,000,1,000,0,000,-0,012,-0,035,13,182,8,568,-0,040,5,256,202,500,359,855,0,219,55,194,Curva 1.,6,04
154,12,129,723,0,050,-48,332,-5,236,-0,001,-12,212,1,000,1,000,0,000,-0,027,-0,035,13,287,8,695,-0,022,5,296,203,322,359,853,0,219,55,185,Curva 1.,6,06
154,14,129,620,0,050,-48,580,-5,441,-0,001,-12,236,1,000,1,000,0,000,-0,041,-0,036,13,391,8,850,-0,027,5,310,204,148,359,851,0,220,55,173,Curva 1.,6,08
154,16,129,514,0,050,-48,828,-5,648,-0,001,-12,258,1,000,1,000,0,000,-0,057,-0,036,13,496,8,935,-0,057,5,355,204,979,359,850,0,223,55,159,Curva 1.,6,10
154,18,129,403,0,050,-49,076,-5,855,-0,002,-12,277,1,000,1,000,0,000,-0,075,-0,037,13,602,8,902,-0,068,5,396,205,813,359,849,0,221,55,143,Curva 1.,6,12
154,20,129,289,0,050,-49,325,-6,065,-0,002,-12,294,1,000,1,000,0,000,-0,093,-0,038,13,708,9,009,-0,080,5,425,206,649,359,847,0,225,55,124,Curva 1.,6,14
154,22,129,169,0,050,-49,575,-6,278,-0,003,-12,306,1,000,1,000,0,000,-0,111,-0,039,13,814,9,158,-0,076,5,445,207,488,359,846,0,233,55,102,Curva 1.,6,16
154,24,129,046,0,050,-49,825,-6,492,-0,003,-12,314,1,000,1,000,0,000,-0,129,-0,040,13,920,9,245,-0,052,5,478,208,330,359,844,0,232,55,078,Curva 1.,6,18
154,26,128,918,0,050,-50,074,-6,709,-0,002,-12,319,1,000,1,000,0,000,-0,148,-0,041,14,027,9,335,-0,038,5,496,209,175,359,842,0,230,55,052,Curva 1.,6,20
154,28,128,786,0,050,-50,324,-6,929,-0,002,-12,320,1,000,1,000,0,000,-0,165,-0,041,14,133,9,518,-0,057,5,518,210,024,359,840,0,239,55,022,Curva 1.,6,22
154,30,128,649,0,050,-50,574,-7,152,-0,002,-12,316,1,000,1,000,0,000,-0,183,-0,041,14,240,9,645,-0,035,5,549,210,878,359,839,0,244,54,990,Curva 1.,6,24
154,32,128,508,0,050,-50,825,-7,376,-0,002,-12,309,1,000,1,000,0,000,-0,202,-0,041,14,348,9,718,-0,033,5,581,211,736,359,837,0,240,54,956,Curva 1.,6,26
154,34,128,363,0,050,-51,074,-7,601,-0,001,-12,297,0,826,1,000,0,000,-0,221,-0,042,14,455,9,794,-0,053,5,593,212,596,359,836,0,241,54,919,Curva 1.,6,28
154,36,128,212,0,049,-51,324,-7,828,-0,002,-12,282,0,826,1,000,0,000,-0,241,-0,043,14,562,9,907,-0,090,5,611,213,461,359,835,0,250,54,878,Curva 1.,6,30
154,38,128,057,0,049,-51,574,-8,056,-0,002,-12,262,0,690,1,000,0,000,-0,262,-0,044,14,669,9,956,-0,075,5,627,214,328,359,834,0,249,54,836,Curva 1.,6,32
154,40,127,898,0,049,-51,823,-8,281,-0,002,-12,244,0,690,1,000,0,000,-0,289,-0,045,14,778,9,722,-0,057,5,728,215,193,359,831,0,230,54,790,Curva 1.,6,34
154,42,127,734,0,049,-52,072,-8,498,-0,003,-12,228,0,690,1,000,0,000,-0,324,-0,046,14,888,9,218,-0,097,5,762,216,043,359,829,0,210,54,742,Curva 1.,6,36
154,44,127,566,0,049,-52,320,-8,718,-0,005,-12,208,0,690,1,000,0,000,-0,354,-0,049,14,998,9,429,-0,150,5,820,216,882,359,828,0,239,54,691,Curva 1.,6,38
154,46,127,392,0,049,-52,568,-8,941,-0,006,-12,185,0,690,1,000,0,000,-0,380,-0,050,15,109,9,540,-0,088,5,878,217,712,359,827,0,252,54,637,Curva 1.,6,40
154,48,127,215,0,049,-52,816,-9,166,-0,004,-12,157,0,690,1,000,0,000,-0,403,-0,049,15,220,9,682,0,037,5,911,218,534,359,825,0,234,54,580,Curva 1.,6,42
154,50,127,032,0,049,-53,062,-9,396,-0,002,-12,121,0,642,1,000,0,000,-0,421,-0,048,15,330,10,016,0,019,5,904,219,354,359,823,0,246,54,521,Curva 1.,6,44
154,52,126,845,0,049,-53,309,-9,624,-0,002,-12,086,0,642,1,000,0,000,-0,441,-0,048,15,443,9,846,-0,029,6,020,220,166,359,821,0,248,54,459,Curva 1.,6,46
154,54,126,654,0,049,-53,554,-9,843,-0,001,-12,057,0,642,1,000,0,000,-0,471,-0,049,15,558,9,192,-0,024,6,099,220,959,359,818,0,205,54,394,Curva 1.,6,48
154,56,126,458,0,049,-53,799,-10,066,-0,003,-12,024,0,593,1,000,0,000,-0,493,-0,051,15,673,9,428,-0,144,6,138,221,736,359,817,0,225,54,326,Curva 1.,6,50
154,58,126,257,0,049,-54,043,-10,288,-0,005,-11,988,0,593,1,000,0,000,-0,513,-0,053,15,789,9,429,-0,170,6,199,222,498,359,816,0,252,54,256,Curva 1.,6,52
154,60,126,051,0,048,-54,287,-10,508,-0,005,-11,953,0,593,1,000,0,000,-0,535,-0,054,15,906,9,149,-0,036,6,267,223,241,359,814,0,215,54,183,Curva 1.,6,54
154,62,125,841,0,048,-54,530,-10,731,-0,004,-11,913,0,555,1,000,0,000,-0,548,-0,055,16,024,9,444,-0,027,6,294,223,971,359,812,0,220,54,107,Curva 1.,6,56
154,64,125,626,0,048,-54,771,-10,956,-0,005,-11,869,0,516,1,000,0,000,-0,558,-0,056,16,143,9,573,-0,102,6,354,224,689,359,810,0,252,54,028,Curva 1.,6,58
154,66,125,407,0,048,-55,012,-11,178,-0,003,-11,827,0,516,1,000,0,000,-0,570,-0,056,16,264,9,274,0,007,6,453,225,391,359,807,0,226,53,948,Curva 1.,6,60
154,68,125,183,0,048,-55,252,-11,403,-0,002,-11,782,0,390,1,000,0,000,-0,577,-0,056,16,386,9,413,-0,004,6,506,226,080,359,805,0,216,53,864,Curva 1.,6,62
154,70,124,955,0,048,-55,491,-11,628,-0,003,-11,734,0,390,1,000,0,000,-0,582,-0,058,16,510,9,444,-0,095,6,575,226,756,359,802,0,239,53,777,Curva 1.,6,64
154,72,124,722,0,048,-55,729,-11,848,-0,003,-11,692,0,390,1,000,0,000,-0,590,-0,059,16,635,9,025,-0,076,6,652,227,412,359,800,0,219,53,689,Curva 1.,6,66
154,74,124,484,0,048,-55,966,-12,070,-0,004,-11,646,0,293,1,000,0,000,-0,593,-0,061,16,762,9,102,-0,067,6,720,228,051,359,798,0,211,53,597,Curva 1.,6,68
154,76,124,242,0,048,-56,202,-12,289,-0,005,-11,602,0,293,1,000,0,000,-0,596,-0,063,16,890,8,897,-0,109,6,807,228,669,359,796,0,218,53,503,Curva 1.,6,70
154,78,123,995,0,048,-56,437,-12,501,-0,005,-11,568,0,293,1,000,0,000,-0,604,-0,065,17,021,8,220,-0,088,6,889,229,253,359,794,0,187,53,407,Curva 1.,6,72
154,80,123,744,0,047,-56,672,-12,716,-0,006,-11,530,0,293,1,000,0,000,-0,602,-0,066,17,154,8,359,-0,095,6,984,229,809,359,792,0,196,53,308,Curva 1.,6,74
154,82,123,488,0,047,-56,905,-12,933,-0,007,-11,489,0,293,1,000,0,000,-0,591,-0,068,17,289,8,524,-0,083,7,068,230,341,359,790,0,224,53,207,Curva 1.,6,76
154,84,123,228,0,047,-57,137,-13,152,-0,005,-11,447,0,293,1,000,0,000,-0,574,-0,068,17,427,8,518,0,023,7,169,230,851,359,787,0,210,53,104,Curva 1.,6,78
154,86,122,963,0,047,-57,369,-13,373,-0,003,-11,404,0,187,1,000,0,000,-0,553,-0,068,17,567,8,588,0,037,7,277,231,346,359,783,0,198,52,999,Curva 1.,6,80
154,88,122,694,0,047,-57,599,-13,593,-0,003,-11,364,0,187,1,000,0,000,-0,532,-0,069,17,709,8,366,-0,054,7,395,231,822,359,779,0,200,52,891,Curva 1.,6,82
154,90,122,420,0,047,-57,829,-13,806,-0,004,-11,333,0,187,1,000,0,000,-0,515,-0,072,17,854,7,726,-0,075,7,481,232,268,359,776,0,176,52,781,Curva 1.,6,84
154,92,122,142,0,047,-58,058,-14,019,-0,005,-11,303,0,080,1,000,0,000,-0,492,-0,075,18,002,7,677,-0,119,7,589,232,686,359,773,0,179,52,670,Curva 1.,6,86
154,94,121,860,0,047,-58,286,-14,230,-0,006,-11,279,0,080,1,000,0,000,-0,467,-0,077,18,152,7,297,-0,128,7,711,233,072,359,771,0,176,52,556,Curva 1.,6,88
154,96,121,573,0,046,-58,514,-14,434,-0,007,-11,268,0,080,1,000,0,000,-0,445,-0,080,18,306,6,539,-0,082,7,825,233,416,359,769,0,137,52,441,Curva 1.,6,90
154,98,121,282,0,046,-58,741,-14,640,-0,008,-11,256,0,041,1,000,0,000,-0,412,-0,082,18,462,6,547,-0,087,7,961,233,723,359,766,0,150,52,325,Curva 1.,6,92
155,00,120,986,0,046,-58,968,-14,843,-0,008,-11,253,0,041,1,000,0,000,-0,377,-0,084,18,622,6,099,-0,069,8,096,233,992,359,763,0,153,52,207,Curva 1.,6,94
155,02,120,687,0,046,-59,196,-15,036,-0,007,-11,266,0,022,1,000,0,000,-0,345,-0,085,18,785,5,150,0,013,8,238,234,211,359,760,0,095,52,088,Curva 1.,6,96
155,04,120,383,0,046,-59,422,-15,230,-0,007,-11,284,0,022,1,000,0,000,-0,305,-0,087,18,952,4,908,-0,030,8,392,234,387,359,756,0,097,51,968,Curva 1.,6,98
155,06,120,075,0,046,-59,649,-15,421,-0,007,-11,309,0,051,1,000,0,000,-0,259,-0,089,19,121,4,488,-0,053,8,505,234,521,359,752,0,118,51,847,Curva 1.,7,00
155,08,119,764,0,045,-59,877,-15,606,-0,006,-11,345,0,051,1,000,0,000,-0,214,-0,091,19,293,3,893,-0,019,8,599,234,617,359,749,0,083,51,726,Curva 1.,7,02
155,10,119,448,0,045,-60,106,-15,785,-0,006,-11,391,0,051,1,000,0,000,-0,170,-0,092,19,465,3,314,-0,021,8,611,234,685,359,747,0,049,51,606,Curva 1.,7,04
155,12,119,129,0,045,-60,335,-15,958,-0,006,-11,441,0,051,1,000,0,000,-0,127,-0,093,19,635,2,945,-0,059,8,534,234,733,359,746,0,067,51,485,Curva 1.,7,06
155,14,118,807,0,045,-60,565,-16,123,-0,007,-11,500,0,051,1,000,0,000,-0,091,-0,094,19,803,2,362,-0,058,8,399,234,765,359,747,0,059,51,365,Curva 1.,7,08
155,16,118,482,0,045,-60,797,-16,277,-0,006,-11,566,0,051,1,000,0,000,-0,064,-0,094,19,968,1,753,-0,027,8,236,234,788,359,749,0,020,51,247,Curva 1.,7,10
155,18,118,153,0,045,-61,030,-16,426,-0,006,-11,635,0,129,1,000,0,000,-0,042,-0,094,20,128,1,453,-0,032,8,036,234,809,359,752,0,020,51,129,Curva 1.,7,12
155,20,117,822,0,045,-61,264,-16,568,-0,006,-11,704,0,129,1,000,0,000,-0,024,-0,093,20,285,1,265,-0,033,7,820,234,829,359,754,0,042,51,013,Curva 1.,7,14
155,22,117,488,0,045,-61,499,-16,705,-0,006,-11,774,0,129,1,000,0,000,-0,011,-0,093,20,437,1,066,-0,009,7,614,234,853,359,756,0,026,50,899,Curva 1.,7,16
155,24,117,152,0,045,-61,737,-16,836,-0,005,-11,846,0,129,1,000,0,000,-0,005,-0,092,20,586,0,857,-0,001,7,427,234,883,359,758,0,005,50,787,Curva 1.,7,18
155,26,116,812,0,044,-61,975,-16,968,-0,005,-11,910,0,129,1,000,0,000,0,004,-0,092,20,731,1,173,-0,013,7,263,234,924,359,758,0,037,4,907,,7,20
155,28,116,471,0,044,-62,215,-17,103,-0,005,-11,966,0,129,1,000,0,000,0,014,-0,093,20,873,1,587,-0,024,7,104,234,983,359,758,0,066,4,942,,7,22
155,30,116,126,0,044,-62,456,-17,232,-0,005,-12,023,0,090,1,000,0,000,0,015,-0,093,21,012,1,366,-0,018,6,936,235,056,359,758,0,023,5,012,,7,24
155,32,115,780,0,044,-62,698,-17,360,-0,005,-12,076,0,090,1,000,0,000,0,014,-0,094,21,147,1,447,-0,036,6,774,235,139,359,759,0,017,5,116,,7,26
155,34,115,430,0,044,-62,941,-17,488,-0,005,-12,125,0,000,1,000,0,000,0,015,-0,094,21,280,1,655,-0,046,6,643,235,225,359,760,0,060,5,252,,7,28
155,36,115,078,0,044,-63,185,-17,612,-0,005,-12,178,0,000,1,000,0,000,0,012,-0,095,21,411,1,351,-0,028,6,568,235,306,359,760,0,037,5,419,,7,30
155,38,114,724,0,044,-63,430,-17,730,-0,005,-12,234,0,000,1,000,0,000,0,005,-0,095,21,541,1,028,-0,029,6,462,235,379,359,760,-0,004,5,615,,7,32
155,40,114,368,0,044,-63,677,-17,845,-0,005,-12,291,0,000,1,000,0,000,0,002,-0,096,21,668,0,933,-0,028,6,377,235,436,359,759,0,018,5,837,,7,34
155,42,114,009,0,044,-63,924,-17,952,-0,005,-12,359,0,000,1,000,0,000,-0,004,-0,097,21,795,0,242,-0,030,6,328,235,466,359,759,0,010,6,083,,7,36
155,44,113,648,0,044,-64,173,-18,057,-0,005,-12,428,0,000,1,000,0,000,-0,006,-0,098,21,920,0,104,-0,026,6,284,235,477,359,757,359,988,6,352,,7,38
155,46,113,284,0,043,-64,423,-18,162,-0,005,-12,496,0,000,1,000,0,000,-0,002,-0,099,22,045,0,205,-0,021,6,241,235,478,359,756,0,006,6,639,,7,40
155,48,112,919,0,043,-64,674,-18,266,-0,005,-12,564,0,000,1,000,0,000,0,001,-0,100,22,169,0,135,-0,014,6,212,235,475,359,755,0,014,6,945,,7,42
155,50,112,552,0,043,-64,927,-18,367,-0,005,-12,635,0,000,1,000,0,000,0,001,-0,100,22,293,-0,053,-0,019,6,181,235,473,359,754,359,990,7,266,,7,44
155,52,112,182,0,043,-65,181,-18,469,-0,005,-12,704,0,000,1,000,0,000,0,002,-0,102,22,416,0,015,-0,026,6,155,235,471,359,752,359,993,7,602,,7,46
155,54,111,811,0,043,-65,436,-18,570,-0,005,-12,773,0,000,1,000,0,000,0,004,-0,103,22,539,0,036,-0,031,6,128,235,469,359,751,0,011,7,951,,7,48
155,56,111,438,0,043,-65,693,-18,670,-0,005,-12,844,0,000,1,000,0,000,0,002,-0,104,22,661,-0,089,-0,030,6,102,235,469,359,750,-0,001,8,312,,7,50
155,58,111,062,0,043,-65,951,-18,769,-0,005,-12,914,0,000,1,000,0,000,0,000,-0,105,22,782,-0,083,-0,037,6,075,235,469,359,749,359,988,8,684,,7,52
155,60,110,685,0,043,-66,211,-18,869,-0,005,-12,982,0,000,1,000,0,000,0,001,-0,106,22,903,0,032,-0,025,6,049,235,469,359,748,0,005,9,065,,7,54
155,62,110,305,0,043,-66,472,-18,968,-0,005,-13,051,0,000,1,000,0,000,0,001,-0,107,23,024,-0,007,-0,030,6,026,235,469,359,747,0,007,9,455,,7,56
155,64,109,924,0,042,-66,734,-19,066,-0,005,-13,120,0,000,1,000,0,000,-0,001,-0,108,23,144,-0,067,-0,028,6,001,235,469,359,745,359,991,9,853,,7,58
155,66,109,541,0,042,-66,998,-19,165,-0,005,-13,187,0,000,1,000,0,000,0,000,-0,109,23,263,0,024,-0,022,5,972,235,470,359,744,-0,001,10,259,,7,60
155,68,109,155,0,042,-67,263,-19,263,-0,005,-13,254,0,000,1,000,0,000,0,001,-0,110,23,382,0,047,-0,020,5,948,235,469,359,743,0,010,10,672,,7,62
155,70,108,768,0,042,-67,530,-19,361,-0,005,-13,322,0,000,1,000,0,000,0,000,-0,111,23,501,-0,044,-0,024,5,926,235,469,359,741,-0,004,11,091,,7,64
155,72,108,379,0,042,-67,797,-19,458,-0,005,-13,389,0,000,1,000,0,000,-0,001,-0,112,23,619,-0,020,-0,025,5,900,235,469,359,740,359,994,11,516,,7,66
155,74,107,988,0,042,-68,066,-19,555,-0,005,-13,455,0,000,1,000,0,000,0,000,-0,113,23,736,0,051,-0,032,5,872,235,469,359,739,0,007,11,947,,7,68
155,76,107,595,0,042,-68,337,-19,651,-0,005,-13,521,0,000,1,000,0,000,0,000,-0,114,23,853,-0,019,-0,034,5,845,235,469,359,738,0,002,12,383,,7,70
155,78,107,200,0,042,-68,609,-19,746,-0,005,-13,588,0,000,1,000,0,000,-0,001,-0,115,23,969,-0,044,-0,035,5,816,235,469,359,737,359,993,12,825,,7,72
155,80,106,803,0,042,-68,882,-19,842,-0,005,-13,653,0,000,1,000,0,000,0,000,-0,116,24,085,0,033,-0,025,5,785,235,469,359,736,0,002,13,271,,7,74
155,82,106,404,0,042,-69,156,-19,937,-0,005,-13,718,0,022,1,000,0,000,0,000,-0,117,24,200,0,020,-0,023,5,757,235,469,359,734,0,006,13,722,,7,76
155,84,106,004,0,041,-69,432,-20,031,-0,005,-13,783,0,022,1,000,0,000,0,000,-0,118,24,315,-0,041,-0,017,5,729,235,469,359,733,-0,006,14,177,,7,78
155,86,105,601,0,041,-69,709,-20,125,-0,005,-13,848,0,216,1,000,0,000,0,000,-0,119,24,429,0,010,-0,025,5,701,235,469,359,732,-0,003,14,636,,7,80
155,88,105,197,0,041,-69,987,-20,220,-0,005,-13,910,0,216,1,000,0,000,0,002,-0,120,24,542,0,149,-0,023,5,671,235,471,359,731,0,012,15,099,,7,82
155,90,104,791,0,041,-70,266,-20,316,-0,005,-13,969,0,216,1,000,0,000,0,004,-0,121,24,655,0,253,-0,031,5,640,235,479,359,729,0,011,15,566,,7,84
155,92,104,382,0,041,-70,547,-20,411,-0,005,-14,029,0,216,1,000,0,000,0,002,-0,122,24,767,0,216,-0,029,5,610,235,492,359,728,0,000,16,037,,7,86
155,94,103,972,0,041,-70,829,-20,506,-0,005,-14,088,0,245,1,000,0,000,0,002,-0,123,24,879,0,305,-0,027,5,578,235,506,359,727,0,006,16,511,,7,88
155,96,103,560,0,041,-71,111,-20,613,-0,005,-14,129,0,245,1,000,0,000,0,014,-0,124,24,990,1,322,-0,030,5,542,235,541,359,727,0,063,16,989,,7,90
155,98,103,146,0,041,-71,395,-20,734,-0,005,-14,146,0,245,1,000,0,000,0,031,-0,125,25,099,2,702,-0,030,5,487,235,625,359,726,0,113,17,469,,7,92
156,00,102,729,0,041,-71,679,-20,851,-0,004,-14,166,0,245,1,000,0,000,0,027,-0,126,25,208,2,459,0,005,5,432,235,747,359,724,0,046,17,953,,7,94
156,02,102,311,0,040,-71,964,-20,973,-0,004,-14,179,0,245,1,000,0,000,0,023,-0,127,25,315,2,901,-0,026,5,376,235,888,359,723,0,047,18,440,,7,96
156,04,101,889,0,040,-72,248,-21,102,-0,004,-14,178,0,235,1,000,0,000,0,030,-0,128,25,422,3,661,-0,048,5,343,236,037,359,722,0,131,18,929,,7,98
156,06,101,465,0,040,-72,533,-21,228,-0,005,-14,181,0,235,1,000,0,000,0,031,-0,129,25,529,3,364,-0,045,5,331,236,187,359,721,0,094,19,422,,8,00
156,08,101,039,0,040,-72,818,-21,352,-0,004,-14,186,0,235,1,000,0,000,0,028,-0,129,25,634,3,215,0,012,5,277,236,338,359,719,0,035,19,917,,8,02
156,10,100,610,0,040,-73,102,-21,480,-0,005,-14,182,0,235,1,000,0,000,0,036,-0,131,25,739,3,722,-0,069,5,252,236,486,359,718,0,101,20,414,,8,04
156,12,100,179,0,040,-73,387,-21,608,-0,005,-14,180,0,235,1,000,0,000,0,042,-0,133,25,845,3,598,-0,065,5,267,236,633,359,717,0,121,20,914,,8,06
156,14,99,745,0,040,-73,672,-21,729,-0,005,-14,185,0,235,1,000,0,000,0,038,-0,133,25,949,3,105,0,001,5,222,236,780,359,716,0,045,21,417,,8,08
156,16,99,308,0,040,-73,957,-21,854,-0,005,-14,184,0,235,1,000,0,000,0,038,-0,135,26,053,3,425,-0,038,5,186,236,929,359,715,0,065,21,921,,8,10
156,18,98,869,0,040,-74,241,-21,981,-0,005,-14,179,0,235,1,000,0,000,0,045,-0,136,26,157,3,695,-0,053,5,194,237,078,359,714,0,128,22,429,,8,12
156,20,98,428,0,040,-74,526,-22,102,-0,005,-14,181,0,235,1,000,0,000,0,041,-0,137,26,260,3,161,-0,010,5,166,237,225,359,712,0,072,22,939,,8,14
156,22,97,984,0,039,-74,811,-22,221,-0,005,-14,185,0,235,1,000,0,000,0,036,-0,138,26,363,3,052,-0,011,5,118,237,370,359,711,0,035,23,451,,8,16
156,24,97,538,0,039,-75,095,-22,346,-0,005,-14,180,0,235,1,000,0,000,0,042,-0,139,26,465,3,566,-0,054,5,110,237,511,359,710,0,109,23,965,,8,18
156,26,97,089,0,039,-75,380,-22,467,-0,005,-14,178,0,235,1,000,0,000,0,044,-0,140,26,567,3,319,-0,040,5,093,237,650,359,709,0,106,24,482,,8,20
156,28,96,638,0,039,-75,665,-22,584,-0,004,-14,182,0,235,1,000,0,000,0,038,-0,140,26,667,2,936,0,011,5,029,237,791,359,708,0,035,25,002,,8,22
156,30,96,185,0,039,-75,949,-22,704,-0,004,-14,178,0,235,1,000,0,000,0,040,-0,141,26,767,3,389,-0,039,4,995,237,931,359,707,0,076,25,523,,8,24
156,32,95,729,0,039,-76,233,-22,826,-0,005,-14,171,0,235,1,000,0,000,0,045,-0,143,26,867,3,523,-0,051,4,988,238,071,359,706,0,124,26,047,,8,26
156,34,95,271,0,039,-76,518,-22,942,-0,004,-14,172,0,235,1,000,0,000,0,040,-0,143,26,966,3,021,-0,010,4,933,238,210,359,705,0,059,26,573,,8,28
156,36,94,810,0,039,-76,803,-23,059,-0,004,-14,169,0,235,1,000,0,000,0,037,-0,144,27,063,3,182,-0,021,4,878,238,351,359,704,0,046,27,101,,8,30
156,38,94,347,0,039,-77,087,-23,179,-0,005,-14,158,0,235,1,000,0,000,0,044,-0,146,27,161,3,619,-0,050,4,865,238,491,359,703,0,118,27,631,,8,32
156,40,93,882,0,039,-77,371,-23,296,-0,005,-14,152,0,235,1,000,0,000,0,044,-0,147,27,257,3,264,-0,043,4,839,238,629,359,702,0,092,28,163,,8,34
156,42,93,415,0,038,-77,655,-23,409,-0,004,-14,150,0,235,1,000,0,000,0,038,-0,147,27,353,3,042,0,006,4,776,238,769,359,701,0,036,28,698,,8,36
156,44,92,944,0,038,-77,939,-23,527,-0,005,-14,138,0,235,1,000,0,000,0,042,-0,149,27,448,3,551,-0,048,4,746,238,909,359,700,0,094,29,234,,8,38
156,46,92,472,0,038,-78,222,-23,645,-0,005,-14,126,0,235,1,000,0,000,0,046,-0,150,27,543,3,517,-0,044,4,739,239,047,359,699,0,118,29,772,,8,40
156,48,91,998,0,038,-78,506,-23,756,-0,004,-14,122,0,235,1,000,0,000,0,040,-0,150,27,636,3,047,0,010,4,684,239,187,359,698,0,048,30,313,,8,42
156,50,91,521,0,038,-78,789,-23,870,-0,004,-14,111,0,235,1,000,0,000,0,040,-0,151,27,729,3,374,-0,043,4,638,239,327,359,697,0,063,30,855,,8,44
156,52,91,042,0,038,-79,072,-23,988,-0,005,-14,095,0,235,1,000,0,000,0,047,-0,153,27,822,3,694,-0,048,4,629,239,465,359,696,0,126,31,400,,8,46
156,54,90,560,0,038,-79,355,-24,100,-0,005,-14,085,0,313,1,000,0,000,0,044,-0,153,27,914,3,238,-0,020,4,591,239,604,359,695,0,077,31,946,,8,48
156,56,90,077,0,038,-79,637,-24,210,-0,004,-14,076,0,313,1,000,0,000,0,039,-0,154,28,004,3,195,-0,007,4,534,239,745,359,694,0,042,32,495,,8,50
156,58,89,591,0,038,-79,919,-24,325,-0,005,-14,058,0,313,1,000,0,000,0,045,-0,155,28,095,3,676,-0,048,4,515,239,884,359,693,0,108,33,045,,8,52
156,60,89,103,0,038,-80,201,-24,438,-0,005,-14,042,0,322,1,000,0,000,0,047,-0,156,28,185,3,478,-0,036,4,498,240,022,359,692,0,107,33,597,,8,54
156,62,88,612,0,037,-80,483,-24,550,-0,004,-14,025,0,322,1,000,0,000,0,045,-0,157,28,273,3,537,-0,002,4,430,240,170,359,691,0,064,34,151,,8,56
156,64,88,120,0,037,-80,764,-24,671,-0,004,-13,989,0,322,1,000,0,000,0,053,-0,158,28,361,4,581,-0,038,4,367,240,339,359,690,0,126,34,707,,8,58
156,66,87,624,0,037,-81,044,-24,792,-0,004,-13,951,0,322,1,000,0,000,0,055,-0,158,28,447,4,625,-0,034,4,335,240,521,359,690,0,143,35,264,,8,60
156,68,87,127,0,037,-81,324,-24,909,-0,003,-13,917,0,322,1,000,0,000,0,048,-0,158,28,533,4,319,0,024,4,289,240,709,359,688,0,078,35,823,,8,62
156,70,86,627,0,037,-81,603,-25,030,-0,004,-13,875,0,322,1,000,0,000,0,050,-0,160,28,618,4,813,-0,055,4,244,240,898,359,687,0,105,36,384,,8,64
156,72,86,125,0,037,-81,881,-25,154,-0,004,-13,826,0,322,1,000,0,000,0,060,-0,162,28,703,5,135,-0,077,4,241,241,084,359,686,0,160,36,947,,8,66
156,74,85,620,0,037,-82,158,-25,272,-0,004,-13,785,0,467,1,000,0,000,0,059,-0,162,28,787,4,616,-0,020,4,212,241,271,359,685,0,102,37,511,,8,68
156,76,85,113,0,037,-82,434,-25,390,-0,004,-13,744,0,467,1,000,0,000,0,057,-0,163,28,870,4,620,-0,024,4,156,241,459,359,684,0,077,38,077,,8,70
156,78,84,604,0,037,-82,709,-25,511,-0,005,-13,694,0,467,1,000,0,000,0,064,-0,165,28,953,5,070,-0,074,4,145,241,646,359,683,0,148,38,644,,8,72
156,80,84,092,0,037,-82,984,-25,629,-0,005,-13,649,0,467,1,000,0,000,0,065,-0,166,29,036,4,750,-0,045,4,146,241,832,359,682,0,133,39,213,,8,74
156,82,83,578,0,037,-83,258,-25,743,-0,004,-13,609,0,467,1,000,0,000,0,059,-0,166,29,118,4,445,0,015,4,089,242,021,359,681,0,071,39,783,,8,76
156,84,83,061,0,036,-83,530,-25,861,-0,004,-13,559,0,467,1,000,0,000,0,062,-0,167,29,199,4,969,-0,039,4,048,242,209,359,680,0,122,40,355,,8,78
156,86,82,543,0,036,-83,801,-25,979,-0,005,-13,507,0,516,1,000,0,000,0,067,-0,169,29,280,5,046,-0,055,4,054,242,397,359,680,0,158,40,929,,8,80
156,88,82,021,0,036,-84,072,-26,099,-0,004,-13,450,0,516,1,000,0,000,0,069,-0,169,29,360,5,296,0,006,3,982,242,602,359,679,0,124,41,504,,8,82
156,90,81,498,0,036,-84,341,-26,228,-0,003,-13,366,0,516,1,000,0,000,0,077,-0,169,29,437,6,679,-0,007,3,864,242,845,359,678,0,175,42,081,,8,84
156,92,80,972,0,036,-84,609,-26,359,-0,003,-13,277,0,593,1,000,0,000,0,078,-0,169,29,513,6,932,-0,019,3,811,243,112,359,677,0,196,42,658,,8,86
156,94,80,443,0,036,-84,875,-26,489,-0,002,-13,185,0,593,1,000,0,000,0,075,-0,169,29,589,7,045,0,000,3,768,243,394,359,677,0,159,43,238,,8,88
156,96,79,911,0,036,-85,138,-26,625,-0,002,-13,077,0,593,1,000,0,000,0,081,-0,170,29,663,7,846,-0,062,3,694,243,685,359,676,0,191,43,818,,8,90
156,98,79,377,0,036,-85,400,-26,762,-0,003,-12,964,0,603,1,000,0,000,0,090,-0,172,29,736,8,062,-0,091,3,676,243,978,359,675,0,219,44,399,,8,92
157,00,78,841,0,036,-85,659,-26,898,-0,003,-12,850,0,603,1,000,0,000,0,095,-0,173,29,809,8,085,-0,042,3,637,244,280,359,674,0,191,44,982,,8,94
157,02,78,301,0,036,-85,916,-27,037,-0,003,-12,723,0,651,1,000,0,000,0,103,-0,175,29,880,8,719,-0,077,3,564,244,601,359,672,0,208,45,566,,8,96
157,04,77,759,0,036,-86,170,-27,177,-0,004,-12,592,0,651,1,000,0,000,0,107,-0,176,29,951,8,906,-0,078,3,545,244,934,359,672,0,232,46,150,,8,98
157,06,77,214,0,036,-86,422,-27,315,-0,003,-12,461,0,661,1,000,0,000,0,106,-0,177,30,022,8,807,-0,045,3,548,245,273,359,670,0,210,46,736,,9,00
157,08,76,666,0,036,-86,672,-27,454,-0,003,-12,323,0,661,1,000,0,000,0,108,-0,177,30,092,9,167,-0,044,3,489,245,619,359,669,0,213,47,322,,9,02
157,10,76,115,0,036,-86,918,-27,597,-0,004,-12,173,0,661,1,000,0,000,0,117,-0,179,30,162,9,759,-0,079,3,457,245,974,359,669,0,258,47,910,,9,04
157,12,75,562,0,035,-87,161,-27,737,-0,003,-12,026,0,661,1,000,0,000,0,118,-0,179,30,231,9,578,-0,034,3,463,246,336,359,667,0,235,48,498,,9,06
157,14,75,005,0,035,-87,402,-27,875,-0,002,-11,877,0,661,1,000,0,000,0,116,-0,180,30,299,9,539,-0,023,3,418,246,701,359,666,0,206,49,088,,9,08
157,16,74,446,0,035,-87,639,-28,014,-0,005,-11,721,0,661,1,000,0,000,0,121,-0,182,30,367,9,899,-0,184,3,368,247,066,359,667,0,254,49,678,,9,10
157,18,73,884,0,035,-87,873,-28,153,-0,004,-11,566,0,671,1,000,0,000,0,125,-0,182,30,435,9,809,-0,008,3,400,247,428,359,665,0,249,50,268,,9,12
157,20,73,320,0,035,-88,105,-28,287,-0,003,-11,415,0,671,1,000,0,000,0,123,-0,182,30,503,9,541,0,002,3,376,247,792,359,663,0,205,50,860,,9,14
157,22,72,753,0,035,-88,332,-28,422,-0,003,-11,256,0,671,1,000,0,000,0,126,-0,184,30,569,9,901,-0,081,3,317,248,158,359,662,0,236,51,453,,9,16
157,24,72,183,0,035,-88,557,-28,558,-0,005,-11,095,0,690,1,000,0,000,0,130,-0,187,30,636,9,951,-0,148,3,352,248,523,359,660,0,267,52,046,,9,18
157,26,71,610,0,035,-88,779,-28,689,-0,003,-10,940,0,690,1,000,0,000,0,126,-0,187,30,703,9,626,0,014,3,320,248,891,359,659,0,217,52,640,,9,20
157,28,71,035,0,035,-88,998,-28,819,-0,003,-10,778,0,690,1,000,0,000,0,125,-0,187,30,768,9,868,-0,036,3,236,249,261,359,659,0,219,53,235,,9,22
157,30,70,457,0,035,-89,212,-28,951,-0,004,-10,608,0,729,1,000,0,000,0,132,-0,188,30,833,10,234,-0,144,3,226,249,629,359,660,0,275,53,830,,9,24
157,32,69,876,0,035,-89,424,-29,079,-0,006,-10,443,0,729,1,000,0,000,0,133,-0,188,30,897,9,962,-0,124,3,197,249,998,359,663,0,255,54,426,,9,26
157,34,69,293,0,035,-89,633,-29,205,-0,006,-10,277,0,729,1,000,0,000,0,129,-0,187,30,959,9,938,-0,094,3,113,250,374,359,666,0,227,55,023,,9,28
157,36,68,708,0,034,-89,838,-29,332,-0,007,-10,098,0,729,1,000,0,000,0,134,-0,186,31,020,10,526,-0,083,3,043,250,754,359,669,0,278,55,620,,9,30
157,38,68,120,0,034,-90,039,-29,459,-0,005,-9,913,0,729,1,000,0,000,0,139,-0,186,31,081,10,805,0,013,3,028,251,144,359,668,0,294,56,218,,9,32
157,40,67,529,0,034,-90,237,-29,582,-0,002,-9,731,0,729,1,000,0,000,0,134,-0,186,31,141,10,605,0,081,2,961,251,544,359,662,0,248,56,817,,9,34
157,42,66,936,0,034,-90,431,-29,705,-0,001,-9,539,0,729,1,000,0,000,0,134,-0,191,31,198,10,999,-0,038,2,869,251,948,359,653,0,268,57,416,,9,36
157,44,66,341,0,034,-90,621,-29,827,-0,009,-9,343,0,729,1,000,0,000,0,140,-0,199,31,255,11,221,-0,448,2,840,252,349,359,653,0,341,58,015,,9,38
157,46,65,743,0,034,-90,808,-29,946,0,001,-9,155,0,729,1,000,0,000,0,138,-0,193,31,313,10,734,0,410,2,876,252,747,359,647,0,233,58,615,,9,40
157,48,65,143,0,034,-90,991,-30,063,0,004,-8,963,0,729,1,000,0,000,0,140,-0,192,31,369,10,867,0,085,2,823,253,141,359,645,0,216,59,215,,9,42
157,50,64,540,0,034,-91,168,-30,183,0,002,-8,755,0,729,1,000,0,000,0,157,-0,193,31,426,11,669,-0,174,2,830,253,535,359,647,0,334,59,815,,9,44
157,52,63,935,0,034,-91,343,-30,299,-0,004,-8,567,0,729,1,000,0,000,0,154,-0,200,31,486,10,660,-0,339,2,982,253,930,359,644,0,290,60,416,,9,46
157,54,63,328,0,034,-91,515,-30,409,0,001,-8,387,0,729,1,000,0,000,0,138,-0,194,31,543,10,140,0,197,2,835,254,328,359,647,0,158,61,017,,9,48
157,56,62,718,0,034,-91,681,-30,521,-0,003,-8,184,0,729,1,000,0,000,0,146,-0,195,31,598,11,251,-0,276,2,719,254,723,359,652,0,281,61,619,,9,50
157,58,62,106,0,034,-91,844,-30,634,-0,007,-7,980,0,719,1,000,0,000,0,158,-0,198,31,655,11,330,-0,280,2,857,255,111,359,656,0,352,62,220,,9,52
157,60,61,493,0,034,-92,004,-30,738,-0,004,-7,799,0,719,1,000,0,000,0,142,-0,196,31,711,10,079,0,080,2,769,255,505,359,654,0,187,62,823,,9,54
157,62,60,877,0,034,-92,159,-30,841,-0,004,-7,602,0,719,1,000,0,000,0,138,-0,197,31,763,10,808,-0,054,2,594,255,903,359,653,0,209,63,426,,9,56
157,64,60,258,0,034,-92,309,-30,947,-0,006,-7,385,0,710,1,000,0,000,0,155,-0,200,31,814,11,794,-0,179,2,557,256,298,359,652,0,369,64,028,,9,58
157,66,59,638,0,033,-92,457,-31,048,-0,003,-7,191,0,710,1,000,0,000,0,148,-0,200,31,869,10,589,0,054,2,692,256,692,359,648,0,258,64,631,,9,60
157,68,59,016,0,033,-92,601,-31,144,0,000,-7,001,0,700,1,000,0,000,0,135,-0,199,31,920,10,326,0,120,2,572,257,088,359,644,0,157,65,235,,9,62
157,70,58,392,0,033,-92,739,-31,243,-0,003,-6,784,0,700,1,000,0,000,0,151,-0,201,31,970,11,678,-0,201,2,456,257,476,359,645,0,325,65,838,,9,64
157,72,57,766,0,033,-92,874,-31,341,-0,004,-6,580,0,661,1,000,0,000,0,159,-0,202,32,023,10,995,-0,135,2,659,257,856,359,646,0,323,66,442,,9,66
157,74,57,138,0,033,-93,006,-31,432,0,000,-6,399,0,661,1,000,0,000,0,141,-0,199,32,076,9,764,0,152,2,603,258,239,359,645,0,143,67,046,,9,68
157,76,56,508,0,033,-93,133,-31,523,-0,003,-6,196,0,661,1,000,0,000,0,146,-0,202,32,125,10,866,-0,200,2,470,258,619,359,646,0,242,67,650,,9,70
157,78,55,876,0,033,-93,255,-31,615,-0,006,-5,984,0,661,1,000,0,000,0,162,-0,205,32,176,11,305,-0,249,2,510,258,992,359,647,0,369,68,254,,9,72
157,80,55,243,0,033,-93,375,-31,702,-0,003,-5,801,0,661,1,000,0,000,0,145,-0,203,32,227,9,790,0,089,2,564,259,372,359,646,0,193,68,859,,9,74
157,82,54,608,0,033,-93,491,-31,786,-0,002,-5,607,0,661,1,000,0,000,0,135,-0,203,32,276,10,298,-0,007,2,412,259,756,359,644,0,169,69,464,,9,76
157,84,53,971,0,033,-93,600,-31,871,-0,005,-5,384,0,661,1,000,0,000,0,155,-0,206,32,322,11,714,-0,213,2,291,260,135,359,645,0,369,70,068,,9,78
157,86,53,333,0,033,-93,708,-31,955,-0,004,-5,183,0,661,1,000,0,000,0,153,-0,205,32,371,10,561,-0,024,2,468,260,513,359,644,0,283,70,673,,9,80
157,88,52,693,0,033,-93,812,-32,033,0,001,-4,999,0,661,1,000,0,000,0,133,-0,202,32,420,9,696,0,192,2,388,260,893,359,642,0,117,71,279,,9,82
157,90,52,051,0,033,-93,910,-32,110,-0,003,-4,789,0,661,1,000,0,000,0,147,-0,206,32,464,11,000,-0,230,2,203,261,257,359,643,0,282,71,884,,9,84
157,92,51,408,0,033,-94,004,-32,188,-0,005,-4,582,0,661,1,000,0,000,0,163,-0,208,32,511,10,790,-0,213,2,367,261,608,359,644,0,352,1,981,Curva 2.,9,86
157,94,50,763,0,033,-94,097,-32,260,-0,001,-4,410,0,661,1,000,0,000,0,143,-0,205,32,559,9,031,0,162,2,380,261,964,359,641,0,132,2,261,Curva 2.,9,88
157,96,50,117,0,033,-94,184,-32,332,-0,003,-4,217,0,661,1,000,0,000,0,139,-0,208,32,605,10,043,-0,121,2,250,262,324,359,641,0,184,2,675,Curva 2.,9,90
157,98,49,469,0,033,-94,266,-32,404,-0,006,-4,002,0,661,1,000,0,000,0,159,-0,210,32,649,11,127,-0,227,2,195,262,679,359,642,0,382,3,170,Curva 2.,9,92
158,00,48,820,0,032,-94,346,-32,474,-0,003,-3,820,0,661,1,000,0,000,0,144,-0,209,32,696,9,464,0,059,2,361,263,037,359,641,0,216,3,716,Curva 2.,9,94
158,02,48,170,0,032,-94,423,-32,539,0,000,-3,636,0,661,1,000,0,000,0,127,-0,207,32,741,9,478,0,123,2,220,263,401,359,638,0,114,4,292,Curva 2.,9,96
158,04,47,518,0,032,-94,493,-32,604,-0,003,-3,414,0,661,1,000,0,000,0,150,-0,210,32,781,11,386,-0,232,2,014,263,757,359,640,0,349,4,890,Curva 2.,9,98
158,06,46,865,0,032,-94,560,-32,670,-0,004,-3,212,0,661,1,000,0,000,0,158,-0,211,32,826,10,415,-0,120,2,229,264,108,359,641,0,320,5,501,Curva 2.,10,00
158,08,46,210,0,032,-94,625,-32,730,0,001,-3,036,0,651,1,000,0,000,0,132,-0,207,32,870,9,015,0,234,2,162,264,469,359,638,0,091,6,122,Curva 2.,10,02
158,10,45,555,0,032,-94,684,-32,789,-0,002,-2,824,0,651,1,000,0,000,0,143,-0,210,32,909,10,839,-0,215,1,956,264,827,359,639,0,254,6,751,Curva 2.,10,04
158,12,44,898,0,032,-94,738,-32,848,-0,005,-2,604,0,651,1,000,0,000,0,165,-0,213,32,950,11,191,-0,257,2,032,265,178,359,641,0,397,7,386,Curva 2.,10,06
158,14,44,240,0,032,-94,791,-32,905,-0,001,-2,427,0,651,1,000,0,000,0,140,-0,210,32,993,9,052,0,189,2,130,265,537,359,638,0,142,8,026,Curva 2.,10,08
158,16,43,582,0,032,-94,839,-32,958,-0,001,-2,231,0,603,1,000,0,000,0,131,-0,211,33,033,9,999,-0,054,1,961,265,899,359,637,0,146,8,669,Curva 2.,10,10
158,18,42,921,0,032,-94,880,-33,010,-0,005,-2,000,0,603,1,000,0,000,0,161,-0,214,33,069,11,679,-0,263,1,831,266,252,359,639,0,410,9,315,Curva 2.,10,12
158,20,42,260,0,032,-94,921,-33,063,-0,004,-1,810,0,603,1,000,0,000,0,152,-0,214,33,112,9,648,-0,017,2,098,266,602,359,638,0,244,9,964,Curva 2.,10,14
158,22,41,598,0,032,-94,957,-33,112,0,001,-1,631,0,564,1,000,0,000,0,127,-0,211,33,151,9,044,0,204,1,961,266,959,359,635,0,066,10,615,Curva 2.,10,16
158,24,40,935,0,032,-94,987,-33,158,-0,003,-1,410,0,564,1,000,0,000,0,150,-0,215,33,187,11,173,-0,271,1,752,267,304,359,637,0,330,11,268,Curva 2.,10,18
158,26,40,271,0,032,-95,014,-33,207,-0,006,-1,212,0,545,1,000,0,000,0,161,-0,217,33,228,9,953,-0,194,2,050,267,630,359,637,0,336,11,923,Curva 2.,10,20
158,28,39,606,0,032,-95,040,-33,253,0,000,-1,061,0,545,1,000,0,000,0,128,-0,213,33,269,7,666,0,281,2,030,267,953,359,634,0,036,12,580,Curva 2.,10,22
158,30,38,941,0,032,-95,059,-33,296,-0,003,-0,876,0,545,1,000,0,000,0,134,-0,217,33,306,9,288,-0,225,1,855,268,261,359,634,0,182,13,238,Curva 2.,10,24
158,32,38,274,0,032,-95,074,-33,338,-0,006,-0,675,0,545,1,000,0,000,0,164,-0,219,33,344,10,114,-0,231,1,886,268,556,359,636,0,403,13,897,Curva 2.,10,26
158,34,37,606,0,032,-95,089,-33,383,-0,002,-0,532,0,545,1,000,0,000,0,133,-0,216,33,386,7,202,0,171,2,080,268,859,359,633,0,105,14,558,Curva 2.,10,28
158,36,36,938,0,031,-95,100,-33,423,-0,001,-0,378,0,545,1,000,0,000,0,108,-0,216,33,425,7,696,0,029,1,916,269,166,359,632,0,042,15,220,Curva 2.,10,30
158,38,36,269,0,031,-95,103,-33,459,-0,004,-0,171,0,545,1,000,0,000,0,144,-0,219,33,459,10,367,-0,209,1,705,269,457,359,634,0,399,15,883,Curva 2.,10,32
158,40,35,599,0,031,-95,107,-33,500,-0,004,-0,005,0,545,1,000,0,000,0,141,-0,219,33,499,8,302,-0,078,2,003,269,748,359,635,0,258,16,547,Curva 2.,10,34
158,42,34,928,0,031,-95,109,-33,537,0,002,0,132,0,545,1,000,0,000,0,102,-0,213,33,536,6,872,0,340,1,821,270,052,359,632,359,968,17,212,Curva 2.,10,36
158,44,34,257,0,031,-95,102,-33,566,-0,002,0,334,0,545,1,000,0,000,0,129,-0,217,33,567,10,072,-0,283,1,558,270,348,359,634,0,292,17,878,Curva 2.,10,38
158,46,33,585,0,031,-95,094,-33,600,-0,006,0,530,0,545,1,000,0,000,0,155,-0,220,33,603,9,787,-0,267,1,777,270,636,359,636,0,409,18,544,Curva 2.,10,40
158,48,32,912,0,031,-95,086,-33,633,0,002,0,661,0,555,1,000,0,000,0,110,-0,214,33,639,6,524,0,387,1,771,270,939,359,632,359,991,19,212,Curva 2.,10,42
158,50,32,239,0,031,-95,071,-33,661,-0,002,0,839,0,593,1,000,0,000,0,109,-0,218,33,671,8,869,-0,248,1,583,271,242,359,633,0,121,19,880,Curva 2.,10,44
158,52,31,565,0,031,-95,050,-33,685,-0,005,1,058,0,593,1,000,0,000,0,157,-0,221,33,700,10,924,-0,257,1,481,271,529,359,635,0,488,20,549,Curva 2.,10,46
158,54,30,891,0,031,-95,030,-33,715,-0,002,1,204,0,613,1,000,0,000,0,129,-0,219,33,736,7,227,0,109,1,765,271,825,359,633,0,128,21,219,Curva 2.,10,48
158,56,30,216,0,031,-95,007,-33,741,0,000,1,357,0,613,1,000,0,000,0,097,-0,217,33,767,7,598,0,141,1,541,272,139,359,631,359,970,21,890,Curva 2.,10,50
158,58,29,541,0,031,-94,975,-33,756,-0,003,1,595,0,613,1,000,0,000,0,149,-0,220,33,793,11,867,-0,272,1,282,272,450,359,634,0,471,22,560,Curva 2.,10,52
158,60,28,865,0,031,-94,942,-33,782,-0,006,1,790,0,613,1,000,0,000,0,154,-0,223,33,828,9,647,-0,239,1,758,272,770,359,634,0,356,23,232,Curva 2.,10,54
158,62,28,188,0,031,-94,909,-33,804,0,006,1,934,0,613,1,000,0,000,0,092,-0,213,33,859,7,155,0,623,1,523,273,119,359,628,359,905,23,904,Curva 2.,10,56
158,64,27,512,0,031,-94,866,-33,814,-0,001,2,169,0,613,1,000,0,000,0,123,-0,220,33,882,11,671,-0,452,1,160,273,459,359,631,0,310,24,576,Curva 2.,10,58
158,66,26,836,0,031,-94,819,-33,826,-0,007,2,412,0,613,1,000,0,000,0,175,-0,225,33,911,12,104,-0,424,1,417,273,780,359,635,0,558,25,249,Curva 2.,10,60
158,68,26,158,0,031,-94,775,-33,847,0,005,2,553,0,613,1,000,0,000,0,115,-0,215,33,942,6,964,0,595,1,542,274,120,359,630,359,961,25,923,Curva 2.,10,62
158,70,25,481,0,031,-94,722,-33,857,-0,002,2,750,0,613,1,000,0,000,0,107,-0,221,33,967,9,778,-0,346,1,261,274,464,359,631,0,062,26,596,Curva 2.,10,64
158,72,24,804,0,031,-94,661,-33,856,-0,006,3,016,0,613,1,000,0,000,0,179,-0,225,33,989,13,229,-0,348,1,088,274,784,359,634,0,633,27,270,Curva 2.,10,66
158,74,24,126,0,031,-94,603,-33,875,-0,005,3,176,0,613,1,000,0,000,0,144,-0,223,34,023,7,898,0,020,1,655,275,112,359,633,0,165,27,945,Curva 2.,10,68
158,76,23,448,0,031,-94,542,-33,887,0,003,3,328,0,613,1,000,0,000,0,088,-0,218,34,049,7,534,0,376,1,303,275,462,359,629,359,852,28,620,Curva 2.,10,70
158,78,22,770,0,031,-94,469,-33,876,-0,003,3,594,0,613,1,000,0,000,0,155,-0,223,34,065,13,273,-0,393,0,829,275,792,359,633,0,535,29,295,Curva 2.,10,72
158,80,22,092,0,031,-94,396,-33,887,-0,011,3,805,0,613,1,000,0,000,0,171,-0,229,34,099,10,429,-0,499,1,662,276,117,359,636,0,461,29,970,Curva 2.,10,74
158,82,21,413,0,031,-94,324,-33,901,0,010,3,929,0,613,1,000,0,000,0,083,-0,212,34,127,6,063,1,052,1,387,276,473,359,626,359,779,30,647,Curva 2.,10,76
158,84,20,736,0,031,-94,241,-33,891,-0,003,4,169,0,613,1,000,0,000,0,117,-0,224,34,146,11,990,-0,704,0,928,276,815,359,631,0,278,31,323,Curva 2.,10,78
158,86,20,058,0,030,-94,152,-33,883,-0,010,4,437,0,613,1,000,0,000,0,193,-0,229,34,171,13,324,-0,511,1,280,277,132,359,635,0,715,31,998,Curva 2.,10,80
158,88,19,379,0,030,-94,070,-33,901,0,006,4,540,0,719,1,000,0,000,0,084,-0,216,34,203,4,974,0,788,1,533,277,487,359,627,359,852,32,676,Curva 2.,10,82
158,90,18,701,0,030,-93,977,-33,897,-0,005,4,734,0,719,1,000,0,000,0,061,-0,225,34,225,9,628,-0,572,1,114,277,847,359,632,359,966,33,353,Curva 2.,10,84
158,92,18,024,0,030,-93,874,-33,866,-0,005,5,040,0,719,1,000,0,000,0,176,-0,225,34,238,15,394,-0,223,0,690,278,166,359,636,0,836,34,029,Curva 2.,10,86
158,94,17,345,0,030,-93,778,-33,881,-0,007,5,161,0,719,1,000,0,000,0,102,-0,225,34,271,5,883,-0,125,1,637,278,491,359,636,0,083,34,707,Curva 2.,10,88
158,96,16,667,0,030,-93,677,-33,878,0,002,5,311,0,748,1,000,0,000,0,040,-0,217,34,291,7,391,0,477,0,969,278,844,359,635,359,714,35,386,Curva 2.,10,90
158,98,15,991,0,030,-93,561,-33,830,0,000,5,631,0,748,1,000,0,000,0,161,-0,218,34,295,16,172,-0,283,0,210,279,175,359,639,0,762,36,062,Curva 2.,10,92
159,00,15,313,0,030,-93,448,-33,822,-0,016,5,869,0,758,1,000,0,000,0,179,-0,230,34,326,11,834,-0,928,1,564,279,542,359,645,0,571,36,739,Curva 2.,10,94
159,02,14,635,0,030,-93,338,-33,818,0,024,6,005,0,758,1,000,0,000,0,055,-0,199,34,346,6,693,2,015,0,964,279,980,359,628,359,617,37,418,Curva 2.,10,96
159,04,13,960,0,030,-93,210,-33,764,0,000,6,316,0,806,1,000,0,000,0,111,-0,220,34,348,15,789,-1,311,0,149,280,408,359,635,0,411,38,095,Curva 2.,10,98
159,06,13,286,0,030,-93,077,-33,719,-0,015,6,656,0,806,1,000,0,000,0,211,-0,232,34,368,17,102,-1,027,0,974,280,808,359,643,0,978,38,771,Curva 2.,11,00
159,08,12,609,0,030,-92,953,-33,727,0,017,6,769,0,806,1,000,0,000,0,056,-0,208,34,399,5,452,1,628,1,506,281,256,359,625,359,709,39,450,Curva 2.,11,02
159,10,11,935,0,030,-92,815,-33,688,-0,011,7,024,0,806,1,000,0,000,0,041,-0,231,34,412,12,900,-1,431,0,700,281,711,359,634,359,958,40,127,Curva 2.,11,04
159,12,11,264,0,030,-92,662,-33,608,-0,009,7,418,0,806,1,000,0,000,0,197,-0,229,34,416,20,074,-0,307,0,232,282,112,359,640,1,162,40,802,Curva 2.,11,06
159,14,10,589,0,030,-92,523,-33,624,-0,012,7,535,0,806,1,000,0,000,0,059,-0,230,34,457,5,522,-0,127,2,004,282,532,359,637,359,981,41,481,Curva 2.,11,08
159,16,9,916,0,030,-92,373,-33,589,-0,005,7,754,0,806,1,000,0,000,-0,003,-0,222,34,472,11,057,0,379,0,790,283,006,359,640,359,663,42,158,Curva 2.,11,10
159,18,9,248,0,030,-92,205,-33,476,0,002,8,183,0,806,1,000,0,000,0,167,-0,215,34,460,22,220,-0,071,-0,524,283,452,359,644,1,127,42,832,Curva 2.,11,12
159,20,8,576,0,029,-92,046,-33,478,-0,022,8,357,0,787,1,000,0,000,0,105,-0,234,34,505,8,413,-1,265,2,197,283,839,359,650,0,329,43,509,Curva 2.,11,14
159,22,7,905,0,030,-91,884,-33,449,0,021,8,532,0,787,1,000,0,000,0,008,-0,199,34,520,8,813,2,226,0,777,284,299,359,635,359,501,44,187,Curva 2.,11,16
159,24,7,239,0,030,-91,701,-33,332,0,009,8,939,0,787,1,000,0,000,0,150,-0,211,34,509,21,165,-0,917,-0,504,284,758,359,638,0,859,44,860,Curva 2.,11,18
159,26,6,573,0,030,-91,520,-33,284,-0,023,9,241,0,787,1,000,0,000,0,179,-0,237,34,542,15,168,-1,833,1,665,285,215,359,650,0,854,45,534,Curva 2.,11,20
159,28,5,904,0,030,-91,345,-33,270,0,041,9,377,0,758,1,000,0,000,0,015,-0,189,34,566,6,714,3,267,1,194,285,719,359,618,359,472,46,212,Curva 2.,11,22
159,30,5,241,0,030,-91,149,-33,172,-0,005,9,720,0,758,1,000,0,000,0,080,-0,228,34,566,17,806,-2,426,0,067,286,198,359,632,0,328,46,884,Curva 2.,11,24
159,32,4,580,0,030,-90,945,-33,073,-0,021,10,118,0,729,1,000,0,000,0,228,-0,241,34,585,20,480,-1,235,0,924,286,625,359,643,1,266,47,556,Curva 2.,11,26
159,34,3,914,0,030,-90,754,-33,081,0,014,10,218,0,700,1,000,0,000,0,049,-0,215,34,622,4,617,1,725,1,830,287,086,359,622,359,652,48,233,Curva 2.,11,28
159,36,3,253,0,030,-90,548,-33,014,-0,023,10,455,0,700,1,000,0,000,0,018,-0,239,34,629,12,317,-1,750,0,383,287,544,359,641,359,725,48,906,Curva 2.,11,30
159,38,2,598,0,030,-90,324,-32,868,-0,006,10,881,0,603,1,000,0,000,0,219,-0,225,34,621,22,545,0,275,-0,364,287,946,359,647,1,376,49,575,Curva 2.,11,32
159,40,1,936,0,029,-90,115,-32,884,-0,028,10,986,0,603,1,000,0,000,0,072,-0,239,34,670,4,739,-1,104,2,414,288,354,359,652,0,050,50,250,Curva 2.,11,34
159,42,1,276,0,029,-89,902,-32,867,-0,001,11,094,0,603,1,000,0,000,-0,068,-0,214,34,688,5,349,1,436,0,909,288,769,359,649,359,204,50,924,Curva 2.,11,36
159,44,0,625,0,029,-89,662,-32,700,0,010,11,533,0,545,1,000,0,000,0,157,-0,207,34,673,23,512,0,048,-0,656,289,161,359,646,1,236,51,592,Curva 2.,11,38
159,46,-0,031,0,028,-89,435,-32,690,-0,050,11,693,0,467,1,000,0,000,0,123,-0,252,34,718,7,651,-3,128,2,204,289,475,359,670,0,593,52,265,Curva 2.,11,40
159,48,-0,689,0,029,-89,213,-32,697,0,038,11,705,0,361,1,000,0,000,-0,059,-0,180,34,729,0,373,4,424,0,555,289,799,359,642,358,941,52,940,Curva 2.,11,42
159,50,-1,337,0,029,-88,964,-32,557,0,001,12,068,0,361,1,000,0,000,0,123,-0,211,34,721,19,419,-2,103,-0,336,290,130,359,652,0,713,53,608,Curva 2.,11,44
159,52,-1,986,0,029,-88,716,-32,473,-0,037,12,359,0,003,1,000,0,000,0,214,-0,238,34,744,15,033,-2,234,1,112,290,475,359,676,1,309,54,278,Curva 2.,11,46
159,54,-2,643,0,029,-88,486,-32,503,0,057,12,324,0,003,1,000,0,000,-0,036,-0,165,34,761,-2,206,4,659,0,829,290,830,359,635,359,045,54,953,Curva 2.,11,48
159,56,-3,291,0,029,-88,235,-32,446,-0,033,12,490,0,000,1,000,0,000,-0,029,-0,235,34,766,8,765,-4,440,0,276,291,104,359,667,359,691,55,623,Curva 2.,11,50
159,58,-3,935,0,029,-87,970,-32,355,0,013,12,751,0,000,1,000,0,000,0,177,-0,200,34,776,13,878,1,923,0,493,291,210,359,657,1,431,56,290,Curva 2.,11,52
159,60,-4,588,0,029,-87,729,-32,437,-0,010,12,617,0,000,1,000,0,000,0,021,-0,221,34,804,-7,721,-1,226,1,416,291,223,359,652,359,505,56,966,Curva 2.,11,54
159,62,-5,239,0,028,-87,482,-32,486,-0,039,12,571,0,000,1,000,0,000,-0,045,-0,243,34,833,-3,020,-1,522,1,436,291,235,359,666,358,912,57,640,Curva 2.,11,56
159,64,-5,882,0,029,-87,212,-32,409,0,032,12,781,0,000,1,000,0,000,0,193,-0,192,34,837,11,294,3,329,0,217,291,199,359,638,1,156,58,309,Curva 2.,11,58
159,66,-6,533,0,028,-86,963,-32,480,-0,043,12,706,0,000,1,000,0,000,0,114,-0,249,34,876,-4,822,-3,726,1,958,291,177,359,663,0,278,58,985,Curva 2.,11,60
159,68,-7,188,0,028,-86,723,-32,558,0,020,12,543,0,000,1,000,0,000,-0,092,-0,196,34,890,-9,070,2,918,0,703,291,229,359,650,358,640,59,664,Curva 2.,11,62
159,70,-7,835,0,028,-86,458,-32,514,0,012,12,697,0,000,1,000,0,000,0,044,-0,203,34,904,7,951,-0,486,0,714,291,256,359,648,0,502,60,338,Curva 2.,11,64
159,72,-8,484,0,028,-86,200,-32,521,-0,016,12,755,0,000,1,000,0,000,0,106,-0,223,34,932,2,568,-1,425,1,374,291,236,359,663,0,994,61,014,Curva 2.,11,66
159,74,-9,141,0,029,-85,962,-32,612,0,044,12,530,0,000,1,000,0,000,-0,147,-0,180,34,936,-12,220,2,724,0,198,291,265,359,639,358,824,61,696,Curva 2.,11,68
159,76,-9,791,0,028,-85,705,-32,621,-0,036,12,608,0,000,1,000,0,000,-0,088,-0,242,34,971,3,508,-3,962,1,781,291,278,359,662,359,747,62,374,Curva 2.,11,70
159,78,-10,439,0,029,-85,440,-32,575,0,014,12,754,0,000,1,000,0,000,0,098,-0,202,34,982,7,681,2,322,0,542,291,213,359,649,1,302,63,052,Curva 2.,11,72
159,80,-11,096,0,029,-85,198,-32,645,0,003,12,600,0,000,1,000,0,000,-0,045,-0,213,34,992,-8,422,-0,657,0,473,291,183,359,647,359,473,63,735,Curva 2.,11,74
159,82,-11,751,0,028,-84,950,-32,687,-0,028,12,560,0,000,1,000,0,000,-0,106,-0,236,35,016,-2,591,-1,604,1,224,291,200,359,663,359,052,64,418,Curva 2.,11,76
159,84,-12,398,0,029,-84,681,-32,604,0,034,12,780,0,000,1,000,0,000,0,139,-0,190,35,018,11,781,2,864,0,104,291,170,359,639,1,167,65,096,Curva 2.,11,78
159,86,-13,053,0,028,-84,432,-32,661,-0,036,12,725,0,000,1,000,0,000,0,077,-0,245,35,052,-3,578,-3,503,1,685,291,160,359,659,0,223,65,780,Curva 2.,11,80
159,88,-13,712,0,028,-84,190,-32,723,0,014,12,591,0,000,1,000,0,000,-0,106,-0,204,35,061,-7,420,2,354,0,469,291,226,359,647,358,725,66,467,Curva 2.,11,82
159,90,-14,361,0,028,-83,924,-32,669,0,009,12,758,0,000,1,000,0,000,0,046,-0,210,35,071,8,728,-0,357,0,472,291,253,359,644,0,554,67,148,Curva 2.,11,84
159,92,-15,013,0,028,-83,666,-32,673,-0,024,12,816,0,000,1,000,0,000,0,109,-0,234,35,096,2,598,-1,677,1,237,291,232,359,660,0,917,67,832,Curva 2.,11,86
159,94,-15,674,0,029,-83,426,-32,759,0,037,12,598,0,000,1,000,0,000,-0,135,-0,188,35,097,-11,748,2,817,0,084,291,262,359,637,358,824,68,521,Curva 2.,11,88
159,96,-16,326,0,028,-83,167,-32,762,-0,033,12,678,0,000,1,000,0,000,-0,069,-0,244,35,129,3,697,-3,528,1,586,291,270,359,657,359,808,69,206,Curva 2.,11,90
159,98,-16,977,0,028,-82,901,-32,717,0,012,12,813,0,000,1,000,0,000,0,109,-0,207,35,136,7,124,2,088,0,353,291,202,359,648,1,260,69,890,Curva 2.,11,92
160,00,-17,637,0,028,-82,659,-32,789,0,008,12,648,0,000,1,000,0,000,-0,049,-0,211,35,144,-8,986,-0,279,0,383,291,177,359,644,359,415,70,580,Curva 2.,11,94
160,02,-18,294,0,028,-82,409,-32,830,-0,028,12,611,0,000,1,000,0,000,-0,110,-0,238,35,167,-2,425,-1,838,1,192,291,198,359,661,359,110,71,269,Curva 2.,11,96
160,04,-18,945,0,029,-82,140,-32,745,0,035,12,829,0,000,1,000,0,000,0,133,-0,191,35,168,11,727,2,905,0,022,291,170,359,637,1,192,71,954,Curva 2.,11,98
160,06,-19,603,0,028,-81,891,-32,801,-0,033,12,767,0,000,1,000,0,000,0,061,-0,245,35,197,-3,912,-3,401,1,474,291,165,359,655,0,160,72,644,Curva 2.,12,00
160,08,-20,264,0,028,-81,647,-32,856,0,010,12,643,0,000,1,000,0,000,-0,111,-0,209,35,204,-6,811,2,016,0,311,291,235,359,647,358,751,73,336,Curva 2.,12,02
160,10,-20,915,0,028,-81,379,-32,795,0,011,12,819,0,000,1,000,0,000,0,054,-0,210,35,210,9,337,-0,071,0,340,291,258,359,642,0,620,74,024,Curva 2.,12,04
160,12,-21,571,0,028,-81,120,-32,801,-0,028,12,869,0,000,1,000,0,000,0,111,-0,239,35,234,2,189,-1,978,1,202,291,235,359,660,0,860,74,713,Curva 2.,12,06
160,14,-22,233,0,029,-80,880,-32,886,0,036,12,651,0,000,1,000,0,000,-0,133,-0,191,35,234,-11,794,2,953,0,005,291,264,359,636,358,786,75,408,Curva 2.,12,08
160,16,-22,888,0,028,-80,619,-32,881,-0,031,12,739,0,000,1,000,0,000,-0,054,-0,244,35,262,4,197,-3,362,1,368,291,266,359,654,359,880,76,098,Curva 2.,12,10
160,18,-23,542,0,028,-80,353,-32,840,0,008,12,860,0,000,1,000,0,000,0,113,-0,211,35,267,6,440,1,811,0,261,291,195,359,648,1,238,76,788,Curva 2.,12,12
160,20,-24,204,0,028,-80,110,-32,913,0,013,12,680,0,000,1,000,0,000,-0,060,-0,208,35,271,-9,697,0,114,0,182,291,171,359,642,359,337,77,483,Curva 2.,12,14
160,22,-24,864,0,028,-79,858,-32,951,-0,030,12,652,-0,022,1,000,0,000,-0,112,-0,241,35,295,-1,948,-2,170,1,228,291,193,359,660,359,171,78,177,Curva 2.,12,16
160,24,-25,516,0,028,-79,589,-32,866,0,036,12,870,-0,022,1,000,0,000,0,130,-0,192,35,295,11,741,3,043,-0,006,291,166,359,635,1,237,78,867,Curva 2.,12,18
160,26,-26,177,0,028,-79,340,-32,922,-0,030,12,795,-0,022,1,000,0,000,0,042,-0,244,35,320,-4,522,-3,274,1,258,291,170,359,652,0,077,79,563,Curva 2.,12,20
160,28,-26,840,0,028,-79,094,-32,970,0,006,12,685,-0,041,1,000,0,000,-0,119,-0,214,35,325,-6,031,1,646,0,236,291,245,359,648,358,774,80,259,Curva 2.,12,22
160,30,-27,494,0,028,-78,825,-32,899,0,015,12,873,-0,041,1,000,0,000,0,063,-0,207,35,327,10,045,0,337,0,108,291,264,359,641,0,706,80,951,Curva 2.,12,24
160,32,-28,151,0,028,-78,567,-32,911,-0,031,12,908,-0,041,1,000,0,000,0,113,-0,242,35,351,1,403,-2,330,1,191,291,228,359,661,0,781,81,646,Curva 2.,12,26
160,34,-28,816,0,028,-78,325,-32,998,0,036,12,683,-0,051,1,000,0,000,-0,125,-0,192,35,351,-12,155,3,057,0,007,291,234,359,635,358,723,82,344,Curva 2.,12,28
160,36,-29,473,0,028,-78,062,-32,993,-0,028,12,764,-0,051,1,000,0,000,-0,031,-0,243,35,375,3,897,-3,166,1,190,291,201,359,651,359,939,83,039,Curva 2.,12,30
160,38,-30,129,0,028,-77,797,-32,960,0,006,12,862,-0,109,1,000,0,000,0,127,-0,215,35,380,5,206,1,571,0,267,291,105,359,647,1,213,83,734,Curva 2.,12,32
160,40,-30,795,0,028,-77,556,-33,044,0,016,12,642,-0,109,1,000,0,000,-0,075,-0,207,35,379,-11,819,0,348,-0,061,291,061,359,640,359,206,84,433,Curva 2.,12,34
160,42,-31,456,0,028,-77,303,-33,084,-0,038,12,607,-0,138,1,000,0,000,-0,123,-0,247,35,404,-2,313,-2,726,1,243,291,064,359,663,359,210,85,131,Curva 2.,12,36
160,44,-32,112,0,028,-77,035,-33,013,0,037,12,794,-0,138,1,000,0,000,0,105,-0,190,35,404,10,085,3,506,0,028,291,007,359,636,1,249,85,827,Curva 2.,12,38
160,46,-32,776,0,028,-76,789,-33,082,-0,024,12,664,-0,158,1,000,0,000,-0,006,-0,240,35,423,-7,289,-3,075,0,909,290,957,359,651,359,924,86,526,Curva 2.,12,40
160,48,-33,442,0,028,-76,546,-33,141,-0,003,12,524,-0,158,1,000,0,000,-0,145,-0,222,35,427,-7,603,0,895,0,229,290,944,359,652,358,728,87,227,Curva 2.,12,42
160,50,-34,098,0,028,-76,279,-33,080,0,023,12,683,-0,158,1,000,0,000,0,073,-0,201,35,428,8,529,1,192,0,026,290,854,359,639,0,759,87,924,Curva 2.,12,44
160,52,-34,761,0,028,-76,026,-33,119,-0,031,12,647,-0,158,1,000,0,000,0,098,-0,242,35,450,-2,413,-2,685,1,125,290,737,359,660,0,624,88,623,Curva 2.,12,46
160,54,-35,430,0,028,-75,790,-33,221,0,031,12,368,-0,158,1,000,0,000,-0,156,-0,197,35,448,-14,904,2,722,-0,082,290,680,359,639,358,594,89,326,Curva 2.,12,48
160,56,-36,091,0,028,-75,533,-33,226,-0,022,12,426,-0,158,1,000,0,000,-0,050,-0,240,35,473,2,637,-2,661,1,205,290,587,359,649,0,029,90,025,Curva 2.,12,50
160,58,-36,752,0,028,-75,275,-33,211,0,002,12,486,-0,158,1,000,0,000,0,100,-0,218,35,480,3,074,1,163,0,368,290,436,359,647,1,185,90,725,Curva 2.,12,52
160,60,-37,422,0,028,-75,043,-33,306,0,022,12,204,-0,158,1,000,0,000,-0,124,-0,205,35,470,-14,879,0,710,-0,472,290,330,359,638,359,009,91,429,Curva 2.,12,54
160,62,-38,088,0,027,-74,797,-33,343,-0,049,12,179,-0,158,1,000,0,000,-0,132,-0,256,35,497,-1,797,-3,531,1,309,290,283,359,668,359,316,92,132,Curva 2.,12,56
160,64,-38,750,0,028,-74,539,-33,297,0,035,12,304,-0,158,1,000,0,000,0,066,-0,189,35,497,6,753,4,033,0,022,290,168,359,641,1,221,92,833,Curva 2.,12,58
160,66,-39,420,0,028,-74,303,-33,363,-0,011,12,142,-0,158,1,000,0,000,-0,033,-0,229,35,503,-8,712,-2,356,0,324,290,054,359,650,359,790,93,537,Curva 2.,12,60
160,68,-40,090,0,028,-74,069,-33,421,-0,004,12,011,-0,158,1,000,0,000,-0,134,-0,224,35,513,-7,134,0,211,0,459,289,992,359,651,358,812,94,242,Curva 2.,12,62
160,70,-40,753,0,028,-73,812,-33,367,0,032,12,163,-0,158,1,000,0,000,0,090,-0,198,35,514,8,048,1,714,0,072,289,878,359,630,0,817,94,943,Curva 2.,12,64
160,72,-41,422,0,028,-73,572,-33,419,-0,028,12,093,-0,158,1,000,0,000,0,080,-0,246,35,539,-4,183,-2,968,1,257,289,761,359,649,0,459,95,648,Curva 2.,12,66
160,74,-42,096,0,028,-73,346,-33,516,0,023,11,827,-0,158,1,000,0,000,-0,156,-0,209,35,540,-14,196,2,197,0,072,289,697,359,632,358,623,96,355,Curva 2.,12,68
160,76,-42,762,0,028,-73,097,-33,514,-0,015,11,904,-0,158,1,000,0,000,-0,022,-0,239,35,564,3,657,-1,908,1,175,289,590,359,638,0,184,97,059,Curva 2.,12,70
160,78,-43,430,0,028,-72,852,-33,510,-0,010,11,946,-0,158,1,000,0,000,0,109,-0,233,35,575,2,024,0,161,0,553,289,438,359,645,1,072,97,764,Curva 2.,12,72
160,80,-44,107,0,028,-72,631,-33,601,0,022,11,657,-0,167,1,000,0,000,-0,130,-0,207,35,565,-15,177,1,353,-0,491,289,349,359,635,358,908,98,472,Curva 2.,12,74
160,82,-44,778,0,027,-72,394,-33,631,-0,049,11,661,-0,380,1,000,0,000,-0,089,-0,258,35,594,-0,240,-3,560,1,433,289,270,359,664,359,497,99,178,Curva 2.,12,76
160,84,-45,446,0,028,-72,147,-33,595,0,026,11,767,-0,380,1,000,0,000,0,116,-0,197,35,595,5,643,3,627,0,056,289,110,359,644,1,203,99,884,Curva 2.,12,78
160,86,-46,122,0,028,-71,924,-33,668,-0,001,11,553,-1,000,1,000,0,000,-0,025,-0,221,35,595,-11,264,-1,461,-0,008,288,984,359,647,359,554,100,593,Curva 2.,12,80
160,88,-46,798,0,027,-71,701,-33,750,-0,016,11,348,-1,000,1,000,0,000,-0,151,-0,233,35,605,-11,022,-0,973,0,537,288,835,359,656,358,713,101,301,Curva 2.,12,82
160,90,-47,468,0,028,-71,458,-33,726,0,047,11,420,-1,000,1,000,0,000,0,090,-0,187,35,606,3,820,3,057,0,022,288,557,359,627,0,815,102,008,Curva 2.,12,84
160,92,-48,144,0,028,-71,234,-33,795,-0,023,11,243,-1,000,1,000,0,000,0,081,-0,241,35,616,-9,480,-3,430,0,522,288,269,359,650,0,291,102,717,Curva 2.,12,86
160,94,-48,826,0,028,-71,028,-33,928,0,015,10,803,-1,000,1,000,0,000,-0,205,-0,215,35,606,-23,013,1,188,-0,463,288,003,359,641,358,251,103,427,Curva 2.,12,88
160,96,-49,503,0,029,-70,804,-33,988,0,080,10,657,-1,000,1,000,0,000,-0,092,-0,209,35,618,-7,913,3,186,0,639,287,561,359,536,359,379,104,137,Curva 2.,12,90
160,98,-50,179,0,031,-70,579,-34,028,0,117,10,522,-1,000,1,000,0,000,0,110,-0,213,35,617,-6,992,1,970,-0,015,287,001,359,472,1,005,104,846,Curva 2.,12,92
161,00,-50,865,0,031,-70,389,-34,171,-0,012,9,961,-1,000,1,000,0,000,-0,150,-0,303,35,591,-28,819,-7,042,-1,191,286,503,359,537,358,878,105,557,Curva 2.,12,94
161,02,-51,547,0,029,-70,193,-34,205,-0,158,9,643,-1,000,1,000,0,000,-0,184,-0,343,35,536,-15,564,-7,598,-2,797,286,054,359,708,358,788,106,266,Curva 2.,12,96
161,04,-52,226,0,029,-69,984,-34,228,-0,018,9,549,-1,000,1,000,0,000,0,050,-0,190,35,535,-4,749,7,066,-0,075,285,503,359,725,0,978,106,974,Curva 2.,12,98
161,06,-52,913,0,028,-69,805,-34,309,-0,081,9,109,-1,000,1,000,0,000,-0,020,-0,231,35,497,-22,295,-3,226,-1,779,284,902,359,757,359,685,107,684,Curva 2.,13,00
161,08,-53,604,0,027,-69,639,-34,446,-0,043,8,566,-1,000,1,000,0,000,-0,202,-0,224,35,494,-28,022,0,891,-0,042,284,304,359,720,358,011,108,394,Curva 2.,13,02
161,10,-54,290,0,027,-69,453,-34,498,0,126,8,413,-1,000,1,000,0,000,0,030,-0,158,35,509,-8,063,8,457,0,762,283,657,359,542,359,978,109,105,Curva 2.,13,04
161,12,-54,980,0,029,-69,282,-34,570,0,112,8,073,-1,000,1,000,0,000,0,077,-0,216,35,500,-17,370,-0,512,-0,308,283,017,359,472,0,550,109,815,Curva 2.,13,06
161,14,-55,677,0,030,-69,143,-34,725,0,059,7,426,-1,000,1,000,0,000,-0,272,-0,269,35,508,-33,159,-3,611,0,515,282,523,359,484,358,366,110,525,Curva 2.,13,08
161,16,-56,370,0,031,-68,989,-34,736,0,053,7,309,-1,000,1,000,0,000,-0,103,-0,284,35,495,-5,863,-0,381,-0,697,282,056,359,458,359,104,111,235,Curva 2.,13,10
161,18,-57,062,0,032,-68,827,-34,779,0,060,7,240,-1,000,1,000,0,000,0,119,-0,272,35,523,-3,779,0,396,1,420,281,559,359,468,1,103,111,945,Curva 2.,13,12
161,20,-57,760,0,032,-68,697,-34,874,-0,035,6,736,-0,835,1,000,0,000,-0,106,-0,337,35,517,-25,634,-4,883,-0,233,281,106,359,514,359,718,112,654,Curva 2.,13,14
161,22,-58,458,0,030,-68,571,-34,910,-0,129,6,496,-0,835,1,000,0,000,-0,151,-0,371,35,507,-12,013,-4,990,-0,498,280,799,359,616,358,672,113,363,Curva 2.,13,16
161,24,-59,154,0,029,-68,429,-34,964,-0,100,6,417,-0,777,1,000,0,000,0,013,-0,314,35,547,-4,336,1,475,1,949,280,376,359,655,0,356,114,074,Curva 2.,13,18
161,26,-59,851,0,027,-68,301,-34,903,-0,107,6,218,-0,777,1,000,0,000,0,013,-0,276,35,452,-9,300,-0,243,-4,727,280,076,359,728,0,556,114,781,Curva 2.,13,20
161,28,-60,553,0,027,-68,197,-35,003,-0,030,5,727,-0,680,1,000,0,000,-0,285,-0,215,35,467,-25,135,3,157,0,779,279,761,359,715,358,424,115,489,Curva 2.,13,22
161,30,-61,253,0,026,-68,072,-35,080,-0,031,5,655,-0,429,1,000,0,000,-0,135,-0,230,35,532,-4,183,-0,041,3,180,279,376,359,678,359,822,116,199,Curva 2.,13,24
161,32,-61,954,0,026,-67,948,-35,117,0,054,5,594,-0,032,1,000,0,000,0,081,-0,185,35,559,-3,182,4,259,1,386,278,916,359,619,1,074,116,909,Curva 2.,13,26
161,34,-62,660,0,027,-67,858,-35,188,0,069,5,055,-0,032,1,000,0,000,-0,170,-0,192,35,548,-27,235,0,113,-0,435,278,455,359,587,358,634,117,617,Curva 2.,13,28
161,36,-63,364,0,027,-67,755,-35,251,-0,027,4,862,-0,003,1,000,0,000,-0,165,-0,260,35,584,-9,913,-4,933,1,750,278,125,359,628,359,166,118,326,Curva 2.,13,30
161,38,-64,066,0,029,-67,640,-35,249,0,080,4,931,-0,003,1,000,0,000,0,077,-0,166,35,592,3,580,5,275,0,377,277,833,359,607,1,383,119,037,Curva 2.,13,32
161,40,-64,772,0,029,-67,554,-35,259,-0,017,4,751,0,000,1,000,0,000,-0,057,-0,227,35,577,-8,974,-4,872,-0,732,277,768,359,661,359,850,119,745,Curva 2.,13,34
161,42,-65,479,0,029,-67,469,-35,282,-0,021,4,622,0,000,1,000,0,000,-0,224,-0,219,35,582,-6,564,-0,346,0,265,277,832,359,689,358,699,120,452,Curva 2.,13,36
161,44,-66,182,0,028,-67,357,-35,249,0,006,4,892,0,000,1,000,0,000,0,023,-0,199,35,587,13,613,1,081,0,218,277,857,359,670,1,054,121,163,Curva 2.,13,38
161,46,-66,888,0,027,-67,261,-35,269,-0,075,4,908,0,000,1,000,0,000,0,058,-0,271,35,607,0,642,-4,094,1,039,277,824,359,687,0,709,121,872,Curva 2.,13,40
161,48,-67,596,0,027,-67,180,-35,293,0,024,4,713,-0,080,1,000,0,000,-0,123,-0,203,35,605,-9,964,4,740,-0,095,277,811,359,639,358,561,122,581,Curva 2.,13,42
161,50,-68,300,0,027,-67,072,-35,284,-0,022,4,865,-0,080,1,000,0,000,0,031,-0,248,35,617,7,574,-2,350,0,578,277,799,359,637,0,191,123,291,Curva 2.,13,44
161,52,-69,004,0,027,-66,966,-35,279,0,000,4,959,-0,642,1,000,0,000,0,150,-0,228,35,625,4,727,0,997,0,399,277,753,359,639,1,255,124,002,Curva 2.,13,46
161,54,-69,713,0,028,-66,887,-35,313,0,046,4,671,-0,642,1,000,0,000,-0,137,-0,190,35,620,-14,519,2,008,-0,264,277,762,359,626,358,892,124,711,Curva 2.,13,48
161,56,-70,419,0,027,-66,789,-35,340,-0,037,4,711,-0,864,1,000,0,000,-0,097,-0,246,35,652,1,810,-4,119,1,607,277,753,359,665,359,466,125,421,Curva 2.,13,50
161,58,-71,124,0,028,-66,680,-35,327,0,039,4,846,-0,864,1,000,0,000,0,114,-0,183,35,657,6,874,3,664,0,251,277,622,359,647,1,272,126,133,Curva 2.,13,52
161,60,-71,833,0,028,-66,600,-35,374,0,002,4,494,-1,000,1,000,0,000,-0,063,-0,217,35,658,-17,753,-2,110,0,103,277,345,359,649,359,259,126,842,Curva 2.,13,54
161,62,-72,541,0,027,-66,519,-35,418,-0,044,4,152,-1,000,1,000,0,000,-0,139,-0,252,35,659,-17,151,-2,774,0,082,276,921,359,673,358,437,127,551,Curva 2.,13,56
161,64,-73,247,0,028,-66,418,-35,419,0,067,4,066,-1,000,1,000,0,000,0,132,-0,165,35,651,-4,220,5,603,-0,399,276,333,359,630,0,734,128,263,Curva 2.,13,58
161,66,-73,956,0,028,-66,344,-35,429,-0,012,3,668,-1,000,1,000,0,000,0,113,-0,221,35,617,-19,843,-3,892,-1,499,275,730,359,663,0,071,128,970,Curva 2.,13,60
161,68,-74,666,0,028,-66,291,-35,462,0,008,3,055,-1,000,1,000,0,000,-0,175,-0,208,35,592,-30,685,-0,075,-1,123,275,217,359,662,358,012,129,675,Curva 2.,13,62
161,70,-75,375,0,029,-66,220,-35,504,0,111,2,865,-1,000,1,000,0,000,-0,042,-0,191,35,619,-9,693,5,042,1,338,274,684,359,516,359,468,130,383,Curva 2.,13,64
161,72,-76,085,0,031,-66,153,-35,525,0,114,2,643,-1,000,1,000,0,000,0,085,-0,230,35,623,-11,161,0,316,0,272,274,111,359,450,0,900,131,091,Curva 2.,13,66
161,74,-76,797,0,031,-66,123,-35,553,-0,015,2,005,-1,000,1,000,0,000,-0,240,-0,322,35,607,-31,731,-7,149,-0,670,273,626,359,514,358,703,131,793,Curva 2.,13,68
161,76,-77,507,0,030,-66,085,-35,538,-0,081,1,779,-1,000,1,000,0,000,-0,240,-0,348,35,580,-11,164,-3,568,-1,447,273,266,359,581,358,633,132,495,Curva 2.,13,70
161,78,-78,217,0,031,-66,028,-35,561,0,048,1,776,-1,000,1,000,0,000,0,003,-0,239,35,604,-0,061,6,437,1,199,272,845,359,539,1,341,133,201,Curva 2.,13,72
161,80,-78,928,0,030,-66,003,-35,552,-0,027,1,350,-1,000,1,000,0,000,-0,100,-0,325,35,577,-21,275,-3,566,-1,307,272,333,359,519,0,385,133,902,Curva 2.,13,74
161,82,-79,639,0,030,-65,993,-35,537,-0,016,1,047,-1,000,1,000,0,000,-0,192,-0,320,35,550,-15,145,0,073,-1,312,272,013,359,521,358,225,134,599,Curva 2.,13,76
161,84,-80,351,0,030,-65,964,-35,561,0,023,0,933,-1,000,1,000,0,000,-0,011,-0,316,35,572,-5,770,1,869,1,061,271,528,359,455,359,232,135,301,Curva 2.,13,78
161,86,-81,059,0,031,-65,930,-35,455,0,048,0,874,-1,000,1,000,0,000,0,161,-0,269,35,464,-2,778,1,349,-5,341,271,144,359,494,1,240,136,001,Curva 2.,13,80
161,88,-81,768,0,031,-65,933,-35,448,-0,008,0,306,-1,000,1,000,0,000,-0,215,-0,291,35,448,-28,387,-3,047,-0,775,270,847,359,546,359,473,136,694,Curva 2.,13,82
161,90,-82,476,0,030,-65,934,-35,455,-0,112,0,089,-1,000,1,000,0,000,-0,296,-0,333,35,452,-10,720,-5,463,0,171,270,635,359,654,358,703,137,387,Curva 2.,13,84
161,92,-83,186,0,029,-65,915,-35,509,-0,050,0,097,-1,000,1,000,0,000,-0,027,-0,257,35,509,0,419,3,126,2,756,270,194,359,664,0,740,138,086,Curva 2.,13,86
161,94,-83,894,0,028,-65,916,-35,400,-0,102,-0,103,-1,000,1,000,0,000,0,017,-0,264,35,399,-10,013,-2,546,-5,447,269,804,359,739,0,363,138,778,Curva 2.,13,88
161,96,-84,602,0,027,-65,939,-35,408,-0,024,-0,597,-1,000,1,000,0,000,-0,232,-0,206,35,411,-24,834,3,136,0,658,269,420,359,717,358,180,139,467,Curva 2.,13,90
161,98,-85,312,0,026,-65,939,-35,461,-0,018,-0,763,-1,000,1,000,0,000,-0,095,-0,222,35,468,-8,258,0,226,2,818,268,922,359,671,359,839,140,163,Curva 2.,13,92
162,00,-86,022,0,027,-65,945,-35,492,0,056,-0,935,-1,000,1,000,0,000,0,094,-0,188,35,503,-8,451,3,875,1,809,268,334,359,608,1,012,140,858,Curva 2.,13,94
162,02,-86,731,0,028,-65,989,-35,452,0,063,-1,595,-1,000,1,000,0,000,-0,199,-0,204,35,487,-33,089,-0,600,-0,672,267,755,359,578,358,373,141,543,Curva 2.,13,96
162,04,-87,442,0,028,-66,021,-35,491,0,070,-1,825,-1,000,1,000,0,000,-0,157,-0,254,35,536,-11,398,0,062,2,462,267,319,359,483,358,576,142,234,Curva 2.,13,98
162,06,-88,154,0,031,-66,037,-35,506,0,200,-1,870,-1,000,1,000,0,000,0,083,-0,190,35,555,-2,056,6,528,0,972,266,844,359,374,1,311,142,929,Curva 2.,14,00
162,08,-88,863,0,033,-66,087,-35,437,0,109,-2,409,-1,000,1,000,0,000,-0,151,-0,306,35,517,-27,146,-4,402,-1,809,266,352,359,329,0,285,143,614,Curva 2.,14,02
162,10,-89,571,0,033,-66,150,-35,496,-0,016,-2,679,-1,000,1,000,0,000,-0,302,-0,400,35,594,-13,079,-6,610,3,795,266,186,359,394,358,559,144,297,Curva 2.,14,04
162,12,-90,280,0,033,-66,193,-35,401,-0,061,-2,637,-1,000,1,000,0,000,-0,070,-0,382,35,497,1,734,-2,221,-4,912,265,856,359,484,359,586,144,984,Curva 2.,14,06
162,14,-90,986,0,032,-66,234,-35,334,-0,117,-2,641,-1,000,1,000,0,000,0,100,-0,345,35,431,-0,488,-2,756,-3,328,265,552,359,634,1,095,145,669,Curva 2.,14,08
162,16,-91,690,0,029,-66,305,-35,276,-0,182,-3,043,-1,000,1,000,0,000,-0,142,-0,324,35,406,-20,219,-3,555,-1,255,265,308,359,774,359,157,146,347,Curva 2.,14,10
162,18,-92,394,0,026,-66,370,-35,241,-0,197,-3,278,-1,000,1,000,0,000,-0,186,-0,293,35,392,-11,828,-1,006,-0,726,264,997,359,851,358,744,147,026,Curva 2.,14,12
162,20,-93,101,0,025,-66,422,-35,240,-0,015,-3,415,-1,000,1,000,0,000,0,012,-0,155,35,404,-6,730,9,204,0,609,264,443,359,773,0,655,147,711,Curva 2.,14,14
162,22,-93,806,0,025,-66,498,-35,191,0,025,-3,831,-1,000,1,000,0,000,0,024,-0,169,35,398,-20,973,1,931,-0,146,263,749,359,685,359,848,148,389,Curva 2.,14,16
162,24,-94,508,0,026,-66,592,-35,123,0,087,-4,468,-1,000,1,000,0,000,-0,186,-0,175,35,406,-32,073,2,018,0,520,263,061,359,586,358,077,3,252,Curva 3.,14,18
162,26,-95,214,0,029,-66,670,-35,149,0,225,-4,662,-1,000,1,000,0,000,0,040,-0,152,35,457,-9,484,6,817,2,620,262,382,359,390,359,655,3,492,Curva 3.,14,20
162,28,-95,918,0,032,-66,759,-35,119,0,176,-4,973,-1,000,1,000,0,000,0,108,-0,225,35,469,-15,618,-2,314,0,749,261,763,359,354,0,523,3,856,Curva 3.,14,22
162,30,-96,617,0,033,-66,879,-35,019,0,030,-5,601,-1,000,1,000,0,000,-0,237,-0,309,35,462,-31,644,-8,079,-0,266,261,307,359,463,358,644,4,325,Curva 3.,14,24
162,32,-97,317,0,033,-66,989,-34,996,-0,047,-5,764,-1,000,1,000,0,000,-0,215,-0,333,35,466,-8,161,-3,955,0,110,261,004,359,543,359,033,4,848,Curva 3.,14,26
162,34,-98,020,0,033,-67,089,-35,011,-0,032,-5,804,-1,000,1,000,0,000,-0,043,-0,293,35,488,-1,813,0,765,1,046,260,648,359,577,1,128,5,410,Curva 3.,14,28
162,36,-98,717,0,030,-67,218,-34,940,-0,197,-6,176,-1,000,1,000,0,000,-0,145,-0,384,35,480,-18,882,-8,373,-0,380,260,214,359,700,359,600,6,015,Curva 3.,14,30
162,38,-99,413,0,027,-67,351,-34,852,-0,196,-6,487,-1,000,1,000,0,000,-0,156,-0,338,35,449,-16,069,-0,428,-1,563,259,724,359,779,358,357,6,642,Curva 3.,14,32
162,40,-100,113,0,025,-67,465,-34,821,-0,057,-6,606,-1,000,1,000,0,000,0,080,-0,214,35,442,-6,111,7,027,-0,338,259,126,359,748,0,446,7,278,Curva 3.,14,34
162,42,-100,809,0,025,-67,599,-34,750,-0,009,-6,948,-1,000,1,000,0,000,0,112,-0,190,35,437,-17,423,2,519,-0,107,258,510,359,708,0,389,7,932,Curva 3.,14,36
162,44,-101,499,0,026,-67,762,-34,585,0,081,-7,616,-1,000,1,000,0,000,-0,204,-0,151,35,413,-34,561,3,313,-1,021,257,919,359,636,357,991,8,601,Curva 3.,14,38
162,46,-102,195,0,028,-67,905,-34,598,0,192,-7,803,-1,000,1,000,0,000,-0,020,-0,155,35,468,-9,040,5,354,2,759,257,327,359,440,359,213,9,273,Curva 3.,14,40
162,48,-102,891,0,032,-68,049,-34,576,0,222,-7,977,-1,000,1,000,0,000,0,176,-0,183,35,484,-8,677,1,665,0,941,256,720,359,351,1,026,9,950,Curva 3.,14,42
162,50,-103,577,0,034,-68,228,-34,398,0,129,-8,622,-1,000,1,000,0,000,-0,192,-0,279,35,461,-33,370,-5,044,-1,027,256,245,359,346,359,338,10,638,Curva 3.,14,44
162,52,-104,262,0,034,-68,404,-34,317,-0,103,-8,852,-1,000,1,000,0,000,-0,252,-0,397,35,437,-11,974,-11,758,-1,256,255,954,359,532,358,997,11,326,Curva 3.,14,46
162,54,-104,952,0,033,-68,568,-34,333,-0,095,-8,888,-1,000,1,000,0,000,-0,061,-0,325,35,463,-1,539,0,375,1,216,255,577,359,628,0,733,12,016,Curva 3.,14,48
162,56,-105,634,0,030,-68,750,-34,185,-0,201,-9,067,-1,000,1,000,0,000,-0,066,-0,338,35,366,-10,553,-5,256,-4,862,255,250,359,779,0,147,12,708,Curva 3.,14,50
162,58,-106,314,0,027,-68,946,-34,095,-0,141,-9,441,-1,000,1,000,0,000,-0,217,-0,271,35,377,-19,289,2,482,0,519,254,886,359,800,358,438,13,405,Curva 3.,14,52
162,60,-107,000,0,025,-69,124,-34,101,-0,075,-9,578,-1,000,1,000,0,000,-0,042,-0,238,35,420,-6,520,3,310,2,150,254,380,359,736,359,983,14,102,Curva 3.,14,54
162,62,-107,684,0,025,-69,312,-34,049,0,022,-9,836,-1,000,1,000,0,000,0,100,-0,199,35,440,-13,043,4,968,1,141,253,723,359,645,0,600,14,801,Curva 3.,14,56
162,64,-108,359,0,026,-69,529,-33,843,0,085,-10,450,-1,000,1,000,0,000,-0,130,-0,183,35,419,-32,465,2,225,-0,891,253,059,359,574,358,390,15,503,Curva 3.,14,58
162,66,-109,039,0,027,-69,732,-33,816,0,043,-10,712,-1,000,1,000,0,000,-0,072,-0,228,35,472,-12,844,-2,245,2,655,252,543,359,564,359,459,16,206,Curva 3.,14,60
162,68,-109,718,0,029,-69,938,-33,765,0,116,-10,911,-1,000,1,000,0,000,0,052,-0,162,35,484,-10,236,3,834,0,681,252,004,359,551,0,809,16,909,Curva 3.,14,62
162,70,-110,387,0,030,-70,175,-33,554,0,047,-11,464,-1,000,1,000,0,000,-0,216,-0,203,35,457,-29,476,-4,081,-1,291,251,493,359,604,358,842,17,613,Curva 3.,14,64
162,72,-111,057,0,030,-70,406,-33,471,-0,063,-11,790,-1,000,1,000,0,000,-0,261,-0,263,35,485,-16,675,-5,778,1,386,251,025,359,685,358,940,18,318,Curva 3.,14,66
162,74,-111,732,0,030,-70,627,-33,439,0,030,-11,901,-1,000,1,000,0,000,-0,022,-0,179,35,493,-5,680,4,721,0,356,250,440,359,661,0,863,19,024,Curva 3.,14,68
162,76,-112,396,0,029,-70,876,-33,256,-0,056,-12,296,-1,000,1,000,0,000,-0,057,-0,252,35,456,-21,649,-4,475,-1,774,249,804,359,685,359,586,19,730,Curva 3.,14,70
162,78,-113,056,0,028,-71,134,-33,077,-0,066,-12,770,-1,000,1,000,0,000,-0,187,-0,270,35,455,-25,308,-1,254,0,039,249,206,359,680,358,255,20,436,Curva 3.,14,72
162,80,-113,724,0,028,-71,375,-33,033,0,016,-12,923,-1,000,1,000,0,000,0,036,-0,218,35,470,-7,915,4,138,0,777,248,574,359,622,0,394,21,143,Curva 3.,14,74
162,82,-114,383,0,027,-71,635,-32,880,-0,012,-13,243,-1,000,1,000,0,000,0,066,-0,240,35,445,-17,701,-1,265,-1,134,247,954,359,632,0,407,21,849,Curva 3.,14,76
162,84,-115,032,0,028,-71,920,-32,608,0,024,-13,817,-1,000,1,000,0,000,-0,221,-0,212,35,413,-31,782,0,771,-1,509,247,404,359,631,358,143,22,553,Curva 3.,14,78
162,86,-115,689,0,029,-72,189,-32,594,0,093,-13,988,-1,000,1,000,0,000,-0,051,-0,213,35,468,-8,163,3,347,2,743,246,861,359,507,359,251,23,261,Curva 3.,14,80
162,88,-116,347,0,031,-72,457,-32,552,0,136,-14,136,-1,000,1,000,0,000,0,143,-0,216,35,488,-7,573,2,273,1,086,246,291,359,436,1,050,23,969,Curva 3.,14,82
162,90,-116,988,0,031,-72,760,-32,288,-0,021,-14,700,-1,000,1,000,0,000,-0,170,-0,319,35,475,-30,997,-8,471,-0,539,245,806,359,524,358,852,24,673,Curva 3.,14,84
162,92,-117,630,0,029,-73,057,-32,108,-0,183,-14,987,-1,000,1,000,0,000,-0,232,-0,358,35,431,-16,583,-8,474,-2,235,245,367,359,726,358,689,25,377,Curva 3.,14,86
162,94,-118,280,0,029,-73,339,-32,073,-0,023,-15,054,-1,000,1,000,0,000,0,017,-0,179,35,430,-3,625,8,074,-0,126,244,823,359,748,1,092,26,083,Curva 3.,14,88
162,96,-118,916,0,027,-73,651,-31,857,-0,095,-15,428,-1,000,1,000,0,000,-0,026,-0,229,35,395,-21,525,-3,676,-1,623,244,203,359,783,359,775,26,787,Curva 3.,14,90
162,98,-119,545,0,026,-73,976,-31,600,-0,041,-15,940,-1,000,1,000,0,000,-0,200,-0,214,35,392,-28,706,1,628,-0,068,243,570,359,733,357,862,27,489,Curva 3.,14,92
163,00,-120,185,0,027,-74,282,-31,532,0,144,-16,097,-1,000,1,000,0,000,0,038,-0,149,35,404,-8,601,9,210,0,650,242,895,359,526,359,835,28,195,Curva 3.,14,94
163,02,-120,818,0,029,-74,600,-31,380,0,141,-16,402,-1,000,1,000,0,000,0,098,-0,207,35,407,-17,035,0,079,0,333,242,241,359,438,0,668,28,899,Curva 3.,14,96
163,04,-121,434,0,031,-74,950,-31,056,0,067,-17,033,-1,000,1,000,0,000,-0,289,-0,276,35,418,-35,328,-4,772,0,624,241,737,359,459,358,341,29,599,Curva 3.,14,98
163,06,-122,058,0,032,-75,286,-30,986,0,044,-17,139,-1,000,1,000,0,000,-0,142,-0,300,35,409,-6,301,-1,245,-0,486,241,292,359,448,358,915,30,301,Curva 3.,15,00
163,08,-122,686,0,033,-75,614,-30,990,0,063,-17,198,-1,000,1,000,0,000,0,092,-0,272,35,441,-2,492,0,972,1,593,240,813,359,463,1,206,31,006,Curva 3.,15,02
163,10,-123,299,0,032,-75,969,-30,738,-0,046,-17,628,-1,000,1,000,0,000,-0,115,-0,347,35,432,-24,892,-5,425,-0,347,240,352,359,513,0,014,31,706,Curva 3.,15,04
163,12,-123,909,0,031,-76,333,-30,709,-0,118,-17,860,-1,000,1,000,0,000,-0,208,-0,389,35,522,-10,711,-3,873,4,477,240,168,359,570,358,614,32,407,Curva 3.,15,06
163,14,-124,528,0,029,-76,679,-30,643,-0,083,-17,844,-1,000,1,000,0,000,-0,016,-0,332,35,458,-0,941,1,741,-3,239,239,813,359,598,0,013,33,110,Curva 3.,15,08
163,16,-125,142,0,028,-77,030,-30,511,-0,075,-17,893,-1,000,1,000,0,000,0,070,-0,283,35,370,-5,446,0,520,-4,428,239,491,359,665,0,849,33,811,Curva 3.,15,10
163,18,-125,742,0,028,-77,406,-30,307,-0,043,-18,330,-1,000,1,000,0,000,-0,222,-0,249,35,417,-24,056,1,048,2,413,239,202,359,674,358,686,34,509,Curva 3.,15,12
163,20,-126,351,0,026,-77,767,-30,252,-0,080,-18,409,-1,000,1,000,0,000,-0,120,-0,262,35,412,-4,751,-1,898,-0,297,238,878,359,707,359,511,35,210,Curva 3.,15,14
163,22,-126,962,0,027,-78,128,-30,182,0,034,-18,562,-1,000,1,000,0,000,0,047,-0,171,35,433,-8,305,5,788,1,075,238,328,359,669,0,718,35,912,Curva 3.,15,16
163,24,-127,557,0,027,-78,513,-29,907,0,048,-19,001,-1,000,1,000,0,000,-0,081,-0,179,35,433,-25,908,0,268,0,110,237,706,359,635,359,004,36,610,Curva 3.,15,18
163,26,-128,153,0,027,-78,898,-29,691,0,019,-19,408,-1,000,1,000,0,000,-0,155,-0,223,35,470,-22,900,-2,014,1,956,237,088,359,615,358,680,37,309,Curva 3.,15,20
163,28,-128,755,0,029,-79,275,-29,597,0,118,-19,579,-1,000,1,000,0,000,0,061,-0,159,35,487,-9,649,5,043,0,849,236,415,359,554,0,589,38,010,Curva 3.,15,22
163,30,-129,341,0,030,-79,674,-29,308,0,021,-19,956,-1,000,1,000,0,000,-0,025,-0,230,35,456,-23,729,-4,973,-1,372,235,790,359,596,359,710,38,707,Curva 3.,15,24
163,32,-129,918,0,030,-80,085,-28,995,-0,021,-20,403,-1,000,1,000,0,000,-0,250,-0,252,35,452,-27,193,-2,868,-0,176,235,282,359,640,358,369,39,401,Curva 3.,15,26
163,34,-130,506,0,030,-80,484,-28,942,0,055,-20,528,-1,000,1,000,0,000,-0,068,-0,215,35,482,-6,634,3,801,1,473,234,762,359,564,0,024,40,099,Curva 3.,15,28
163,36,-131,086,0,030,-80,892,-28,776,0,003,-20,743,-1,000,1,000,0,000,-0,004,-0,272,35,472,-13,602,-2,464,-0,440,234,217,359,556,0,502,40,796,Curva 3.,15,30
163,38,-131,650,0,030,-81,322,-28,471,-0,034,-21,167,-1,000,1,000,0,000,-0,228,-0,302,35,476,-26,061,-2,458,0,224,233,751,359,575,358,656,41,487,Curva 3.,15,32
163,40,-132,224,0,028,-81,738,-28,381,-0,108,-21,260,-1,000,1,000,0,000,-0,083,-0,324,35,459,-6,392,-3,750,-0,877,233,301,359,652,359,698,42,182,Curva 3.,15,34
163,42,-132,796,0,028,-82,157,-28,286,-0,043,-21,405,-1,000,1,000,0,000,0,067,-0,244,35,471,-8,597,3,348,0,644,232,771,359,677,0,726,42,877,Curva 3.,15,36
163,44,-133,351,0,027,-82,599,-27,954,-0,025,-21,810,-1,000,1,000,0,000,-0,118,-0,223,35,455,-26,218,0,415,-0,723,232,235,359,683,358,857,43,566,Curva 3.,15,38
163,46,-133,909,0,026,-83,037,-27,771,-0,041,-22,102,-1,000,1,000,0,000,-0,138,-0,244,35,491,-17,106,-1,163,1,840,231,714,359,678,358,968,44,258,Curva 3.,15,40
163,48,-134,473,0,028,-83,470,-27,655,0,085,-22,266,-1,000,1,000,0,000,0,044,-0,157,35,504,-9,967,6,444,0,690,231,087,359,610,0,632,44,953,Curva 3.,15,42
163,50,-135,018,0,028,-83,925,-27,311,0,042,-22,646,-1,000,1,000,0,000,-0,072,-0,202,35,478,-25,561,-2,389,-1,156,230,455,359,607,359,430,45,640,Curva 3.,15,44
163,52,-135,556,0,029,-84,387,-26,971,0,012,-23,062,-1,000,1,000,0,000,-0,257,-0,232,35,485,-26,808,-2,271,0,382,229,892,359,618,358,437,46,326,Curva 3.,15,46
163,54,-136,106,0,030,-84,837,-26,895,0,066,-23,188,-1,000,1,000,0,000,-0,043,-0,191,35,511,-7,226,2,746,1,255,229,300,359,585,0,473,47,018,Curva 3.,15,48
163,56,-136,641,0,030,-85,303,-26,662,-0,022,-23,432,-1,000,1,000,0,000,-0,014,-0,252,35,495,-16,869,-4,318,-0,741,228,709,359,629,0,241,47,704,Curva 3.,15,50
163,58,-137,162,0,030,-85,785,-26,282,-0,024,-23,829,-1,000,1,000,0,000,-0,231,-0,248,35,474,-27,447,-0,886,-0,970,228,188,359,650,358,307,48,385,Curva 3.,15,52
163,60,-137,694,0,029,-86,256,-26,206,0,029,-23,973,-1,000,1,000,0,000,-0,062,-0,246,35,516,-7,897,2,544,2,068,227,652,359,557,359,457,49,072,Curva 3.,15,54
163,62,-138,226,0,030,-86,728,-26,095,0,066,-24,108,-1,000,1,000,0,000,0,105,-0,249,35,526,-8,710,1,996,0,594,227,090,359,494,0,911,49,760,Curva 3.,15,56
163,64,-138,733,0,030,-87,225,-25,690,-0,027,-24,528,-1,000,1,000,0,000,-0,165,-0,317,35,518,-29,068,-5,230,-0,328,226,601,359,538,358,847,50,439,Curva 3.,15,58
163,66,-139,244,0,028,-87,716,-25,446,-0,140,-24,723,-1,000,1,000,0,000,-0,197,-0,342,35,477,-15,355,-5,930,-2,077,226,155,359,680,358,883,51,118,Curva 3.,15,60
163,68,-139,764,0,028,-88,199,-25,379,0,001,-24,805,-1,000,1,000,0,000,0,033,-0,190,35,487,-5,178,7,102,0,487,225,596,359,692,0,943,51,803,Curva 3.,15,62
163,70,-140,263,0,028,-88,704,-25,040,-0,051,-25,112,-1,000,1,000,0,000,-0,048,-0,221,35,462,-22,810,-2,749,-1,157,224,998,359,727,359,586,52,480,Curva 3.,15,64
163,72,-140,753,0,027,-89,217,-24,657,-0,030,-25,496,-1,000,1,000,0,000,-0,217,-0,219,35,467,-27,135,0,154,0,332,224,404,359,707,358,116,53,154,Curva 3.,15,66
163,74,-141,259,0,027,-89,715,-24,564,0,062,-25,607,-1,000,1,000,0,000,0,036,-0,167,35,484,-7,142,4,665,0,847,223,749,359,630,0,456,53,836,Curva 3.,15,68
163,76,-141,749,0,028,-90,228,-24,293,0,020,-25,840,-1,000,1,000,0,000,0,077,-0,212,35,466,-17,897,-1,947,-0,766,223,105,359,626,0,447,54,511,Curva 3.,15,70
163,78,-142,217,0,029,-90,760,-23,787,0,045,-26,264,-1,000,1,000,0,000,-0,227,-0,201,35,434,-32,982,0,124,-1,465,222,545,359,614,358,037,55,178,Curva 3.,15,72
163,80,-142,700,0,030,-91,282,-23,689,0,109,-26,424,-1,000,1,000,0,000,-0,065,-0,220,35,488,-9,023,3,011,2,680,221,988,359,471,359,097,55,853,Curva 3.,15,74
163,82,-143,186,0,032,-91,801,-23,598,0,141,-26,530,-1,000,1,000,0,000,0,146,-0,231,35,505,-6,933,1,731,0,963,221,409,359,405,1,135,56,530,Curva 3.,15,76
163,84,-143,643,0,033,-92,343,-23,108,0,054,-26,928,-1,000,1,000,0,000,-0,177,-0,317,35,482,-31,490,-4,568,-1,061,220,925,359,403,359,538,57,196,Curva 3.,15,78
163,86,-144,099,0,032,-92,885,-22,905,-0,112,-27,066,-1,000,1,000,0,000,-0,222,-0,396,35,455,-12,029,-8,534,-1,392,220,611,359,548,358,808,57,861,Curva 3.,15,80
163,88,-144,568,0,031,-93,418,-22,887,-0,094,-27,123,-1,000,1,000,0,000,-0,031,-0,324,35,488,-2,518,0,874,1,598,220,204,359,628,0,555,58,533,Curva 3.,15,82
163,90,-145,022,0,029,-93,960,-22,670,-0,157,-27,186,-1,000,1,000,0,000,-0,036,-0,307,35,396,-10,373,-3,058,-4,595,219,879,359,757,0,348,59,198,Curva 3.,15,84
163,92,-145,461,0,027,-94,515,-22,332,-0,086,-27,486,-0,826,1,000,0,000,-0,267,-0,237,35,413,-22,658,2,939,0,854,219,536,359,767,358,406,59,859,Curva 3.,15,86
163,94,-145,917,0,025,-95,059,-22,269,-0,054,-27,609,-0,826,1,000,0,000,-0,111,-0,230,35,470,-6,325,1,554,2,782,219,070,359,716,359,862,60,528,Curva 3.,15,88
163,96,-146,368,0,026,-95,608,-22,117,0,040,-27,762,-0,826,1,000,0,000,0,062,-0,187,35,495,-10,639,4,840,1,328,218,440,359,635,0,743,61,197,Curva 3.,15,90
163,98,-146,794,0,027,-96,176,-21,616,0,078,-28,132,-0,748,1,000,0,000,-0,151,-0,188,35,477,-31,161,1,063,-0,738,217,790,359,578,358,504,61,856,Curva 3.,15,92
164,00,-147,231,0,027,-96,737,-21,447,0,014,-28,315,-0,680,1,000,0,000,-0,100,-0,244,35,520,-12,277,-3,337,2,139,217,306,359,586,359,341,62,520,Curva 3.,15,94
164,02,-147,670,0,029,-97,295,-21,389,0,099,-28,373,-0,622,1,000,0,000,0,080,-0,170,35,532,-3,947,4,319,0,604,216,877,359,568,1,070,63,188,Curva 3.,15,96
164,04,-148,081,0,030,-97,874,-20,954,0,017,-28,667,-0,555,1,000,0,000,-0,190,-0,220,35,508,-26,134,-4,540,-1,134,216,478,359,622,359,024,63,842,Curva 3.,15,98
164,06,-148,496,0,029,-98,451,-20,684,-0,079,-28,886,-0,371,1,000,0,000,-0,282,-0,270,35,525,-17,268,-5,203,0,856,216,070,359,703,358,642,64,500,Curva 3.,16,00
164,08,-148,926,0,029,-99,017,-20,697,0,037,-28,883,-0,371,1,000,0,000,0,007,-0,169,35,532,0,728,5,792,0,275,215,607,359,668,1,107,65,166,Curva 3.,16,02
164,10,-149,332,0,028,-99,599,-20,444,-0,072,-29,029,-0,235,1,000,0,000,0,003,-0,256,35,504,-14,555,-5,447,-1,343,215,151,359,703,0,070,65,822,Curva 3.,16,04
164,12,-149,727,0,027,-100,190,-20,102,-0,027,-29,263,-0,235,1,000,0,000,-0,183,-0,231,35,501,-20,778,1,571,-0,116,214,793,359,681,358,160,66,474,Curva 3.,16,06
164,14,-150,143,0,028,-100,767,-20,153,0,082,-29,245,-0,235,1,000,0,000,0,036,-0,202,35,516,2,633,5,470,0,747,214,513,359,542,0,089,67,137,Curva 3.,16,08
164,16,-150,551,0,029,-101,349,-20,092,0,059,-29,313,-0,187,1,000,0,000,0,102,-0,259,35,537,-4,447,-1,069,1,081,214,257,359,489,1,022,67,798,Curva 3.,16,10
164,18,-150,935,0,029,-101,948,-19,762,0,035,-29,581,-0,148,1,000,0,000,-0,262,-0,284,35,573,-21,160,-1,703,1,827,214,178,359,495,358,732,68,449,Curva 3.,16,12
164,20,-151,335,0,028,-102,534,-19,751,-0,107,-29,522,-0,129,1,000,0,000,-0,162,-0,323,35,518,1,248,-7,081,-2,795,214,049,359,653,359,650,69,107,Curva 3.,16,14
164,22,-151,743,0,028,-103,116,-19,863,-0,042,-29,478,-0,119,1,000,0,000,0,091,-0,218,35,545,5,942,3,128,1,308,213,819,359,719,1,366,69,770,Curva 3.,16,16
164,24,-152,127,0,027,-103,714,-19,673,-0,045,-29,622,-0,119,1,000,0,000,-0,029,-0,207,35,559,-11,900,-0,306,0,731,213,640,359,739,359,388,70,424,Curva 3.,16,18
164,26,-152,517,0,026,-104,310,-19,588,-0,050,-29,714,-0,313,1,000,0,000,-0,088,-0,225,35,588,-6,084,-0,404,1,450,213,543,359,722,358,838,71,083,Curva 3.,16,20
164,28,-152,925,0,027,-104,894,-19,739,0,054,-29,612,-0,313,1,000,0,000,0,143,-0,172,35,587,9,215,5,017,-0,065,213,451,359,642,1,168,71,750,Curva 3.,16,22
164,30,-153,313,0,026,-105,492,-19,624,-0,008,-29,705,-0,313,1,000,0,000,0,034,-0,240,35,601,-7,388,-3,070,0,731,213,392,359,627,0,211,72,410,Curva 3.,16,24
164,32,-153,693,0,027,-106,094,-19,422,0,047,-29,843,-0,371,1,000,0,000,-0,186,-0,206,35,605,-12,241,2,427,0,210,213,365,359,602,358,515,73,067,Curva 3.,16,26
164,34,-154,095,0,028,-106,682,-19,538,0,033,-29,780,-0,390,1,000,0,000,0,015,-0,211,35,616,6,568,-0,723,0,540,213,241,359,606,0,517,73,734,Curva 3.,16,28
164,36,-154,489,0,028,-107,276,-19,521,-0,015,-29,816,-0,390,1,000,0,000,0,117,-0,236,35,637,-1,740,-2,377,1,026,213,020,359,648,0,864,74,399,Curva 3.,16,30
164,38,-154,861,0,029,-107,884,-19,195,0,031,-30,019,-0,390,1,000,0,000,-0,149,-0,194,35,630,-19,272,1,799,-0,306,212,844,359,644,358,520,75,056,Curva 3.,16,32
164,40,-155,252,0,028,-108,480,-19,179,-0,060,-30,074,-0,380,1,000,0,000,-0,065,-0,262,35,668,-2,123,-4,573,1,861,212,633,359,676,359,671,75,723,Curva 3.,16,34
164,42,-155,647,0,028,-109,075,-19,209,0,010,-30,055,-0,380,1,000,0,000,0,122,-0,206,35,668,1,842,3,449,0,049,212,381,359,657,1,294,76,392,Curva 3.,16,36
164,44,-156,014,0,028,-109,687,-18,859,-0,002,-30,258,-0,322,1,000,0,000,-0,129,-0,222,35,653,-20,182,-0,963,-0,711,212,148,359,650,359,011,77,049,Curva 3.,16,38
164,46,-156,389,0,027,-110,293,-18,713,-0,065,-30,362,-0,264,1,000,0,000,-0,182,-0,267,35,664,-8,883,-3,328,0,512,211,947,359,681,358,874,77,711,Curva 3.,16,40
164,48,-156,779,0,027,-110,891,-18,788,0,060,-30,310,-0,235,1,000,0,000,0,064,-0,168,35,660,4,687,6,174,-0,190,211,685,359,636,1,232,78,381,Curva 3.,16,42
164,50,-157,146,0,027,-111,502,-18,581,-0,019,-30,429,-0,216,1,000,0,000,-0,013,-0,231,35,653,-11,932,-3,973,-0,361,211,430,359,660,359,969,79,041,Curva 3.,16,44
164,52,-157,506,0,027,-112,118,-18,358,0,012,-30,568,-0,206,1,000,0,000,-0,156,-0,207,35,656,-13,181,1,213,0,151,211,246,359,655,358,470,79,699,Curva 3.,16,46
164,54,-157,889,0,028,-112,720,-18,458,0,033,-30,516,-0,206,1,000,0,000,0,057,-0,195,35,664,5,641,0,968,0,395,211,073,359,634,0,667,80,368,Curva 3.,16,48
164,56,-158,259,0,027,-113,330,-18,417,-0,026,-30,557,-0,206,1,000,0,000,0,096,-0,242,35,677,-2,851,-2,926,0,699,210,918,359,656,0,822,81,032,Curva 3.,16,50
164,58,-158,609,0,028,-113,952,-18,097,0,036,-30,737,-0,216,1,000,0,000,-0,210,-0,197,35,667,-18,430,2,636,-0,496,210,835,359,634,358,456,81,689,Curva 3.,16,52
164,60,-158,980,0,027,-114,562,-18,139,-0,048,-30,751,-0,216,1,000,0,000,-0,117,-0,262,35,702,1,455,-4,236,1,702,210,725,359,658,359,871,82,356,Curva 3.,16,54
164,62,-159,354,0,027,-115,170,-18,211,0,003,-30,715,-0,216,1,000,0,000,0,068,-0,217,35,707,4,068,2,451,0,278,210,546,359,650,1,392,83,025,Curva 3.,16,56
164,64,-159,701,0,027,-115,795,-17,933,0,012,-30,876,-0,216,1,000,0,000,-0,155,-0,215,35,705,-16,050,0,181,-0,114,210,403,359,640,359,024,83,683,Curva 3.,16,58
164,66,-160,059,0,027,-116,413,-17,881,-0,059,-30,931,-0,216,1,000,0,000,-0,172,-0,265,35,726,-3,586,-3,601,1,038,210,315,359,674,359,058,84,347,Curva 3.,16,60
164,68,-160,434,0,027,-117,022,-18,030,0,051,-30,838,-0,216,1,000,0,000,0,091,-0,176,35,721,8,913,5,297,-0,237,210,162,359,640,1,371,85,019,Curva 3.,16,62
164,70,-160,784,0,027,-117,645,-17,857,-0,021,-30,940,-0,274,1,000,0,000,-0,014,-0,232,35,722,-10,045,-3,616,0,056,210,014,359,661,359,884,85,682,Curva 3.,16,64
164,72,-161,131,0,027,-118,269,-17,684,0,004,-31,035,-0,274,1,000,0,000,-0,146,-0,210,35,719,-9,869,1,009,-0,162,209,918,359,663,358,536,86,344,Curva 3.,16,66
164,74,-161,501,0,028,-118,881,-17,824,0,039,-30,960,-0,274,1,000,0,000,0,094,-0,188,35,724,7,919,1,591,0,233,209,773,359,639,0,809,87,016,Curva 3.,16,68
164,76,-161,856,0,027,-119,501,-17,762,-0,030,-31,013,-0,342,1,000,0,000,0,116,-0,243,35,739,-4,043,-3,399,0,763,209,609,359,661,0,674,87,683,Curva 3.,16,70
164,78,-162,193,0,028,-120,131,-17,434,0,036,-31,189,-0,342,1,000,0,000,-0,184,-0,196,35,730,-18,673,2,806,-0,432,209,509,359,636,358,372,88,344,Curva 3.,16,72
164,80,-162,552,0,027,-120,750,-17,452,-0,034,-31,207,-0,371,1,000,0,000,-0,092,-0,251,35,754,0,366,-3,504,1,212,209,364,359,651,359,952,89,014,Curva 3.,16,74
164,82,-162,911,0,027,-121,368,-17,498,0,005,-31,189,-0,380,1,000,0,000,0,077,-0,218,35,762,2,454,1,852,0,361,209,162,359,646,1,352,89,685,Curva 3.,16,76
164,84,-163,241,0,028,-122,003,-17,142,0,018,-31,375,-0,380,1,000,0,000,-0,195,-0,213,35,751,-20,061,0,272,-0,491,208,971,359,635,358,792,90,345,Curva 3.,16,78
164,86,-163,586,0,026,-122,629,-17,103,-0,078,-31,425,-0,429,1,000,0,000,-0,180,-0,279,35,776,-2,874,-4,862,1,231,208,851,359,682,359,198,91,012,Curva 3.,16,80
164,88,-163,944,0,027,-123,249,-17,201,0,043,-31,364,-0,458,1,000,0,000,0,056,-0,177,35,771,5,926,5,876,-0,285,208,645,359,651,1,385,91,686,Curva 3.,16,82
164,90,-164,275,0,027,-123,884,-16,940,-0,011,-31,492,-0,458,1,000,0,000,-0,071,-0,221,35,759,-14,512,-2,762,-0,582,208,393,359,664,359,582,92,348,Curva 3.,16,84
164,92,-164,605,0,027,-124,518,-16,723,-0,013,-31,608,-0,458,1,000,0,000,-0,157,-0,222,35,758,-12,317,-0,432,-0,022,208,142,359,672,358,487,93,011,Curva 3.,16,86
164,94,-164,957,0,028,-125,141,-16,814,0,061,-31,558,-0,487,1,000,0,000,0,126,-0,169,35,757,5,247,3,595,-0,052,207,842,359,634,0,919,93,684,Curva 3.,16,88
164,96,-165,288,0,027,-125,775,-16,601,-0,025,-31,673,-0,496,1,000,0,000,0,077,-0,236,35,759,-12,116,-4,224,0,150,207,534,359,662,0,315,94,349,Curva 3.,16,90
164,98,-165,602,0,028,-126,418,-16,191,0,023,-31,873,-0,526,1,000,0,000,-0,220,-0,204,35,748,-22,864,1,692,-0,541,207,292,359,648,358,178,95,007,Curva 3.,16,92
165,00,-165,936,0,028,-127,051,-16,184,0,095,-31,903,-0,555,1,000,0,000,-0,076,-0,203,35,773,-0,992,3,578,1,253,207,021,359,523,359,654,95,676,Curva 3.,16,94
165,02,-166,271,0,030,-127,684,-16,153,0,096,-31,936,-0,555,1,000,0,000,0,083,-0,242,35,788,-2,126,0,091,0,763,206,690,359,461,1,192,96,345,Curva 3.,16,96
165,04,-166,575,0,030,-128,333,-15,748,-0,007,-32,147,-0,584,1,000,0,000,-0,217,-0,318,35,795,-22,740,-5,615,0,403,206,457,359,510,358,917,97,002,Curva 3.,16,98
165,06,-166,889,0,028,-128,973,-15,620,-0,164,-32,133,-0,584,1,000,0,000,-0,209,-0,355,35,727,-5,311,-7,883,-3,508,206,268,359,698,359,139,97,662,Curva 3.,17,00
165,08,-167,218,0,028,-129,608,-15,705,-0,048,-32,110,-0,584,1,000,0,000,0,034,-0,211,35,744,4,433,5,668,0,838,206,000,359,741,1,296,98,330,Curva 3.,17,02
165,10,-167,519,0,026,-130,256,-15,428,-0,084,-32,244,-0,584,1,000,0,000,-0,054,-0,233,35,744,-15,352,-1,897,0,013,205,659,359,762,359,642,98,987,Curva 3.,17,04
165,12,-167,817,0,025,-130,906,-15,098,-0,039,-32,403,-0,593,1,000,0,000,-0,149,-0,217,35,746,-18,379,1,707,0,173,205,233,359,721,358,224,99,644,Curva 3.,17,06
165,14,-168,137,0,026,-131,546,-15,101,0,068,-32,402,-0,603,1,000,0,000,0,136,-0,164,35,748,0,222,5,330,0,093,204,766,359,632,0,719,100,311,Curva 3.,17,08
165,16,-168,435,0,026,-132,196,-14,811,0,022,-32,527,-0,603,1,000,0,000,0,100,-0,214,35,740,-15,785,-2,174,-0,292,204,320,359,622,0,400,100,970,Curva 3.,17,10
165,18,-168,710,0,028,-132,856,-14,283,0,072,-32,740,-0,603,1,000,0,000,-0,252,-0,185,35,718,-28,553,1,517,-1,012,203,982,359,603,358,067,101,618,Curva 3.,17,12
165,20,-169,005,0,029,-133,509,-14,222,0,142,-32,815,-0,603,1,000,0,000,-0,132,-0,193,35,764,-4,304,3,470,2,246,203,647,359,465,359,356,102,278,Curva 3.,17,14
165,22,-169,303,0,031,-134,160,-14,187,0,140,-32,853,-0,603,1,000,0,000,0,060,-0,230,35,784,-2,378,-0,071,1,037,203,252,359,410,1,250,102,939,Curva 3.,17,16
165,24,-169,570,0,033,-134,824,-13,736,0,073,-33,044,-0,603,1,000,0,000,-0,231,-0,311,35,783,-24,447,-3,515,-0,009,202,945,359,387,359,634,103,588,Curva 3.,17,18
165,26,-169,838,0,032,-135,486,-13,538,-0,097,-33,074,-0,603,1,000,0,000,-0,281,-0,398,35,734,-9,541,-8,666,-2,529,202,724,359,527,358,854,104,236,Curva 3.,17,20
165,28,-170,124,0,031,-136,141,-13,618,-0,105,-33,079,-0,603,1,000,0,000,-0,002,-0,343,35,771,3,587,-0,482,1,755,202,372,359,620,0,741,104,894,Curva 3.,17,22
165,30,-170,393,0,028,-136,801,-13,449,-0,190,-33,061,-0,603,1,000,0,000,0,025,-0,336,35,691,-7,520,-4,159,-3,997,202,093,359,767,0,400,105,544,Curva 3.,17,24
165,32,-170,645,0,026,-137,469,-13,095,-0,100,-33,212,-0,555,1,000,0,000,-0,202,-0,242,35,699,-19,366,3,956,0,391,201,853,359,782,358,392,106,187,Curva 3.,17,26
165,34,-170,917,0,025,-138,130,-13,044,-0,061,-33,277,-0,555,1,000,0,000,-0,079,-0,228,35,742,-3,550,1,951,2,134,201,532,359,732,359,943,106,842,Curva 3.,17,28
165,36,-171,187,0,025,-138,794,-12,989,0,039,-33,323,-0,555,1,000,0,000,0,091,-0,185,35,764,-3,280,5,022,1,160,201,145,359,645,1,087,107,497,Curva 3.,17,30
165,38,-171,425,0,026,-139,469,-12,477,0,090,-33,499,-0,158,1,000,0,000,-0,199,-0,179,35,746,-27,148,1,873,-0,798,200,754,359,577,358,552,108,138,Curva 3.,17,32
165,40,-171,679,0,026,-140,138,-12,360,0,006,-33,587,-0,158,1,000,0,000,-0,156,-0,249,35,787,-6,978,-4,304,2,015,200,457,359,595,359,317,108,787,Curva 3.,17,34
165,42,-171,942,0,028,-140,804,-12,401,0,101,-33,575,-0,158,1,000,0,000,0,080,-0,163,35,792,2,249,4,730,0,215,200,137,359,580,1,326,109,441,Curva 3.,17,36
165,44,-172,172,0,029,-141,481,-11,998,0,016,-33,705,-0,022,1,000,0,000,-0,143,-0,215,35,776,-21,082,-4,527,-0,743,199,828,359,633,359,205,110,081,Curva 3.,17,38
165,46,-172,407,0,028,-142,157,-11,820,-0,066,-33,779,0,000,1,000,0,000,-0,202,-0,254,35,786,-9,562,-4,311,0,468,199,617,359,706,358,763,110,723,Curva 3.,17,40
165,48,-172,664,0,028,-142,825,-11,997,0,028,-33,708,0,000,1,000,0,000,0,076,-0,174,35,779,9,658,4,451,-0,374,199,464,359,680,1,357,111,377,Curva 3.,17,42
165,50,-172,895,0,027,-143,502,-11,883,-0,081,-33,743,0,000,1,000,0,000,-0,001,-0,263,35,773,-5,983,-5,390,-0,283,199,401,359,708,0,299,112,021,Curva 3.,17,44
165,52,-173,120,0,027,-144,182,-11,748,-0,001,-33,787,0,000,1,000,0,000,-0,169,-0,210,35,770,-7,208,3,787,-0,167,199,452,359,673,358,545,112,661,Curva 3.,17,46
165,54,-173,372,0,027,-144,851,-11,978,0,003,-33,704,0,000,1,000,0,000,0,050,-0,220,35,768,12,239,0,080,-0,062,199,481,359,643,0,695,113,316,Curva 3.,17,48
165,56,-173,615,0,026,-145,525,-12,049,-0,027,-33,699,0,000,1,000,0,000,0,122,-0,250,35,788,3,406,-1,587,0,959,199,471,359,647,1,064,113,967,Curva 3.,17,50
165,58,-173,836,0,027,-146,206,-11,787,0,065,-33,791,0,000,1,000,0,000,-0,170,-0,184,35,787,-13,994,4,272,-0,005,199,510,359,607,358,585,114,609,Curva 3.,17,52
165,60,-174,081,0,027,-146,879,-11,893,-0,027,-33,787,0,000,1,000,0,000,-0,079,-0,253,35,818,5,061,-4,615,1,549,199,520,359,640,359,828,115,263,Curva 3.,17,54
165,62,-174,332,0,027,-147,550,-12,039,0,024,-33,741,0,000,1,000,0,000,0,117,-0,203,35,824,7,692,2,381,0,272,199,440,359,641,1,462,115,920,Curva 3.,17,56
165,64,-174,556,0,028,-148,231,-11,827,0,020,-33,821,0,000,1,000,0,000,-0,082,-0,205,35,828,-11,270,-0,389,0,224,199,410,359,642,359,251,116,566,Curva 3.,17,58
165,66,-174,790,0,027,-148,908,-11,792,-0,042,-33,854,0,000,1,000,0,000,-0,138,-0,249,35,848,-2,166,-3,113,0,979,199,433,359,673,359,012,117,218,Curva 3.,17,60
165,68,-175,046,0,028,-149,578,-12,056,0,041,-33,749,0,000,1,000,0,000,0,153,-0,187,35,837,14,291,3,771,-0,546,199,406,359,643,1,458,117,880,Curva 3.,17,62
165,70,-175,277,0,027,-150,257,-11,971,-0,049,-33,796,0,000,1,000,0,000,0,065,-0,258,35,853,-4,823,-4,495,0,781,199,400,359,667,0,126,118,532,Curva 3.,17,64
165,72,-175,504,0,027,-150,937,-11,842,0,005,-33,837,0,000,1,000,0,000,-0,110,-0,213,35,848,-6,820,2,534,-0,216,199,472,359,656,358,543,119,183,Curva 3.,17,66
165,74,-175,759,0,027,-151,608,-12,066,0,017,-33,755,0,000,1,000,0,000,0,108,-0,209,35,846,11,931,0,438,-0,093,199,493,359,641,0,810,119,847,Curva 3.,17,68
165,76,-176,002,0,027,-152,283,-12,099,-0,039,-33,760,0,000,1,000,0,000,0,152,-0,251,35,861,1,462,-2,838,0,751,199,468,359,665,0,938,120,506,Curva 3.,17,70
165,78,-176,223,0,027,-152,965,-11,817,0,052,-33,850,0,000,1,000,0,000,-0,153,-0,183,35,853,-14,943,4,145,-0,420,199,495,359,632,358,482,121,157,Curva 3.,17,72
165,80,-176,470,0,027,-153,638,-11,921,-0,035,-33,831,0,000,1,000,0,000,-0,055,-0,249,35,869,5,243,-4,319,0,784,199,500,359,658,359,949,121,819,Curva 3.,17,74
165,82,-176,721,0,027,-154,311,-12,042,0,009,-33,785,0,000,1,000,0,000,0,114,-0,209,35,866,6,527,2,024,-0,150,199,427,359,656,1,464,122,484,Curva 3.,17,76
165,84,-176,943,0,027,-154,993,-11,801,0,025,-33,869,0,000,1,000,0,000,-0,122,-0,201,35,865,-12,775,0,606,-0,027,199,410,359,642,359,097,123,137,Curva 3.,17,78
165,86,-177,179,0,027,-155,671,-11,797,-0,047,-33,886,0,000,1,000,0,000,-0,152,-0,254,35,880,-0,446,-3,611,0,728,199,443,359,673,359,134,123,797,Curva 3.,17,80
165,88,-177,435,0,027,-156,341,-12,073,0,046,-33,778,0,000,1,000,0,000,0,145,-0,184,35,870,14,945,4,227,-0,463,199,429,359,640,1,575,124,466,Curva 3.,17,82
165,90,-177,664,0,027,-157,021,-11,962,-0,036,-33,829,0,000,1,000,0,000,0,026,-0,248,35,881,-6,055,-4,077,0,516,199,433,359,661,359,952,125,125,Curva 3.,17,84
165,92,-177,893,0,027,-157,702,-11,855,-0,001,-33,865,0,000,1,000,0,000,-0,123,-0,217,35,879,-5,683,1,593,-0,085,199,499,359,660,358,552,125,784,Curva 3.,17,86
165,94,-178,150,0,027,-158,372,-12,118,0,030,-33,768,0,000,1,000,0,000,0,146,-0,197,35,876,14,002,1,310,-0,154,199,501,359,640,1,026,126,455,Curva 3.,17,88
165,96,-178,390,0,026,-159,048,-12,096,-0,051,-33,797,0,000,1,000,0,000,0,146,-0,258,35,895,-1,572,-4,054,0,955,199,454,359,672,0,723,127,120,Curva 3.,17,90
165,98,-178,613,0,027,-159,731,-11,820,0,044,-33,886,0,000,1,000,0,000,-0,132,-0,185,35,887,-14,620,4,326,-0,381,199,448,359,641,358,379,127,778,Curva 3.,17,92
166,00,-178,863,0,027,-160,404,-11,960,-0,021,-33,844,0,000,1,000,0,000,0,020,-0,237,35,895,7,312,-3,256,0,376,199,429,359,655,0,219,128,448,Curva 3.,17,94
166,02,-179,111,0,027,-161,077,-12,048,-0,008,-33,816,0,000,1,000,0,000,0,143,-0,223,35,897,4,616,0,531,0,140,199,373,359,662,1,385,129,118,Curva 3.,17,96
166,04,-179,331,0,027,-161,761,-11,756,0,041,-33,910,0,000,1,000,0,000,-0,169,-0,188,35,889,-15,381,2,135,-0,409,199,396,359,639,358,803,129,778,Curva 3.,17,98
166,06,-179,571,0,026,-162,438,-11,836,-0,056,-33,906,0,000,1,000,0,000,-0,113,-0,260,35,912,3,874,-4,836,1,113,199,426,359,676,359,481,130,446,Curva 3.,18,00
166,08,-179,825,0,027,-163,110,-12,051,0,033,-33,824,-0,099,1,000,0,000,0,124,-0,190,35,906,11,655,4,122,-0,264,199,404,359,650,1,573,131,120,Curva 3.,18,02
166,10,-180,051,0,027,-163,792,-11,890,-0,003,-33,881,-0,138,1,000,0,000,-0,035,-0,222,35,906,-8,568,-1,864,0,012,199,396,359,652,359,592,131,783,Curva 3.,18,04
166,12,-180,282,0,027,-164,472,-11,822,-0,015,-33,912,-0,138,1,000,0,000,-0,126,-0,230,35,913,-3,706,-0,669,0,326,199,428,359,662,358,754,132,449,Curva 3.,18,06
166,14,-180,539,0,027,-165,143,-12,082,0,049,-33,810,-0,138,1,000,0,000,0,174,-0,185,35,903,14,019,2,915,-0,484,199,380,359,633,1,243,133,126,Curva 3.,18,08
166,16,-180,774,0,027,-165,822,-11,989,-0,046,-33,870,-0,138,1,000,0,000,0,106,-0,258,35,928,-5,361,-4,735,1,247,199,322,359,662,0,337,133,795,Curva 3.,18,10
166,18,-180,997,0,027,-166,505,-11,727,0,022,-33,959,-0,138,1,000,0,000,-0,132,-0,205,35,926,-13,945,3,019,-0,089,199,272,359,644,358,329,134,460,Curva 3.,18,12
166,20,-181,248,0,027,-167,179,-11,850,0,000,-33,920,-0,206,1,000,0,000,0,052,-0,224,35,929,6,454,-1,153,0,155,199,172,359,643,0,469,135,136,Curva 3.,18,14
166,22,-181,490,0,027,-167,855,-11,875,-0,026,-33,919,-0,303,1,000,0,000,0,151,-0,240,35,937,1,137,-1,325,0,382,199,047,359,664,1,185,135,809,Curva 3.,18,16
166,24,-181,705,0,027,-168,541,-11,513,0,044,-34,028,-0,303,1,000,0,000,-0,191,-0,188,35,922,-18,957,2,984,-0,738,199,005,359,639,358,501,136,472,Curva 3.,18,18
166,26,-181,943,0,026,-169,219,-11,557,-0,065,-34,042,-0,429,1,000,0,000,-0,110,-0,268,35,949,1,865,-5,431,1,362,198,930,359,677,359,617,137,145,Curva 3.,18,20
166,28,-182,190,0,027,-169,895,-11,677,0,025,-34,002,-0,622,1,000,0,000,0,111,-0,194,35,950,6,444,4,327,0,042,198,768,359,655,1,538,137,822,Curva 3.,18,22
166,30,-182,403,0,027,-170,582,-11,334,0,009,-34,112,-0,622,1,000,0,000,-0,125,-0,215,35,945,-17,991,-1,098,-0,241,198,583,359,647,359,088,138,486,Curva 3.,18,24
166,32,-182,627,0,026,-171,265,-11,201,-0,055,-34,168,-1,000,1,000,0,000,-0,161,-0,261,35,956,-7,093,-3,380,0,530,198,416,359,679,358,750,139,155,Curva 3.,18,26
166,34,-182,871,0,027,-171,942,-11,320,0,070,-34,114,-1,000,1,000,0,000,0,125,-0,161,35,942,6,631,6,127,-0,689,198,153,359,637,1,284,139,832,Curva 3.,18,28
166,36,-183,084,0,027,-172,628,-10,995,-0,024,-34,208,-1,000,1,000,0,000,0,003,-0,233,35,930,-16,904,-4,753,-0,529,197,814,359,667,359,832,140,498,Curva 3.,18,30
166,38,-183,305,0,029,-173,313,-10,866,0,248,-34,213,-1,000,1,000,0,000,-0,072,-0,131,35,898,-6,191,13,653,-1,545,197,735,359,394,0,122,141,168,Curva 3.,18,32
166,40,-183,542,0,040,-173,998,-10,458,0,935,-34,316,-1,000,1,000,0,000,-0,179,-0,050,35,886,-18,767,35,666,-0,185,197,228,358,409,3,705,141,848,Curva 3.,18,34
166,42,-183,727,0,054,-174,693,-9,664,0,852,-34,533,-1,000,1,000,0,000,-0,443,-0,319,35,865,-41,178,-3,332,-0,906,196,332,358,115,1,121,142,504,Curva 3.,18,36
166,44,-183,906,0,067,-175,387,-9,340,0,689,-34,550,-1,000,1,000,0,000,-0,024,-0,603,35,792,-15,631,-8,515,-3,678,195,194,357,935,358,297,143,156,Curva 3.,18,38
166,46,-184,124,0,092,-176,072,-9,255,1,197,-34,691,-1,000,1,000,0,000,0,468,-0,027,35,921,-4,879,25,433,6,618,194,190,358,076,2,251,143,825,Curva 3.,18,40
166,48,-184,312,0,115,-176,763,-8,552,0,942,-34,920,-1,000,0,878,0,000,0,061,-0,020,35,964,-37,731,-9,924,2,481,193,661,358,475,4,469,144,482,Curva 3.,18,42
166,50,-184,460,0,122,-177,465,-7,895,0,300,-35,044,-1,000,0,878,0,000,-0,746,-0,503,35,912,-35,105,-30,137,-2,607,193,840,358,653,3,214,145,123,Curva 3.,18,44
166,52,-184,611,0,116,-178,168,-7,946,-0,272,-35,053,-1,000,0,769,0,000,-0,823,-1,090,35,917,1,293,-28,666,0,393,194,020,358,649,2,098,145,767,Curva 3.,18,46
166,54,-184,770,0,100,-178,868,-8,054,-0,784,-34,947,-1,000,0,769,0,000,-0,750,-1,661,35,825,5,772,-25,684,-4,468,194,094,358,563,1,766,146,414,Curva 3.,18,48
166,56,-184,931,0,078,-179,565,-8,053,-1,101,-34,853,-1,000,0,695,0,000,-0,773,-1,938,35,727,0,565,-15,768,-4,953,194,147,358,620,1,857,147,061,Curva 3.,18,50
166,58,-185,094,0,056,-180,258,-8,138,-1,278,-34,762,-1,000,0,619,0,000,-0,641,-1,897,35,669,4,925,-8,951,-3,505,194,097,358,972,2,025,147,708,Curva 3.,18,52
166,60,-185,258,0,035,-180,948,-8,304,-1,284,-34,681,-1,000,0,526,0,000,-0,291,-1,520,35,651,9,034,-0,544,-1,948,193,867,359,608,1,540,148,352,Curva 3.,18,54
166,62,-185,414,0,020,-181,640,-8,435,-0,978,-34,662,-1,000,0,526,0,000,0,114,-0,871,35,676,6,296,15,382,0,522,193,516,0,169,359,043,148,994,Curva 3.,18,56
166,64,-185,581,0,012,-182,329,-8,298,-0,589,-34,567,-1,000,0,407,0,000,0,391,-0,251,35,551,-6,100,19,278,-6,311,192,880,0,528,358,532,3,229,Curva 4.,18,58
166,66,-185,758,0,012,-183,019,-7,834,0,039,-34,675,-1,000,0,407,0,000,0,493,0,293,35,545,-23,612,31,516,0,277,191,940,0,414,0,366,3,507,Curva 4.,18,60
166,68,-185,891,0,017,-183,708,-6,843,0,374,-34,346,-1,000,0,308,0,000,-0,041,0,446,35,020,-45,657,15,885,-25,916,191,322,0,119,358,978,3,862,Curva 4.,18,62
166,70,-186,006,0,023,-184,398,-5,814,0,512,-34,348,-1,000,0,237,0,000,-0,550,0,309,34,834,-50,860,4,790,-9,245,190,489,359,705,357,566,4,289,Curva 4.,18,64
166,72,-186,146,0,034,-185,080,-5,702,0,744,-34,169,-1,000,0,158,0,000,-0,078,0,304,34,648,-3,941,11,762,-9,599,189,607,359,272,0,368,4,790,Curva 4.,18,66
166,74,-186,256,0,042,-185,759,-5,274,0,396,-34,022,-1,000,0,158,0,000,-0,027,-0,044,34,430,-20,012,-17,231,-10,788,188,858,359,268,0,074,5,317,Curva 4.,18,68
166,76,-186,343,0,045,-186,437,-4,633,0,073,-33,926,-1,000,0,043,0,000,-0,358,-0,251,34,238,-30,617,-16,882,-9,542,188,386,359,473,358,502,5,864,Curva 4.,18,70
166,78,-186,440,0,044,-187,110,-4,512,-0,158,-33,739,-1,000,0,043,0,000,-0,205,-0,347,34,038,-4,502,-11,553,-10,169,187,972,359,687,359,035,6,440,Curva 4.,18,72
166,80,-186,545,0,040,-187,777,-4,455,-0,265,-33,552,-1,000,0,000,0,000,-0,036,-0,337,33,846,-1,682,-5,318,-9,673,187,613,359,877,1,117,7,035,Curva 4.,18,74
166,82,-186,622,0,033,-188,443,-4,126,-0,459,-33,337,-1,000,0,000,0,000,-0,163,-0,402,33,591,-14,933,-9,700,-12,757,187,334,0,098,359,990,7,630,Curva 4.,18,76
166,84,-186,693,0,027,-189,108,-3,909,-0,321,-33,168,-1,000,0,000,0,000,-0,189,-0,257,33,397,-9,898,6,611,-9,721,187,058,0,118,358,439,8,231,Curva 4.,18,78
166,86,-186,784,0,024,-189,763,-3,751,-0,108,-32,866,-1,000,0,000,0,000,0,027,-0,083,33,080,-6,137,10,647,-15,880,186,465,0,044,0,116,8,843,Curva 4.,18,80
166,88,-186,860,0,025,-190,415,-3,371,0,094,-32,580,-1,000,0,000,0,000,0,110,0,064,32,754,-17,392,10,220,-16,113,185,717,359,950,0,414,9,450,Curva 4.,18,82
166,90,-186,905,0,029,-191,063,-2,618,0,234,-32,354,-1,000,0,000,0,000,-0,172,0,144,32,459,-36,781,5,856,-14,500,184,921,359,852,358,165,10,049,Curva 4.,18,84
166,92,-186,968,0,033,-191,703,-2,337,0,223,-32,036,-1,000,0,000,0,000,0,001,0,133,32,121,-12,854,-0,532,-16,886,184,169,359,840,359,680,10,651,Curva 4.,18,86
166,94,-187,023,0,038,-192,336,-2,115,0,229,-31,722,-1,000,0,000,0,000,0,178,0,156,31,792,-10,085,0,458,-16,323,183,498,359,873,0,836,11,250,Curva 4.,18,88
166,96,-187,044,0,041,-192,966,-1,489,0,109,-31,489,-1,000,0,000,0,000,-0,100,0,060,31,524,-30,516,-6,706,-13,235,182,887,359,915,358,607,11,838,Curva 4.,18,90
166,98,-187,078,0,039,-193,590,-1,249,-0,089,-31,267,-1,000,0,000,0,000,0,006,-0,104,31,291,-11,466,-10,029,-11,585,182,279,359,972,359,283,12,430,Curva 4.,18,92
167,00,-187,117,0,039,-194,211,-1,085,-0,033,-31,031,-1,000,0,000,0,000,0,231,-0,064,31,049,-7,827,2,932,-12,000,181,574,359,949,0,891,13,023,Curva 4.,18,94
167,02,-187,124,0,036,-194,826,-0,598,-0,105,-30,783,-1,000,0,000,0,000,0,116,-0,137,30,789,-24,090,-3,949,-12,776,180,899,359,938,359,232,13,604,Curva 4.,18,96
167,04,-187,128,0,034,-195,437,-0,156,-0,125,-30,525,-1,000,0,000,0,000,0,076,-0,157,30,525,-22,041,-1,536,-12,958,180,157,359,935,358,452,14,183,Curva 4.,18,98
167,06,-187,146,0,034,-196,043,0,081,0,037,-30,288,-1,000,0,000,0,000,0,252,-0,025,30,287,-11,914,8,165,-11,723,179,370,359,888,0,434,14,763,Curva 4.,19,00
167,08,-187,139,0,035,-196,643,0,523,0,032,-30,024,-1,000,0,000,0,000,0,173,-0,020,30,028,-22,380,-0,184,-12,688,178,671,359,901,0,047,15,334,Curva 4.,19,02
167,10,-187,113,0,037,-197,238,1,090,0,066,-29,738,-1,000,0,108,0,000,-0,027,0,020,29,758,-28,878,0,880,-13,240,177,952,359,913,358,321,15,895,Curva 4.,19,04
167,12,-187,104,0,038,-197,828,1,280,0,064,-29,489,-1,000,0,108,0,000,0,150,0,027,29,517,-10,124,-0,115,-11,979,177,223,359,928,359,964,16,460,Curva 4.,19,06
167,14,-187,084,0,039,-198,412,1,516,0,061,-29,168,-1,000,0,196,0,000,0,250,0,044,29,206,-12,730,0,035,-15,322,176,535,359,971,0,638,17,017,Curva 4.,19,08
167,16,-187,036,0,040,-198,989,2,058,0,036,-28,876,-1,000,0,269,0,000,0,034,0,027,28,949,-28,048,-1,959,-12,617,175,855,359,981,358,568,17,563,Curva 4.,19,10
167,18,-187,005,0,039,-199,562,2,189,-0,061,-28,632,-1,000,0,269,0,000,0,241,-0,063,28,715,-7,529,-4,908,-11,592,175,148,359,992,359,620,18,111,Curva 4.,19,12
167,20,-186,970,0,039,-200,131,2,396,0,004,-28,370,-1,000,0,348,0,000,0,402,-0,015,28,469,-11,556,3,386,-11,998,174,362,359,972,0,653,18,656,Curva 4.,19,14
167,22,-186,907,0,039,-200,693,2,903,-0,005,-28,089,-1,000,0,447,0,000,0,237,-0,028,28,237,-26,748,-0,969,-11,184,173,619,359,945,358,892,19,189,Curva 4.,19,16
167,24,-186,848,0,038,-201,250,3,264,-0,044,-27,833,-1,000,0,447,0,000,0,202,-0,073,28,023,-19,428,-2,312,-10,436,172,901,359,934,358,910,19,721,Curva 4.,19,18
167,26,-186,793,0,039,-201,804,3,538,0,089,-27,600,-1,000,0,572,0,000,0,248,0,031,27,825,-15,095,6,786,-9,678,172,186,359,884,0,391,20,252,Curva 4.,19,20
167,28,-186,713,0,040,-202,351,3,999,0,046,-27,336,-1,000,0,572,0,000,0,068,-0,009,27,627,-24,763,-2,336,-9,687,171,536,359,885,359,548,20,772,Curva 4.,19,22
167,30,-186,624,0,040,-202,892,4,451,0,017,-27,077,-1,000,0,653,0,000,-0,117,-0,034,27,440,-24,309,-1,974,-9,230,170,910,359,900,358,675,21,288,Curva 4.,19,24
167,32,-186,547,0,041,-203,433,4,607,0,053,-26,925,-1,000,0,724,0,000,-0,004,-0,007,27,316,-8,965,1,849,-6,151,170,299,359,874,0,244,21,806,Curva 4.,19,26
167,34,-186,454,0,041,-203,969,4,874,-0,007,-26,723,-1,000,0,795,0,000,-0,027,-0,060,27,164,-14,918,-2,934,-7,554,169,721,359,887,0,199,22,318,Curva 4.,19,28
167,36,-186,344,0,041,-204,499,5,277,-0,018,-26,535,-1,000,0,875,0,000,-0,194,-0,080,27,053,-21,585,-1,027,-5,472,169,167,359,878,358,741,22,823,Curva 4.,19,30
167,38,-186,248,0,040,-205,030,5,391,-0,048,-26,471,-1,000,0,875,0,000,-0,059,-0,117,27,014,-6,203,-1,503,-1,993,168,615,359,855,359,900,23,334,Curva 4.,19,32
167,40,-186,145,0,039,-205,560,5,585,-0,018,-26,382,-1,000,0,985,0,000,0,008,-0,101,26,967,-10,361,1,609,-2,329,168,029,359,824,0,495,23,844,Curva 4.,19,34
167,42,-186,021,0,039,-206,084,5,998,-0,005,-26,248,-1,000,0,985,0,000,-0,148,-0,103,26,924,-21,674,0,271,-2,079,167,446,359,798,358,933,24,346,Curva 4.,19,36
167,44,-185,904,0,038,-206,611,6,186,-0,035,-26,244,-1,000,1,000,0,000,-0,100,-0,138,26,963,-9,179,-1,609,1,938,166,952,359,783,359,496,24,853,Curva 4.,19,38
167,46,-185,788,0,038,-207,138,6,380,0,046,-26,234,-1,000,1,000,0,000,-0,028,-0,076,26,998,-9,520,4,129,1,806,166,388,359,739,0,465,25,362,Curva 4.,19,40
167,48,-185,651,0,039,-207,661,6,758,0,027,-26,158,-1,000,1,000,0,000,-0,126,-0,100,27,016,-19,217,-1,203,0,956,165,785,359,734,359,343,25,866,Curva 4.,19,42
167,50,-185,512,0,039,-208,185,7,099,-0,006,-26,151,-1,000,1,000,0,000,-0,174,-0,134,27,097,-16,534,-1,924,4,036,165,184,359,736,359,039,26,372,Curva 4.,19,44
167,52,-185,380,0,039,-208,712,7,269,0,055,-26,194,-1,000,1,000,0,000,-0,036,-0,090,27,184,-7,601,3,083,4,350,164,566,359,693,0,355,26,884,Curva 4.,19,46
167,54,-185,231,0,039,-209,236,7,573,-0,006,-26,163,-1,000,1,000,0,000,-0,031,-0,143,27,236,-15,037,-3,087,2,678,163,924,359,711,359,883,27,392,Curva 4.,19,48
167,56,-185,071,0,039,-209,759,7,938,-0,024,-26,127,-1,000,1,000,0,000,-0,095,-0,158,27,306,-17,988,-1,296,3,551,163,305,359,724,358,901,27,899,Curva 4.,19,50
167,58,-184,920,0,039,-210,286,8,127,-0,017,-26,182,-1,000,1,000,0,000,0,016,-0,155,27,413,-8,184,0,339,5,382,162,723,359,711,359,985,28,413,Curva 4.,19,52
167,60,-184,759,0,038,-210,812,8,388,-0,016,-26,188,-1,000,1,000,0,000,0,052,-0,156,27,498,-12,331,0,101,4,310,162,131,359,707,0,243,28,927,Curva 4.,19,54
167,62,-184,580,0,038,-211,333,8,789,-0,014,-26,119,-1,000,1,000,0,000,-0,053,-0,155,27,558,-20,098,-0,271,3,107,161,518,359,709,358,996,29,436,Curva 4.,19,56
167,64,-184,408,0,037,-211,859,9,016,-0,033,-26,178,-1,000,1,000,0,000,-0,006,-0,175,27,686,-9,815,-1,067,6,447,161,010,359,706,359,628,29,952,Curva 4.,19,58
167,66,-184,231,0,038,-212,386,9,271,0,021,-26,189,-1,000,1,000,0,000,0,022,-0,133,27,781,-11,808,2,710,4,826,160,458,359,683,0,282,30,469,Curva 4.,19,60
167,68,-184,037,0,038,-212,908,9,656,0,009,-26,123,-1,000,1,000,0,000,-0,072,-0,144,27,850,-19,181,-0,823,3,508,159,866,359,686,359,294,30,983,Curva 4.,19,62
167,70,-183,841,0,038,-213,432,9,991,-0,014,-26,117,-1,000,1,000,0,000,-0,104,-0,164,27,962,-15,741,-1,396,5,639,159,284,359,695,359,221,31,500,Curva 4.,19,64
167,72,-183,647,0,038,-213,959,10,219,0,041,-26,130,-1,000,1,000,0,000,-0,025,-0,121,28,057,-10,358,2,765,4,781,158,692,359,668,0,219,32,021,Curva 4.,19,66
167,74,-183,439,0,038,-214,481,10,547,0,003,-26,076,-1,000,1,000,0,000,-0,052,-0,153,28,128,-16,221,-2,026,3,585,158,086,359,683,359,737,32,539,Curva 4.,19,68
167,76,-183,221,0,038,-215,002,10,905,-0,019,-26,012,-1,000,1,000,0,000,-0,115,-0,169,28,205,-17,756,-1,419,3,913,157,494,359,700,359,053,33,056,Curva 4.,19,70
167,78,-183,009,0,038,-215,526,11,119,-0,003,-26,030,-1,000,1,000,0,000,-0,035,-0,157,28,305,-9,496,0,788,5,018,156,942,359,689,359,987,33,579,Curva 4.,19,72
167,80,-182,786,0,038,-216,048,11,398,-0,012,-25,996,-1,000,1,000,0,000,-0,022,-0,165,28,384,-13,451,-0,436,4,013,156,370,359,690,0,065,34,101,Curva 4.,19,74
167,82,-182,549,0,038,-216,566,11,760,-0,003,-25,899,-1,000,1,000,0,000,-0,103,-0,164,28,444,-18,505,0,093,3,029,155,793,359,680,359,038,34,620,Curva 4.,19,76
167,84,-182,316,0,038,-217,087,12,001,0,016,-25,908,-1,000,1,000,0,000,-0,062,-0,168,28,552,-10,774,0,822,5,443,155,273,359,632,359,464,35,144,Curva 4.,19,78
167,86,-182,078,0,038,-217,608,12,252,0,067,-25,880,-1,000,1,000,0,000,-0,020,-0,147,28,633,-11,957,2,535,4,105,154,707,359,571,359,950,35,670,Curva 4.,19,80
167,88,-181,825,0,039,-218,124,12,602,0,065,-25,774,-1,000,1,000,0,000,-0,085,-0,171,28,690,-18,040,-0,408,2,881,154,119,359,530,359,123,36,192,Curva 4.,19,82
167,90,-181,570,0,040,-218,640,12,934,0,060,-25,712,-1,000,0,803,0,000,-0,111,-0,196,28,782,-16,246,-0,641,4,640,153,524,359,495,358,892,36,716,Curva 4.,19,84
167,92,-181,315,0,042,-219,158,13,171,0,107,-25,684,-1,000,0,803,0,000,-0,028,-0,148,28,864,-11,200,2,232,4,160,152,908,359,496,359,560,37,244,Curva 4.,19,86
167,94,-181,048,0,045,-219,671,13,467,0,092,-25,589,-1,000,0,803,0,000,-0,027,-0,137,28,916,-15,289,-0,955,2,652,152,301,359,547,359,192,37,768,Curva 4.,19,88
167,96,-180,773,0,047,-220,180,13,805,0,082,-25,468,-1,000,0,739,0,000,-0,100,-0,124,28,969,-17,735,-1,014,2,690,151,745,359,598,358,479,38,291,Curva 4.,19,90
167,98,-180,499,0,049,-220,692,14,045,0,081,-25,404,-1,000,0,669,0,000,-0,070,-0,107,29,028,-12,059,-0,252,2,948,151,206,359,631,359,005,38,818,Curva 4.,19,92
168,00,-180,219,0,050,-221,200,14,278,0,072,-25,295,-1,000,0,669,0,000,-0,041,-0,101,29,046,-12,828,-0,663,0,967,150,641,359,660,359,207,39,343,Curva 4.,19,94
168,02,-179,928,0,052,-221,702,14,565,0,047,-25,112,-1,000,0,587,0,000,-0,095,-0,118,29,029,-16,958,-1,700,-0,802,150,080,359,679,358,429,39,865,Curva 4.,19,96
168,04,-179,636,0,052,-222,204,14,814,0,030,-24,958,-1,000,0,431,0,000,-0,103,-0,129,29,023,-14,609,-1,262,-0,292,149,519,359,692,358,423,40,388,Curva 4.,19,98
168,06,-179,343,0,053,-222,704,15,002,0,056,-24,809,-1,000,0,431,0,000,-0,047,-0,099,28,992,-11,922,1,113,-1,553,148,935,359,694,358,999,40,911,Curva 4.,20,00
168,08,-179,040,0,054,-223,197,15,242,0,039,-24,579,-1,000,0,431,0,000,-0,085,-0,105,28,921,-16,207,-1,253,-3,477,148,369,359,720,358,547,41,429,Curva 4.,20,02
168,10,-178,732,0,055,-223,684,15,496,0,033,-24,327,-1,000,0,179,0,000,-0,161,-0,100,28,842,-17,460,-0,882,-3,920,147,829,359,747,358,040,41,943,Curva 4.,20,04
168,12,-178,426,0,056,-224,171,15,655,0,053,-24,119,-1,000,0,179,0,000,-0,133,-0,066,28,754,-12,308,0,713,-4,442,147,281,359,770,358,641,42,459,Curva 4.,20,06
168,14,-178,114,0,058,-224,650,15,813,0,051,-23,863,-1,000,0,179,0,000,-0,131,-0,050,28,626,-13,603,-0,368,-6,372,146,734,359,804,358,716,42,970,Curva 4.,20,08
168,16,-177,794,0,059,-225,121,16,013,0,037,-23,548,-1,000,0,179,0,000,-0,211,-0,051,28,476,-17,035,-1,286,-7,525,146,212,359,839,358,010,43,474,Curva 4.,20,10
168,18,-177,477,0,060,-225,590,16,139,0,028,-23,267,-1,000,0,094,0,000,-0,207,-0,043,28,316,-13,146,-0,819,-8,058,145,675,359,869,358,233,43,978,Curva 4.,20,12
168,20,-177,159,0,061,-226,054,16,210,0,044,-22,991,-1,000,0,000,0,000,-0,144,-0,013,28,130,-10,799,0,574,-9,302,145,109,359,890,358,750,44,478,Curva 4.,20,14
168,22,-176,834,0,061,-226,508,16,342,0,022,-22,650,-1,000,0,000,0,000,-0,170,-0,025,27,930,-15,228,-1,530,-10,020,144,541,359,913,358,203,44,971,Curva 4.,20,16
168,24,-176,507,0,062,-226,955,16,469,0,008,-22,304,-1,000,0,000,0,000,-0,187,-0,032,27,725,-15,264,-1,251,-10,259,143,947,359,931,357,907,45,460,Curva 4.,20,18
168,26,-176,184,0,062,-227,401,16,521,0,030,-22,001,-1,000,0,000,0,000,-0,108,-0,004,27,513,-11,182,0,801,-10,615,143,320,359,935,358,546,45,947,Curva 4.,20,20
168,28,-175,856,0,063,-227,837,16,600,0,020,-21,645,-1,000,0,000,0,000,-0,087,-0,005,27,278,-13,892,-0,836,-11,751,142,698,359,951,358,458,46,427,Curva 4.,20,22
168,30,-175,523,0,063,-228,263,16,726,0,009,-21,261,-1,000,0,000,0,000,-0,124,-0,012,27,052,-16,769,-1,169,-11,271,142,071,359,964,357,852,46,900,Curva 4.,20,24
168,32,-175,194,0,063,-228,686,16,796,0,011,-20,924,-1,000,0,000,0,000,-0,081,-0,006,26,831,-13,231,-0,324,-10,992,141,419,359,970,358,227,47,370,Curva 4.,20,26
168,34,-174,863,0,064,-229,102,16,841,0,026,-20,577,-1,000,0,000,0,000,-0,028,0,013,26,590,-12,719,0,436,-12,021,140,762,359,975,358,604,47,836,Curva 4.,20,28
168,36,-174,526,0,064,-229,507,16,945,0,007,-20,188,-1,000,0,000,0,000,-0,056,-0,001,26,357,-16,458,-1,498,-11,594,140,111,359,988,358,066,48,293,Curva 4.,20,30
168,38,-174,190,0,064,-229,907,17,036,-0,005,-19,816,-1,000,0,000,0,000,-0,056,-0,010,26,132,-15,484,-1,157,-11,162,139,439,-0,006,357,973,48,746,Curva 4.,20,32
168,40,-173,856,0,064,-230,303,17,073,0,017,-19,482,-1,000,0,000,0,000,0,008,0,014,25,904,-12,446,0,821,-11,364,138,752,359,992,358,553,49,196,Curva 4.,20,34
168,42,-173,517,0,065,-230,688,17,135,0,002,-19,105,-1,000,0,000,0,000,0,013,0,003,25,664,-14,861,-1,167,-11,908,138,083,0,001,358,394,49,638,Curva 4.,20,36
168,44,-173,174,0,065,-231,064,17,230,-0,012,-18,719,-1,000,0,000,0,000,-0,017,-0,008,25,441,-16,540,-1,297,-11,037,137,411,0,011,357,946,50,073,Curva 4.,20,38
168,46,-172,835,0,064,-231,438,17,279,-0,004,-18,378,-1,000,0,000,0,000,0,022,0,000,25,225,-13,468,-0,025,-10,714,136,716,0,008,358,356,50,506,Curva 4.,20,40
168,48,-172,495,0,064,-231,803,17,309,0,005,-18,026,-1,000,0,000,0,000,0,060,0,011,24,990,-13,283,0,172,-11,639,136,025,0,010,358,629,50,933,Curva 4.,20,42
168,50,-172,149,0,064,-232,158,17,383,-0,011,-17,641,-1,000,0,000,0,000,0,034,-0,001,24,766,-16,156,-1,324,-11,105,135,343,0,020,358,165,51,352,Curva 4.,20,44
168,52,-171,805,0,064,-232,508,17,444,-0,017,-17,280,-1,000,0,000,0,000,0,036,-0,005,24,554,-14,966,-0,803,-10,467,134,644,0,025,358,169,51,767,Curva 4.,20,46
168,54,-171,462,0,064,-232,853,17,468,0,006,-16,943,-1,000,0,000,0,000,0,081,0,016,24,335,-12,990,0,823,-10,832,133,934,0,020,358,650,52,179,Curva 4.,20,48
168,56,-171,115,0,064,-233,188,17,508,-0,006,-16,568,-1,000,0,000,0,000,0,077,0,008,24,104,-15,018,-0,968,-11,401,133,235,0,027,358,481,52,583,Curva 4.,20,50
168,58,-170,767,0,064,-233,515,17,569,-0,017,-16,190,-1,000,0,000,0,000,0,056,0,000,23,891,-15,949,-1,107,-10,545,132,527,0,038,358,166,52,980,Curva 4.,20,52
168,60,-170,421,0,064,-233,838,17,595,-0,008,-15,856,-1,000,0,000,0,000,0,091,0,008,23,685,-13,337,0,137,-10,137,131,803,0,033,358,549,53,375,Curva 4.,20,54
168,62,-170,074,0,064,-234,154,17,605,-0,003,-15,512,-1,000,0,000,0,000,0,122,0,013,23,463,-13,280,-0,076,-10,965,131,084,0,033,358,742,53,764,Curva 4.,20,56
168,64,-169,724,0,063,-234,460,17,645,-0,019,-15,140,-1,000,0,000,0,000,0,106,0,001,23,250,-15,461,-1,208,-10,490,130,368,0,041,358,366,54,146,Curva 4.,20,58
168,66,-169,375,0,063,-234,761,17,681,-0,022,-14,792,-1,000,0,000,0,000,0,114,-0,002,23,052,-14,516,-0,577,-9,732,129,632,0,041,358,407,54,523,Curva 4.,20,60
168,68,-169,027,0,063,-235,057,17,687,-0,002,-14,462,-1,000,0,000,0,000,0,153,0,015,22,846,-13,067,0,695,-10,107,128,886,0,034,358,799,54,898,Curva 4.,20,62
168,70,-168,676,0,062,-235,343,17,701,-0,012,-14,100,-1,000,0,000,0,000,0,155,0,007,22,630,-14,629,-0,824,-10,634,128,148,0,039,358,661,55,264,Curva 4.,20,64
168,72,-168,325,0,062,-235,622,17,728,-0,021,-13,737,-1,000,0,000,0,000,0,145,0,002,22,427,-15,238,-0,876,-9,949,127,399,0,048,358,425,55,625,Curva 4.,20,66
168,74,-167,975,0,062,-235,897,17,736,-0,011,-13,409,-1,000,0,000,0,000,0,176,0,010,22,234,-13,379,0,200,-9,477,126,637,0,044,358,731,55,983,Curva 4.,20,68
168,76,-167,625,0,062,-236,164,17,728,-0,006,-13,072,-1,000,0,000,0,000,0,202,0,014,22,026,-13,408,-0,004,-10,186,125,878,0,041,358,884,56,335,Curva 4.,20,70
168,78,-167,273,0,061,-236,422,17,739,-0,017,-12,714,-1,000,0,000,0,000,0,195,0,006,21,823,-14,975,-0,950,-9,873,125,116,0,047,358,598,56,680,Curva 4.,20,72
168,80,-166,923,0,061,-236,675,17,746,-0,020,-12,374,-1,000,0,000,0,000,0,208,0,003,21,634,-14,205,-0,472,-9,258,124,338,0,047,358,647,57,021,Curva 4.,20,74
168,82,-166,573,0,061,-236,924,17,733,-0,005,-12,054,-1,000,0,000,0,000,0,242,0,014,21,441,-13,020,0,502,-9,411,123,558,0,039,358,953,57,358,Curva 4.,20,76
168,84,-166,222,0,061,-237,163,17,721,-0,012,-11,713,-1,000,0,000,0,000,0,252,0,008,21,241,-13,983,-0,671,-9,732,122,784,0,041,358,852,57,688,Curva 4.,20,78
168,86,-165,871,0,060,-237,395,17,717,-0,020,-11,366,-1,000,0,000,0,000,0,251,0,003,21,048,-14,575,-0,706,-9,354,121,999,0,044,358,669,58,013,Curva 4.,20,80
168,88,-165,521,0,060,-237,623,17,705,-0,010,-11,042,-1,000,0,000,0,000,0,273,0,010,20,864,-13,557,0,187,-8,930,121,201,0,041,358,880,58,334,Curva 4.,20,82
168,90,-165,171,0,060,-237,844,17,679,-0,005,-10,714,-1,000,0,000,0,000,0,294,0,014,20,670,-13,507,0,053,-9,431,120,401,0,038,359,019,58,650,Curva 4.,20,84
168,92,-164,821,0,060,-238,056,17,660,-0,012,-10,369,-1,000,0,000,0,000,0,294,0,008,20,477,-14,495,-0,680,-9,328,119,598,0,040,358,823,58,960,Curva 4.,20,86
168,94,-164,472,0,059,-238,263,17,641,-0,013,-10,038,-1,000,0,000,0,000,0,304,0,007,20,295,-14,047,-0,361,-8,769,118,782,0,040,358,825,59,265,Curva 4.,20,88
168,96,-164,124,0,059,-238,465,17,609,-0,003,-9,724,-1,000,0,000,0,000,0,331,0,014,20,113,-13,154,0,300,-8,788,117,962,0,034,359,058,59,566,Curva 4.,20,90
168,98,-163,776,0,059,-238,659,17,573,-0,006,-9,397,-1,000,0,000,0,000,0,344,0,011,19,924,-13,701,-0,406,-9,095,117,145,0,031,359,009,59,861,Curva 4.,20,92
169,00,-163,428,0,059,-238,846,17,542,-0,012,-9,063,-1,000,0,000,0,000,0,346,0,006,19,742,-14,295,-0,584,-8,775,116,317,0,034,358,849,60,150,Curva 4.,20,94
169,02,-163,081,0,059,-239,028,17,506,-0,006,-8,745,-1,000,0,000,0,000,0,365,0,010,19,566,-13,547,0,042,-8,445,115,477,0,029,358,994,60,435,Curva 4.,20,96
169,04,-162,736,0,059,-239,204,17,458,0,001,-8,431,-1,000,0,000,0,000,0,386,0,015,19,383,-13,281,0,141,-8,737,114,637,0,024,359,116,60,716,Curva 4.,20,98
169,06,-162,390,0,059,-239,372,17,412,-0,005,-8,105,-1,000,0,000,0,000,0,391,0,010,19,202,-13,994,-0,532,-8,697,113,795,0,025,358,969,60,990,Curva 4.,21,00
169,08,-162,046,0,059,-239,534,17,366,-0,007,-7,784,-1,000,0,000,0,000,0,399,0,008,19,027,-13,872,-0,338,-8,342,112,942,0,023,358,942,61,260,Curva 4.,21,02
169,10,-161,703,0,059,-239,692,17,312,0,003,-7,479,-1,000,0,278,0,000,0,421,0,015,18,854,-13,133,0,282,-8,260,112,086,0,016,359,106,61,525,Curva 4.,21,04
169,12,-161,360,0,059,-239,842,17,251,0,003,-7,167,-1,000,0,278,0,000,0,434,0,014,18,676,-13,428,-0,249,-8,478,111,230,0,014,359,087,61,785,Curva 4.,21,06
169,14,-161,019,0,058,-239,985,17,196,-0,002,-6,848,-1,000,0,278,0,000,0,434,0,010,18,504,-13,971,-0,488,-8,144,110,371,0,012,358,957,62,039,Curva 4.,21,08
169,16,-160,679,0,058,-240,123,17,142,0,003,-6,542,-1,000,0,278,0,000,0,440,0,011,18,343,-13,545,0,029,-7,644,109,513,0,002,359,020,62,290,Curva 4.,21,10
169,18,-160,340,0,059,-240,255,17,086,0,009,-6,240,-1,000,0,407,0,000,0,444,0,014,18,184,-13,405,0,103,-7,506,108,664,359,994,359,111,62,535,Curva 4.,21,12
169,20,-160,001,0,059,-240,380,17,030,0,006,-5,926,-1,000,0,407,0,000,0,427,0,010,18,027,-14,074,-0,398,-7,451,107,830,359,988,359,013,62,775,Curva 4.,21,14
169,22,-159,664,0,059,-240,499,16,980,0,006,-5,615,-1,000,0,550,0,000,0,401,0,007,17,879,-14,157,-0,254,-6,970,107,014,359,980,358,951,63,009,Curva 4.,21,16
169,24,-159,327,0,059,-240,612,16,932,0,013,-5,314,-1,000,0,550,0,000,0,373,0,010,17,743,-13,774,0,119,-6,479,106,218,359,970,359,042,63,240,Curva 4.,21,18
169,26,-158,991,0,059,-240,719,16,886,0,015,-5,008,-1,000,0,550,0,000,0,328,0,009,17,610,-14,130,-0,152,-6,304,105,451,359,963,359,034,63,465,Curva 4.,21,20
169,28,-158,656,0,059,-240,818,16,848,0,012,-4,701,-1,000,0,629,0,000,0,266,0,003,17,490,-14,350,-0,382,-5,738,104,720,359,954,358,934,63,684,Curva 4.,21,22
169,30,-158,321,0,060,-240,913,16,820,0,015,-4,411,-1,000,0,689,0,000,0,205,0,001,17,388,-13,744,-0,101,-4,846,104,019,359,942,358,959,63,900,Curva 4.,21,24
169,32,-157,986,0,060,-241,001,16,801,0,020,-4,133,-1,000,0,754,0,000,0,144,0,001,17,301,-13,321,-0,013,-4,178,103,341,359,929,359,014,64,112,Curva 4.,21,26
169,34,-157,652,0,060,-241,084,16,792,0,017,-3,859,-1,000,0,970,0,000,0,078,-0,008,17,230,-13,232,-0,379,-3,415,102,683,359,914,358,953,64,319,Curva 4.,21,28
169,36,-157,317,0,060,-241,161,16,802,0,016,-3,604,-1,000,0,970,0,000,0,021,-0,015,17,185,-12,567,-0,275,-2,155,102,039,359,894,358,909,64,522,Curva 4.,21,30
169,38,-156,981,0,060,-241,234,16,831,0,019,-3,374,-1,000,0,970,0,000,-0,018,-0,020,17,165,-11,581,-0,078,-0,892,101,397,359,873,358,964,64,724,Curva 4.,21,32
169,40,-156,645,0,060,-241,303,16,877,0,018,-3,156,-1,000,0,970,0,000,-0,047,-0,028,17,169,-11,138,-0,237,0,220,100,749,359,850,358,959,64,922,Curva 4.,21,34
169,42,-156,307,0,061,-241,367,16,946,0,016,-2,950,-1,000,1,000,0,000,-0,064,-0,038,17,200,-10,743,-0,299,1,591,100,091,359,825,358,882,65,119,Curva 4.,21,36
169,44,-155,967,0,061,-241,428,17,035,0,017,-2,761,-1,000,1,000,0,000,-0,064,-0,044,17,257,-10,059,-0,154,2,870,99,419,359,800,358,879,65,314,Curva 4.,21,38
169,46,-155,625,0,061,-241,486,17,137,0,020,-2,579,-1,000,1,000,0,000,-0,050,-0,048,17,330,-9,736,-0,080,3,669,98,727,359,780,358,895,65,509,Curva 4.,21,40
169,48,-155,281,0,061,-241,539,17,249,0,019,-2,396,-1,000,1,000,0,000,-0,033,-0,053,17,415,-9,850,-0,228,4,273,98,019,359,764,358,830,65,702,Curva 4.,21,42
169,50,-154,934,0,062,-241,589,17,371,0,020,-2,214,-1,000,1,000,0,000,-0,010,-0,055,17,512,-9,817,-0,190,4,894,97,298,359,753,358,769,65,894,Curva 4.,21,44
169,52,-154,585,0,062,-241,636,17,498,0,023,-2,033,-1,000,1,000,0,000,0,020,-0,054,17,616,-9,716,-0,089,5,269,96,564,359,747,358,771,66,086,Curva 4.,21,46
169,54,-154,234,0,062,-241,679,17,626,0,024,-1,845,-1,000,1,000,0,000,0,049,-0,055,17,722,-10,008,-0,224,5,402,95,819,359,742,358,742,66,277,Curva 4.,21,48
169,56,-153,879,0,063,-241,718,17,754,0,024,-1,648,-1,000,1,000,0,000,0,076,-0,056,17,830,-10,366,-0,268,5,507,95,064,359,738,358,657,66,466,Curva 4.,21,50
169,58,-153,522,0,063,-241,754,17,881,0,024,-1,448,-1,000,1,000,0,000,0,106,-0,056,17,939,-10,427,-0,235,5,595,94,297,359,735,358,626,66,655,Curva 4.,21,52
169,60,-153,162,0,064,-241,785,18,006,0,025,-1,243,-1,000,1,000,0,000,0,137,-0,056,18,049,-10,608,-0,224,5,620,93,519,359,731,358,620,66,843,Curva 4.,21,54
169,62,-152,800,0,064,-241,812,18,128,0,026,-1,028,-1,000,1,000,0,000,0,164,-0,057,18,156,-11,035,-0,292,5,566,92,731,359,725,358,547,67,030,Curva 4.,21,56
169,64,-152,436,0,065,-241,835,18,247,0,026,-0,807,-1,000,1,000,0,000,0,192,-0,059,18,264,-11,236,-0,333,5,590,91,934,359,720,358,483,67,215,Curva 4.,21,58
169,66,-152,069,0,065,-241,853,18,365,0,027,-0,583,-1,000,1,000,0,000,0,223,-0,058,18,373,-11,323,-0,242,5,674,91,128,359,715,358,472,67,399,Curva 4.,21,60
169,68,-151,699,0,066,-241,867,18,479,0,029,-0,350,-1,000,1,000,0,000,0,250,-0,058,18,481,-11,671,-0,276,5,627,90,314,359,708,358,424,67,581,Curva 4.,21,62
169,70,-151,328,0,066,-241,876,18,589,0,029,-0,109,-1,000,1,000,0,000,0,276,-0,059,18,588,-12,009,-0,369,5,611,89,491,359,704,358,341,67,762,Curva 4.,21,64
169,72,-150,954,0,067,-241,881,18,698,0,000,0,138,-1,000,1,000,0,000,0,302,-0,078,18,696,-12,163,-1,797,5,710,88,657,359,735,358,463,67,942,Curva 4.,21,66
169,74,-150,578,0,066,-241,882,18,805,-0,047,0,378,-1,000,1,000,0,000,0,337,-0,101,18,806,-11,725,-2,652,5,796,87,829,359,812,358,708,68,121,Curva 4.,21,68
169,76,-150,200,0,065,-241,878,18,913,-0,078,0,602,-1,000,1,000,0,000,0,379,-0,104,18,919,-10,873,-1,765,5,991,87,036,359,898,358,876,68,298,Curva 4.,21,70
169,78,-149,820,0,064,-241,868,19,019,-0,094,0,826,-1,000,1,000,0,000,0,412,-0,093,19,032,-10,806,-1,012,5,993,86,279,359,980,358,879,68,473,Curva 4.,21,72
169,80,-149,438,0,063,-241,853,19,122,-0,069,1,058,-1,000,1,000,0,000,0,426,-0,052,19,147,-11,218,1,021,6,039,85,561,0,027,358,883,68,646,Curva 4.,21,74
169,82,-149,053,0,063,-241,833,19,227,-0,021,1,312,-1,000,1,000,0,000,0,413,-0,001,19,267,-12,231,2,165,6,353,84,867,0,034,358,859,68,818,Curva 4.,21,76
169,84,-148,665,0,063,-241,806,19,334,0,037,1,601,-1,000,1,000,0,000,0,370,0,047,19,396,-13,872,2,580,6,788,84,170,0,006,358,725,68,986,Curva 4.,21,78
169,86,-148,276,0,065,-241,773,19,446,0,100,1,904,-1,000,1,000,0,000,0,317,0,086,19,536,-14,465,2,785,7,272,83,474,359,936,358,574,69,152,Curva 4.,21,80
169,88,-147,883,0,065,-241,735,19,561,0,093,2,230,-1,000,1,000,0,000,0,239,0,021,19,686,-15,446,-0,739,7,755,82,801,359,777,358,662,69,317,Curva 4.,21,82
169,90,-147,487,0,062,-241,693,19,648,-0,047,2,526,-1,000,1,000,0,000,0,200,-0,205,19,808,-13,971,-7,258,6,321,82,104,359,536,359,127,69,483,Curva 4.,21,84
169,92,-147,091,0,056,-241,645,19,688,-0,232,2,776,-1,000,1,000,0,000,0,218,-0,437,19,878,-11,931,-9,422,3,721,81,362,359,402,359,368,69,645,Curva 4.,21,86
169,94,-146,695,0,049,-241,596,19,731,-0,378,2,935,-1,000,1,000,0,000,0,324,-0,588,19,941,-7,497,-7,353,3,386,80,612,359,395,359,828,69,808,Curva 4.,21,88
169,96,-146,299,0,042,-241,542,19,820,-0,421,3,073,-1,000,1,000,0,000,0,439,-0,562,20,048,-6,024,-2,160,5,524,79,930,359,598,0,097,69,970,Curva 4.,21,90
169,98,-145,901,0,038,-241,482,19,940,-0,324,3,255,-1,000,1,000,0,000,0,483,-0,383,20,197,-7,823,4,819,7,593,79,358,359,835,0,056,70,128,Curva 4.,21,92
170,00,-145,499,0,036,-241,411,20,121,-0,122,3,526,-1,000,1,000,0,000,0,402,-0,140,20,424,-11,648,9,964,11,524,78,939,359,935,359,340,70,281,Curva 4.,21,94
170,02,-145,095,0,037,-241,337,20,196,0,067,3,877,-1,000,1,000,0,000,0,239,0,044,20,563,-16,593,9,254,7,186,78,466,359,928,359,330,70,436,Curva 4.,21,96
170,04,-144,687,0,041,-241,259,20,262,0,223,4,305,-1,000,1,000,0,000,0,078,0,164,20,715,-20,254,7,650,7,767,77,787,359,834,359,661,70,590,Curva 4.,21,98
170,06,-144,279,0,045,-241,170,20,303,0,256,4,749,-1,000,1,000,0,000,-0,041,0,158,20,852,-21,177,1,405,7,034,76,942,359,731,359,488,70,738,Curva 4.,22,00
170,08,-143,870,0,049,-241,075,20,358,0,202,5,107,-1,000,1,000,0,000,-0,044,0,075,20,990,-16,662,-2,850,6,962,76,038,359,655,359,547,70,884,Curva 4.,22,02
170,10,-143,458,0,051,-240,978,20,424,0,147,5,354,-1,000,1,000,0,000,0,054,-0,008,21,115,-11,091,-2,846,6,343,75,165,359,580,359,903,71,031,Curva 4.,22,04
170,12,-143,047,0,051,-240,873,20,472,0,031,5,583,-0,719,1,000,0,000,0,154,-0,132,21,219,-10,392,-5,830,5,356,74,331,359,561,359,942,71,175,Curva 4.,22,06
170,14,-142,635,0,050,-240,763,20,520,-0,055,5,793,-0,342,1,000,0,000,0,251,-0,216,21,320,-9,393,-4,342,5,236,73,561,359,566,359,911,71,316,Curva 4.,22,08
170,16,-142,221,0,048,-240,651,20,581,-0,093,5,977,-0,342,1,000,0,000,0,343,-0,254,21,427,-7,888,-1,933,5,603,72,888,359,571,0,099,71,459,Curva 4.,22,10
170,18,-141,807,0,047,-240,531,20,633,-0,096,6,204,-0,332,1,000,0,000,0,372,-0,257,21,541,-10,008,-0,173,5,910,72,274,359,572,0,071,71,598,Curva 4.,22,12
170,20,-141,392,0,045,-240,406,20,687,-0,069,6,443,-0,332,1,000,0,000,0,371,-0,231,21,663,-10,487,1,291,6,351,71,721,359,569,359,939,71,736,Curva 4.,22,14
170,22,-140,974,0,045,-240,279,20,780,0,000,6,621,-0,332,1,000,0,000,0,387,-0,167,21,805,-6,967,3,425,7,271,71,306,359,565,0,293,71,876,Curva 4.,22,16
170,24,-140,556,0,046,-240,145,20,872,0,057,6,859,-0,332,1,000,0,000,0,314,-0,111,21,967,-9,706,2,816,8,234,70,990,359,567,0,274,72,013,Curva 4.,22,18
170,26,-140,137,0,048,-240,003,20,963,0,089,7,123,-0,371,1,000,0,000,0,190,-0,074,22,140,-10,978,1,528,8,693,70,740,359,581,0,046,72,147,Curva 4.,22,20
170,28,-139,714,0,050,-239,860,21,085,0,101,7,334,-0,371,1,000,0,000,0,106,-0,063,22,324,-7,883,0,585,9,245,70,548,359,582,0,344,72,284,Curva 4.,22,22
170,30,-139,288,0,052,-239,712,21,210,0,086,7,507,-0,448,1,000,0,000,0,052,-0,078,22,499,-6,075,-0,718,8,784,70,376,359,584,0,584,72,422,Curva 4.,22,24
170,32,-138,862,0,053,-239,559,21,313,0,040,7,676,-0,458,1,000,0,000,-0,005,-0,113,22,653,-6,234,-2,302,7,722,70,204,359,611,0,388,72,558,Curva 4.,22,26
170,34,-138,434,0,053,-239,405,21,418,0,000,7,805,-0,458,1,000,0,000,-0,027,-0,139,22,795,-4,289,-2,045,7,083,70,043,359,650,0,440,72,698,Curva 4.,22,28
170,36,-138,002,0,053,-239,250,21,523,-0,021,7,902,-0,458,1,000,0,000,-0,020,-0,147,22,928,-2,731,-1,054,6,626,69,885,359,685,0,706,72,841,Curva 4.,22,30
170,38,-137,570,0,053,-239,090,21,617,-0,037,8,019,-0,506,1,000,0,000,-0,028,-0,152,23,057,-3,899,-0,773,6,450,69,712,359,714,0,588,72,984,Curva 4.,22,32
170,40,-137,136,0,052,-238,928,21,703,-0,032,8,150,-0,506,1,000,0,000,-0,043,-0,139,23,182,-4,635,0,254,6,282,69,520,359,734,0,416,73,129,Curva 4.,22,34
170,42,-136,699,0,052,-238,765,21,793,-0,014,8,274,-0,506,1,000,0,000,-0,037,-0,120,23,310,-4,183,0,895,6,393,69,298,359,739,0,591,73,277,Curva 4.,22,36
170,44,-136,260,0,052,-238,599,21,877,0,003,8,414,-0,506,1,000,0,000,-0,031,-0,104,23,439,-5,027,0,915,6,442,69,037,359,735,0,647,73,427,Curva 4.,22,38
170,46,-135,821,0,052,-238,429,21,946,0,012,8,578,-0,506,1,000,0,000,-0,042,-0,096,23,563,-6,365,0,446,6,218,68,753,359,738,0,441,73,577,Curva 4.,22,40
170,48,-135,379,0,053,-238,256,22,026,0,012,8,733,-0,506,1,000,0,000,-0,037,-0,095,23,694,-5,768,0,025,6,531,68,461,359,741,0,468,73,729,Curva 4.,22,42
170,50,-134,936,0,053,-238,082,22,099,0,007,8,881,-0,448,1,000,0,000,-0,021,-0,096,23,817,-5,498,-0,247,6,178,68,156,359,753,0,600,73,884,Curva 4.,22,44
170,52,-134,493,0,053,-237,903,22,156,-0,011,9,044,-0,303,1,000,0,000,-0,021,-0,105,23,930,-6,487,-0,833,5,682,67,843,359,773,0,465,74,038,Curva 4.,22,46
170,54,-134,048,0,052,-237,721,22,214,-0,027,9,206,-0,303,1,000,0,000,-0,020,-0,113,24,045,-6,391,-0,783,5,757,67,534,359,793,0,368,74,193,Curva 4.,22,48
170,56,-133,601,0,052,-237,537,22,273,-0,038,9,354,-0,303,1,000,0,000,-0,002,-0,118,24,157,-5,657,-0,552,5,604,67,222,359,810,0,464,74,351,Curva 4.,22,50
170,58,-133,154,0,051,-237,349,22,320,-0,046,9,512,-0,303,1,000,0,000,0,007,-0,121,24,262,-6,356,-0,357,5,256,66,900,359,824,0,414,74,510,Curva 4.,22,52
170,60,-132,706,0,050,-237,157,22,360,-0,050,9,684,-0,264,1,000,0,000,0,004,-0,120,24,367,-7,100,-0,161,5,251,66,572,359,835,0,238,74,668,Curva 4.,22,54
170,62,-132,256,0,049,-236,963,22,415,-0,049,9,835,-0,264,1,000,0,000,0,022,-0,118,24,478,-5,822,0,045,5,577,66,256,359,839,0,286,74,829,Curva 4.,22,56
170,64,-131,806,0,048,-236,766,22,479,-0,048,9,961,-0,264,1,000,0,000,0,051,-0,114,24,587,-4,438,0,050,5,483,65,980,359,847,0,364,74,992,Curva 4.,22,58
170,66,-131,355,0,047,-236,565,22,534,-0,051,10,105,-0,487,1,000,0,000,0,046,-0,114,24,696,-5,449,-0,163,5,487,65,738,359,855,0,135,75,154,Curva 4.,22,60
170,68,-130,902,0,046,-236,361,22,601,-0,055,10,242,-0,487,1,000,0,000,0,041,-0,115,24,813,-4,834,-0,168,5,876,65,526,359,861,0,035,75,318,Curva 4.,22,62
170,70,-130,448,0,045,-236,156,22,674,-0,060,10,361,-0,487,1,000,0,000,0,052,-0,116,24,929,-3,889,-0,289,5,787,65,320,359,871,0,115,75,486,Curva 4.,22,64
170,72,-129,993,0,044,-235,947,22,735,-0,055,10,493,-0,719,1,000,0,000,0,051,-0,112,25,039,-4,703,0,265,5,540,65,109,359,870,0,036,75,655,Curva 4.,22,66
170,74,-129,536,0,043,-235,735,22,783,-0,041,10,653,-0,719,1,000,0,000,0,030,-0,109,25,150,-6,200,0,675,5,578,64,873,359,845,359,860,75,825,Curva 4.,22,68
170,76,-129,079,0,042,-235,521,22,821,-0,029,10,834,-0,719,1,000,0,000,0,013,-0,116,25,261,-7,378,0,535,5,577,64,577,359,803,359,835,75,997,Curva 4.,22,70
170,78,-128,620,0,041,-235,303,22,854,-0,020,11,013,-0,719,1,000,0,000,0,017,-0,128,25,368,-7,340,0,426,5,376,64,234,359,755,359,905,76,171,Curva 4.,22,72
170,80,-128,161,0,040,-235,081,22,877,-0,023,11,203,-0,719,1,000,0,000,0,015,-0,153,25,472,-8,028,-0,222,5,226,63,877,359,708,359,786,76,344,Curva 4.,22,74
170,82,-127,702,0,040,-234,855,22,889,-0,022,11,415,-0,719,1,000,0,000,-0,011,-0,166,25,577,-9,227,-0,023,5,297,63,521,359,677,359,677,76,518,Curva 4.,22,76
170,84,-127,244,0,040,-234,622,22,870,0,080,11,668,-0,710,1,000,0,000,-0,056,-0,114,25,674,-11,773,4,913,4,889,63,099,359,569,359,216,76,690,Curva 4.,22,78
170,86,-126,785,0,044,-234,382,22,879,0,291,11,881,-0,710,1,000,0,000,-0,046,-0,038,25,781,-9,517,10,201,5,413,62,662,359,273,358,443,76,861,Curva 4.,22,80
170,88,-126,323,0,048,-234,148,22,854,0,272,12,115,-0,022,1,000,0,000,-0,023,-0,122,25,868,-10,904,-1,170,4,375,62,128,359,128,359,122,77,040,Curva 4.,22,82
170,90,-125,865,0,051,-233,906,22,767,0,152,12,392,-0,022,1,000,0,000,-0,024,-0,214,25,921,-14,183,-6,213,2,695,61,501,359,192,359,310,77,215,Curva 4.,22,84
170,92,-125,410,0,053,-233,657,22,700,0,005,12,642,-0,022,1,000,0,000,-0,047,-0,298,25,981,-12,490,-7,563,3,034,60,997,359,334,359,221,77,386,Curva 4.,22,86
170,94,-124,955,0,051,-233,404,22,702,-0,156,12,837,-0,022,1,000,0,000,-0,030,-0,382,26,077,-8,340,-8,188,4,800,60,588,359,505,359,324,77,557,Curva 4.,22,88
170,96,-124,505,0,053,-233,143,22,670,-0,072,13,037,0,000,1,000,0,000,-0,068,-0,137,26,151,-9,585,3,938,3,600,60,253,359,864,358,539,77,723,Curva 4.,22,90
170,98,-124,049,0,056,-232,885,22,755,0,003,13,138,0,000,1,000,0,000,0,026,0,103,26,275,-2,296,3,743,6,176,59,938,0,217,358,886,77,898,Curva 4.,22,92
171,00,-123,586,0,057,-232,630,22,929,0,019,13,195,0,000,1,000,0,000,0,153,0,153,26,453,1,905,0,830,8,941,59,750,0,291,0,116,78,083,Curva 4.,22,94
171,02,-123,128,0,055,-232,360,22,979,-0,083,13,336,0,000,1,000,0,000,0,082,0,029,26,568,-4,745,-5,112,5,756,59,694,0,240,359,530,78,258,Curva 4.,22,96
171,04,-122,669,0,051,-232,089,22,977,-0,147,13,413,0,000,1,000,0,000,0,014,-0,080,26,605,-3,356,-3,253,1,848,59,698,0,144,359,135,78,436,Curva 4.,22,98
171,06,-122,204,0,046,-231,826,23,046,-0,142,13,403,0,000,1,000,0,000,0,027,-0,165,26,659,2,181,0,278,2,716,59,759,359,950,0,100,78,627,Curva 4.,23,00
171,08,-121,741,0,042,-231,556,23,114,-0,153,13,454,0,000,1,000,0,000,-0,020,-0,257,26,743,-0,491,-0,559,4,236,59,839,359,777,0,190,78,816,Curva 4.,23,02
171,10,-121,280,0,038,-231,280,23,160,-0,121,13,548,0,000,1,000,0,000,-0,110,-0,278,26,830,-2,928,1,545,4,354,59,913,359,666,359,475,79,003,Curva 4.,23,04
171,12,-120,812,0,036,-231,012,23,292,-0,106,13,556,0,000,1,000,0,000,-0,082,-0,292,26,948,2,943,0,684,5,916,59,974,359,606,0,057,79,202,Curva 4.,23,06
171,14,-120,342,0,034,-230,743,23,440,-0,066,13,569,0,000,1,000,0,000,-0,031,-0,265,27,083,3,137,1,905,6,764,59,993,359,579,0,591,79,407,Curva 4.,23,08
171,16,-119,874,0,035,-230,465,23,537,0,005,13,667,0,000,1,000,0,000,-0,069,-0,185,27,217,-1,818,3,504,6,690,60,004,359,601,359,722,79,607,Curva 4.,23,10
171,18,-119,401,0,036,-230,190,23,675,0,038,13,722,0,000,1,000,0,000,-0,052,-0,126,27,364,1,088,1,636,7,340,60,014,359,656,359,689,79,817,Curva 4.,23,12
171,20,-118,922,0,038,-229,921,23,834,0,071,13,696,0,000,1,000,0,000,0,057,-0,074,27,489,5,084,1,575,6,261,59,996,359,698,0,514,80,038,Curva 4.,23,14
171,22,-118,445,0,039,-229,643,23,914,0,050,13,785,0,000,1,000,0,000,0,025,-0,079,27,603,-1,856,-1,106,5,699,59,986,359,732,-0,001,80,254,Curva 4.,23,16
171,24,-117,967,0,040,-229,362,23,967,0,030,13,877,0,000,1,000,0,000,-0,034,-0,096,27,695,-2,652,-1,050,4,577,60,000,359,741,359,514,80,474,Curva 4.,23,18
171,26,-117,484,0,040,-229,089,24,058,0,003,13,869,0,000,1,000,0,000,0,011,-0,126,27,769,2,649,-1,377,3,721,60,014,359,734,0,251,80,705,Curva 4.,23,20
171,28,-117,001,0,039,-228,811,24,127,-0,031,13,903,0,000,1,000,0,000,0,016,-0,165,27,845,0,218,-1,718,3,821,60,013,359,726,0,299,80,936,Curva 4.,23,22
171,30,-116,520,0,038,-228,528,24,156,-0,030,13,983,0,000,1,000,0,000,-0,037,-0,171,27,911,-2,749,0,049,3,265,60,013,359,711,359,606,81,166,Curva 4.,23,24
171,32,-116,034,0,037,-228,250,24,240,-0,038,14,000,0,000,1,000,0,000,-0,010,-0,182,27,992,1,383,-0,447,4,053,60,013,359,705,359,942,81,406,Curva 4.,23,26
171,34,-115,546,0,037,-227,972,24,336,-0,020,14,002,0,000,1,000,0,000,0,040,-0,169,28,076,2,344,0,869,4,226,60,003,359,696,0,422,81,652,Curva 4.,23,28
171,36,-115,060,0,037,-227,687,24,388,-0,006,14,091,0,000,1,000,0,000,-0,008,-0,157,28,166,-2,580,0,691,4,471,59,998,359,691,359,814,81,894,Curva 4.,23,30
171,38,-114,571,0,037,-227,403,24,467,0,002,14,156,0,000,1,000,0,000,-0,029,-0,152,28,266,-0,830,0,323,5,035,60,009,359,689,359,701,82,143,Curva 4.,23,32
171,40,-114,077,0,037,-227,124,24,578,0,017,14,150,0,000,1,000,0,000,0,030,-0,140,28,359,3,027,0,705,4,644,60,009,359,684,0,353,82,402,Curva 4.,23,34
171,42,-113,585,0,037,-226,838,24,652,0,007,14,218,0,000,1,000,0,000,0,007,-0,149,28,458,-1,106,-0,512,4,955,60,012,359,686,0,073,82,658,Curva 4.,23,36
171,44,-113,093,0,037,-226,549,24,707,0,007,14,305,0,138,1,000,0,000,-0,045,-0,149,28,549,-2,383,-0,010,4,516,60,023,359,686,359,613,82,917,Curva 4.,23,38
171,46,-112,595,0,037,-226,266,24,804,-0,001,14,308,0,167,1,000,0,000,-0,002,-0,157,28,634,2,314,-0,461,4,290,60,025,359,689,0,155,83,186,Curva 4.,23,40
171,48,-112,097,0,037,-225,980,24,890,-0,011,14,335,0,167,1,000,0,000,0,023,-0,165,28,723,0,967,-0,541,4,410,60,015,359,694,0,288,83,457,Curva 4.,23,42
171,50,-111,600,0,037,-225,688,24,933,-0,008,14,419,0,235,1,000,0,000,-0,027,-0,162,28,802,-2,580,0,153,3,973,60,015,359,692,359,692,83,727,Curva 4.,23,44
171,52,-111,099,0,037,-225,401,25,028,-0,016,14,428,0,235,1,000,0,000,0,002,-0,170,28,888,1,973,-0,417,4,295,60,034,359,694,359,962,84,006,Curva 4.,23,46
171,54,-110,594,0,036,-225,116,25,143,-0,009,14,389,0,235,1,000,0,000,0,063,-0,166,28,968,4,551,0,283,4,016,60,091,359,690,0,457,84,292,Curva 4.,23,48
171,56,-110,092,0,036,-224,823,25,213,-0,005,14,427,0,080,1,000,0,000,0,015,-0,163,29,048,0,078,0,170,3,991,60,191,359,688,359,919,84,575,Curva 4.,23,50
171,58,-109,587,0,036,-224,533,25,301,-0,003,14,435,0,080,1,000,0,000,-0,014,-0,162,29,129,1,852,0,085,4,061,60,321,359,687,359,777,84,865,Curva 4.,23,52
171,60,-109,077,0,036,-224,249,25,432,0,003,14,356,0,080,1,000,0,000,0,051,-0,158,29,204,6,697,0,217,3,729,60,454,359,685,0,433,85,165,Curva 4.,23,54
171,62,-108,568,0,036,-223,959,25,527,-0,005,14,360,0,080,1,000,0,000,0,026,-0,165,29,289,2,160,-0,425,4,234,60,590,359,686,0,153,85,465,Curva 4.,23,56
171,64,-108,058,0,036,-223,668,25,609,0,004,14,367,0,032,1,000,0,000,-0,017,-0,159,29,364,1,664,0,423,3,772,60,740,359,683,359,725,85,768,Curva 4.,23,58
171,66,-107,542,0,036,-223,383,25,722,-0,002,14,311,0,032,1,000,0,000,0,026,-0,164,29,435,5,213,-0,304,3,558,60,859,359,685,0,203,86,081,Curva 4.,23,60
171,68,-107,026,0,036,-223,097,25,816,-0,008,14,308,0,032,1,000,0,000,0,041,-0,170,29,516,2,433,-0,327,4,024,60,923,359,686,0,260,86,398,Curva 4.,23,62
171,70,-106,510,0,036,-222,807,25,874,-0,002,14,361,0,051,1,000,0,000,0,002,-0,167,29,592,-0,944,0,275,3,821,60,966,359,681,359,739,86,715,Curva 4.,23,64
171,72,-105,991,0,036,-222,520,25,959,-0,008,14,373,0,051,1,000,0,000,0,016,-0,175,29,672,1,527,-0,348,4,001,60,996,359,679,359,949,87,040,Curva 4.,23,66
171,74,-105,469,0,036,-222,235,26,047,-0,005,14,371,0,051,1,000,0,000,0,053,-0,173,29,748,2,221,0,136,3,819,61,008,359,676,0,308,87,370,Curva 4.,23,68
171,76,-104,948,0,036,-221,943,26,099,-0,005,14,437,0,051,1,000,0,000,0,014,-0,174,29,826,-1,619,-0,017,3,874,61,024,359,674,359,883,87,699,Curva 4.,23,70
171,78,-104,425,0,035,-221,653,26,163,-0,006,14,487,0,187,1,000,0,000,-0,012,-0,176,29,906,-0,648,-0,088,3,988,61,050,359,674,359,775,88,034,Curva 4.,23,72
171,80,-103,899,0,035,-221,366,26,254,-0,001,14,475,0,187,1,000,0,000,0,032,-0,173,29,979,2,731,0,207,3,689,61,067,359,673,0,271,88,376,Curva 4.,23,74
171,82,-103,373,0,035,-221,074,26,321,-0,006,14,515,0,506,1,000,0,000,0,013,-0,177,30,057,-0,127,-0,256,3,893,61,099,359,674,0,090,88,718,Curva 4.,23,76
171,84,-102,847,0,035,-220,781,26,380,-0,001,14,557,0,506,1,000,0,000,-0,026,-0,173,30,129,-0,417,0,194,3,594,61,159,359,674,359,762,89,062,Curva 4.,23,78
171,86,-102,316,0,035,-220,493,26,487,-0,003,14,508,1,000,1,000,0,000,0,021,-0,175,30,199,4,739,-0,111,3,517,61,249,359,674,0,222,89,416,Curva 4.,23,80
171,88,-101,784,0,035,-220,204,26,605,-0,007,14,442,1,000,1,000,0,000,0,057,-0,178,30,271,5,709,-0,261,3,583,61,395,359,676,0,392,89,773,Curva 4.,23,82
171,90,-101,252,0,035,-219,912,26,712,0,003,14,379,1,000,1,000,0,000,0,031,-0,171,30,335,5,293,0,458,3,224,61,648,359,673,-0,002,90,131,Curva 4.,23,84
171,92,-100,716,0,035,-219,625,26,842,0,001,14,267,1,000,1,000,0,000,0,027,-0,173,30,398,8,001,-0,116,3,129,61,956,359,673,0,098,90,498,Curva 4.,23,86
171,94,-100,176,0,035,-219,342,26,995,-0,002,14,110,1,000,1,000,0,000,0,075,-0,176,30,459,10,516,-0,243,3,098,62,260,359,673,0,475,90,872,Curva 4.,23,88
171,96,-99,635,0,035,-219,059,27,143,-0,001,13,963,1,000,1,000,0,000,0,093,-0,177,30,523,9,949,-0,021,3,177,62,602,359,670,0,283,91,250,Curva 4.,23,90
171,98,-99,091,0,035,-218,780,27,303,0,007,13,768,1,000,1,000,0,000,0,104,-0,172,30,577,12,299,0,332,2,730,63,043,359,666,0,173,91,635,Curva 4.,23,92
172,00,-98,543,0,035,-218,507,27,476,0,002,13,524,1,000,1,000,0,000,0,135,-0,176,30,624,14,768,-0,353,2,331,63,538,359,668,0,455,92,029,Curva 4.,23,94
172,02,-97,992,0,035,-218,237,27,654,0,000,13,291,1,000,1,000,0,000,0,143,-0,180,30,681,14,376,-0,269,2,885,64,060,359,667,0,445,92,429,Curva 4.,23,96
172,04,-97,438,0,035,-217,970,27,817,0,007,13,073,1,000,1,000,0,000,0,123,-0,175,30,735,13,355,0,319,2,701,64,598,359,661,0,191,92,835,Curva 4.,23,98
172,06,-96,880,0,035,-217,711,27,988,0,000,12,815,1,000,1,000,0,000,0,140,-0,183,30,782,15,284,-0,460,2,346,65,135,359,661,0,351,93,250,Curva 4.,24,00
172,08,-96,318,0,035,-217,457,28,165,-0,008,12,552,1,000,1,000,0,000,0,169,-0,191,30,834,15,627,-0,556,2,598,65,662,359,663,0,514,93,672,Curva 4.,24,02
172,10,-95,754,0,035,-217,204,28,325,-0,003,12,329,1,000,1,000,0,000,0,155,-0,188,30,891,13,436,0,175,2,863,66,189,359,659,0,251,94,100,Curva 4.,24,04
172,12,-95,186,0,035,-216,958,28,485,-0,003,12,091,0,690,1,000,0,000,0,150,-0,190,30,944,14,072,-0,083,2,631,66,720,359,656,0,228,94,535,Curva 4.,24,06
172,14,-94,614,0,035,-216,719,28,653,-0,009,11,824,0,690,1,000,0,000,0,176,-0,196,30,996,15,577,-0,466,2,594,67,247,359,658,0,497,94,979,Curva 4.,24,08
172,16,-94,040,0,035,-216,482,28,817,-0,008,11,591,0,264,1,000,0,000,0,170,-0,196,31,060,13,891,-0,023,3,175,67,773,359,655,0,368,95,428,Curva 4.,24,10
172,18,-93,463,0,035,-216,249,28,964,0,001,11,390,0,264,1,000,0,000,0,135,-0,190,31,122,12,031,0,398,3,089,68,283,359,648,0,112,95,882,Curva 4.,24,12
172,20,-92,882,0,035,-216,022,29,103,-0,005,11,190,0,264,1,000,0,000,0,135,-0,197,31,179,11,879,-0,394,2,844,68,720,359,650,0,260,96,345,Curva 4.,24,14
172,22,-92,298,0,034,-215,800,29,249,-0,011,10,992,0,264,1,000,0,000,0,165,-0,202,31,245,11,810,-0,376,3,303,69,097,359,652,0,408,96,814,Curva 4.,24,16
172,24,-91,712,0,034,-215,579,29,380,-0,006,10,843,0,516,1,000,0,000,0,154,-0,199,31,315,9,305,0,177,3,484,69,461,359,649,0,147,97,286,Curva 4.,24,18
172,26,-91,123,0,034,-215,361,29,495,-0,006,10,734,0,516,1,000,0,000,0,121,-0,200,31,387,7,080,0,013,3,545,69,782,359,646,-0,003,97,764,Curva 4.,24,20
172,28,-90,532,0,034,-215,147,29,593,-0,010,10,664,0,942,1,000,0,000,0,110,-0,204,31,455,4,970,-0,229,3,420,69,981,359,646,0,119,98,248,Curva 4.,24,22
172,30,-89,938,0,034,-214,934,29,700,-0,011,10,581,1,000,1,000,0,000,0,139,-0,205,31,528,5,740,-0,106,3,618,70,137,359,647,0,241,98,736,Curva 4.,24,24
172,32,-89,343,0,033,-214,722,29,806,-0,007,10,493,1,000,1,000,0,000,0,135,-0,202,31,599,5,904,0,147,3,528,70,359,359,647,0,137,99,227,Curva 4.,24,26
172,34,-88,746,0,033,-214,511,29,912,-0,003,10,402,1,000,1,000,0,000,0,097,-0,199,31,668,6,064,0,185,3,451,70,649,359,645,0,083,99,722,Curva 4.,24,28
172,36,-88,146,0,033,-214,305,30,025,-0,002,10,271,1,000,1,000,0,000,0,085,-0,198,31,732,8,022,0,004,3,196,70,960,359,646,0,260,100,222,Curva 4.,24,30
172,38,-87,543,0,033,-214,101,30,147,-0,001,10,088,1,000,1,000,0,000,0,104,-0,196,31,789,10,617,-0,037,2,855,71,309,359,649,0,379,100,727,Curva 4.,24,32
172,40,-86,939,0,034,-213,900,30,273,0,005,9,856,1,000,1,000,0,000,0,121,-0,189,31,836,12,981,0,211,2,363,71,746,359,651,0,335,101,236,Curva 4.,24,34
172,42,-86,333,0,034,-213,703,30,396,0,010,9,602,1,000,1,000,0,000,0,124,-0,184,31,876,14,026,0,130,2,004,72,245,359,653,0,307,101,751,Curva 4.,24,36
172,44,-85,724,0,034,-213,513,30,523,0,007,9,317,1,000,1,000,0,000,0,144,-0,185,31,912,15,454,-0,243,1,827,72,764,359,656,0,411,102,271,Curva 4.,24,38
172,46,-85,112,0,034,-213,328,30,646,0,004,9,033,1,000,1,000,0,000,0,162,-0,189,31,948,15,349,-0,276,1,795,73,284,359,656,0,399,102,796,Curva 4.,24,40
172,48,-84,498,0,034,-213,148,30,760,0,003,8,760,1,000,1,000,0,000,0,167,-0,191,31,982,14,736,-0,148,1,695,73,803,359,654,0,297,103,327,Curva 4.,24,42
172,50,-83,882,0,034,-212,975,30,874,-0,003,8,478,1,000,1,000,0,000,0,181,-0,198,32,016,15,115,-0,403,1,669,74,320,359,653,0,348,103,862,Curva 4.,24,44
172,52,-83,263,0,034,-212,808,30,982,0,029,8,207,1,000,1,000,0,000,0,186,-0,192,32,049,14,474,1,464,1,663,74,827,359,608,0,577,104,404,Curva 4.,24,46
172,54,-82,638,0,037,-212,651,31,072,0,293,7,969,1,000,1,000,0,000,0,157,-0,123,32,078,13,100,12,739,1,514,75,329,359,266,1,803,104,955,Curva 4.,24,48
172,56,-82,011,0,044,-212,498,31,156,0,584,7,676,1,000,1,000,0,000,0,098,-0,156,32,093,15,906,13,758,0,856,75,971,358,688,2,858,105,510,Curva 4.,24,50
172,58,-81,390,0,055,-212,337,31,219,0,596,7,286,1,000,1,000,0,000,-0,039,-0,220,32,063,19,732,0,030,-1,329,76,922,358,541,1,744,106,059,Curva 4.,24,52
172,60,-80,769,0,063,-212,188,31,262,0,378,6,757,1,000,1,000,0,000,-0,029,-0,385,31,983,26,185,-11,111,-3,747,77,847,358,634,0,662,106,612,Curva 4.,24,54
172,62,-80,145,0,072,-212,062,31,293,0,273,6,338,1,000,1,000,0,000,0,084,-0,254,31,929,20,662,-5,737,-2,746,78,387,359,058,1,526,107,174,Curva 4.,24,56
172,64,-79,520,0,082,-211,952,31,381,0,175,6,131,1,000,1,000,0,000,0,134,0,039,31,974,10,699,-5,606,2,219,78,710,359,772,3,744,107,743,Curva 4.,24,58
172,66,-78,893,0,089,-211,821,31,531,0,182,6,164,1,000,1,000,0,000,-0,024,0,244,32,127,-0,177,0,351,7,682,79,004,0,107,2,910,108,309,Curva 4.,24,60
172,68,-78,260,0,084,-211,682,31,785,-0,158,6,198,1,000,1,000,0,000,-0,253,-0,129,32,383,0,339,-16,983,12,838,79,408,0,044,0,998,108,880,Curva 4.,24,62
172,70,-77,628,0,074,-211,558,31,676,-0,526,5,837,1,000,1,000,0,000,-0,199,-0,492,32,209,16,628,-18,590,-8,510,79,904,0,057,0,585,109,455,Curva 4.,24,64
172,72,-76,996,0,057,-211,440,31,626,-0,852,5,804,1,000,1,000,0,000,-0,432,-0,802,32,153,1,022,-16,309,-2,724,80,353,0,078,0,781,110,032,Curva 4.,24,66
172,74,-76,364,0,039,-211,318,31,656,-0,879,5,725,1,000,1,000,0,000,-0,515,-0,888,32,165,4,134,-1,354,0,810,80,665,359,982,0,077,110,609,Curva 4.,24,68
172,76,-75,730,0,023,-211,201,31,647,-0,699,5,581,1,000,1,000,0,000,-0,472,-0,807,32,130,6,961,9,025,-1,515,80,851,359,815,359,574,111,190,Curva 4.,24,70
172,78,-75,091,0,014,-211,107,31,828,-0,378,5,119,1,000,1,000,0,000,-0,095,-0,610,32,233,24,547,15,524,5,410,81,011,359,586,1,143,111,782,Curva 4.,24,72
172,80,-74,451,0,012,-211,012,31,983,-0,015,4,637,1,000,1,000,0,000,0,188,-0,325,32,315,25,368,17,579,4,257,81,404,359,459,1,264,112,375,Curva 4.,24,74
172,82,-73,809,0,019,-210,909,32,199,0,362,4,330,1,000,1,000,0,000,0,112,0,013,32,491,16,564,18,833,8,807,82,142,359,385,359,652,112,969,Curva 4.,24,76
172,84,-73,161,0,028,-210,833,32,403,0,443,3,761,1,000,1,000,0,000,0,291,0,123,32,622,29,556,3,683,6,633,82,870,359,444,0,589,113,576,Curva 4.,24,78
172,86,-72,511,0,037,-210,770,32,575,0,365,3,172,1,000,1,000,0,000,0,581,0,099,32,726,30,148,-4,693,5,111,83,427,359,560,1,427,114,189,Curva 4.,24,80
172,88,-71,859,0,043,-210,692,32,662,0,328,3,139,1,000,1,000,0,000,0,279,0,065,32,813,2,086,-1,830,4,153,84,022,359,538,359,780,114,800,Curva 4.,24,82
172,90,-71,207,0,044,-210,628,32,675,0,017,2,951,1,000,1,000,0,000,0,108,-0,192,32,808,9,445,-15,560,-0,313,84,651,359,635,359,800,115,416,Curva 4.,24,84
172,92,-70,553,0,041,-210,578,32,690,-0,178,2,644,0,855,1,000,0,000,0,088,-0,344,32,795,15,194,-9,998,-0,611,85,211,359,713,0,951,116,037,Curva 4.,24,86
172,94,-69,900,0,036,-210,518,32,693,-0,306,2,533,0,855,1,000,0,000,-0,093,-0,435,32,790,5,562,-6,415,-0,268,85,730,359,775,0,193,116,655,Curva 4.,24,88
172,96,-69,247,0,031,-210,462,32,694,-0,255,2,340,0,642,1,000,0,000,-0,194,-0,387,32,776,9,609,2,660,-0,565,86,252,359,771,359,500,117,275,Curva 4.,24,90
172,98,-68,592,0,027,-210,429,32,709,-0,159,1,902,0,642,1,000,0,000,-0,062,-0,310,32,764,21,990,4,429,-0,451,86,772,359,733,0,973,117,902,Curva 4.,24,92
173,00,-67,937,0,025,-210,394,32,786,-0,058,1,526,0,438,1,000,0,000,0,049,-0,244,32,820,19,012,4,677,2,925,87,241,359,678,1,027,118,530,Curva 4.,24,94
173,02,-67,279,0,027,-210,355,32,858,0,129,1,299,0,438,1,000,0,000,-0,008,-0,107,32,884,11,447,9,445,3,255,87,753,359,588,359,555,119,159,Curva 4.,24,96
173,04,-66,621,0,030,-210,338,32,913,0,144,0,894,0,438,1,000,0,000,0,142,-0,101,32,925,20,329,0,613,2,087,88,197,359,574,0,318,119,794,Curva 4.,24,98
173,06,-65,962,0,033,-210,331,32,981,0,125,0,481,0,351,1,000,0,000,0,345,-0,117,32,983,20,669,-1,418,2,897,88,561,359,593,1,180,120,433,Curva 4.,25,00
173,08,-65,301,0,035,-210,307,33,064,0,103,0,477,0,158,1,000,0,000,0,140,-0,128,33,067,0,324,-1,106,4,121,88,933,359,597,359,504,121,070,Curva 4.,25,02
173,10,-64,639,0,035,-210,297,33,116,-0,022,0,387,0,158,1,000,0,000,0,040,-0,221,33,118,4,577,-6,254,2,528,89,265,359,657,359,534,121,711,Curva 4.,25,04
173,12,-63,976,0,034,-210,302,33,138,-0,045,0,112,0,070,1,000,0,000,0,162,-0,233,33,137,13,740,-1,402,0,969,89,520,359,680,1,134,122,357,Curva 4.,25,06
173,14,-63,312,0,032,-210,292,33,192,-0,114,0,098,0,090,1,000,0,000,0,057,-0,285,33,191,0,697,-3,491,2,692,89,732,359,705,0,090,123,001,Curva 4.,25,08
173,16,-62,647,0,031,-210,280,33,214,0,017,0,116,0,090,1,000,0,000,-0,069,-0,222,33,214,-1,057,6,519,1,138,89,926,359,591,358,872,123,645,Curva 4.,25,10
173,18,-61,981,0,033,-210,294,33,216,0,182,-0,132,0,090,1,000,0,000,0,097,-0,200,33,216,12,558,8,127,0,207,90,056,359,343,0,767,124,296,Curva 4.,25,12
173,20,-61,314,0,036,-210,298,33,260,0,284,-0,215,0,090,1,000,0,000,0,133,-0,280,33,260,4,187,4,979,2,273,90,133,359,031,0,891,124,947,Curva 4.,25,14
173,22,-60,646,0,042,-210,285,33,283,0,429,-0,028,0,216,1,000,0,000,-0,089,-0,333,33,284,-9,492,7,019,1,296,90,214,358,692,358,768,125,595,Curva 4.,25,16
173,24,-59,979,0,049,-210,296,33,317,0,451,-0,196,0,216,1,000,0,000,0,032,-0,389,33,318,8,394,1,030,1,774,90,281,358,557,0,038,126,247,Curva 4.,25,18
173,26,-59,312,0,061,-210,310,33,355,0,553,-0,336,0,380,1,000,0,000,0,164,-0,267,33,360,7,080,4,896,2,076,90,286,358,599,1,207,126,900,Curva 4.,25,20
173,28,-58,644,0,076,-210,299,33,401,0,760,-0,132,0,438,1,000,0,000,-0,103,-0,083,33,409,-10,372,10,189,2,449,90,405,358,556,359,200,127,549,Curva 4.,25,22
173,30,-57,972,0,093,-210,301,33,457,1,028,-0,210,0,254,1,000,0,000,-0,135,-0,025,33,473,3,712,13,362,3,263,90,591,358,200,359,173,128,204,Curva 4.,25,24
173,32,-57,299,0,114,-210,331,33,448,1,322,-0,708,0,254,1,000,0,000,0,225,-0,132,33,481,25,369,13,795,0,562,90,819,357,525,1,942,128,867,Curva 4.,25,26
173,34,-56,624,0,134,-210,331,33,460,1,347,-0,714,0,254,1,000,0,000,0,078,-0,557,33,490,0,310,1,257,0,690,91,088,356,741,0,046,129,525,Curva 4.,25,28
173,36,-55,952,0,160,-210,331,33,428,1,520,-0,684,0,254,1,000,0,000,-0,094,-0,718,33,462,-1,776,8,684,-1,063,91,372,356,174,358,166,130,181,Curva 4.,25,30
173,38,-55,283,0,196,-210,371,33,365,1,880,-1,246,0,119,1,000,0,000,0,344,-0,497,33,435,28,425,17,731,-1,147,91,537,355,933,0,750,130,842,Curva 4.,25,32
173,40,-54,616,0,237,-210,402,33,415,2,009,-1,319,0,000,1,000,0,000,0,366,-0,309,33,498,3,752,6,138,3,043,91,618,356,053,1,644,131,499,Curva 4.,25,34
173,42,-53,946,0,281,-210,398,33,529,2,149,-0,900,0,000,1,000,0,000,-0,344,-0,065,33,608,-21,269,6,217,5,384,92,128,356,237,358,785,132,152,Curva 4.,25,36
173,44,-53,277,0,323,-210,414,33,507,1,936,-1,069,0,000,1,000,0,000,-0,366,-0,108,33,577,8,792,-10,317,-1,398,92,458,356,528,358,373,132,808,Curva 4.,25,38
173,46,-52,609,0,359,-210,460,33,531,1,760,-1,450,0,000,1,000,0,000,0,064,-0,156,33,608,18,845,-9,190,1,477,92,364,356,734,0,881,133,470,Curva 4.,25,40
173,48,-51,941,0,389,-210,495,33,445,1,404,-1,498,0,000,1,000,0,000,0,190,-0,403,33,505,2,068,-17,604,-5,128,92,221,356,919,1,637,134,130,Curva 4.,25,42
173,50,-51,272,0,418,-210,508,33,469,1,416,-1,360,0,000,1,000,0,000,0,060,-0,365,33,525,-6,961,0,448,0,969,92,231,356,955,359,315,134,786,Curva 4.,25,44
173,52,-50,605,0,441,-210,528,33,350,1,134,-1,337,0,000,1,000,0,000,0,042,-0,604,33,391,-0,522,-13,797,-6,733,92,254,357,016,358,388,135,442,Curva 4.,25,46
173,54,-49,936,0,466,-210,576,33,393,1,353,-1,417,0,000,1,000,0,000,0,136,-0,522,33,446,4,154,10,716,2,904,92,175,356,793,1,336,136,106,Curva 4.,25,48
173,56,-49,270,0,491,-210,599,33,257,1,316,-1,320,0,000,1,000,0,000,0,071,-0,608,33,304,-4,613,-1,403,-7,040,92,137,356,692,0,746,136,761,Curva 4.,25,50
173,58,-48,604,0,524,-210,603,33,190,1,682,-1,080,0,000,1,000,0,000,-0,054,-0,366,33,248,-12,587,18,012,-2,678,91,981,356,474,357,747,137,413,Curva 4.,25,52
173,60,-47,939,0,558,-210,647,33,231,1,801,-1,332,0,000,1,000,0,000,0,235,-0,362,33,304,12,569,5,732,2,882,91,887,356,280,0,295,138,072,Curva 4.,25,54
173,62,-47,272,0,598,-210,684,33,329,2,025,-1,408,0,322,1,000,0,000,0,339,-0,208,33,418,3,928,10,749,5,736,91,827,356,186,1,671,138,732,Curva 4.,25,56
173,64,-46,603,0,642,-210,676,33,406,2,230,-0,820,0,322,1,000,0,000,-0,292,-0,016,33,490,-29,846,8,952,3,573,91,907,356,172,357,892,139,385,Curva 4.,25,58
173,66,-45,932,0,687,-210,699,33,528,2,302,-0,970,0,322,1,000,0,000,-0,189,-0,008,33,621,7,197,3,341,6,585,91,980,356,069,358,499,140,046,Curva 4.,25,60
173,68,-45,260,0,735,-210,749,33,563,2,481,-1,259,0,322,1,000,0,000,0,224,0,037,33,677,14,715,8,206,2,826,91,768,355,853,2,192,140,713,Curva 4.,25,62
173,70,-44,585,0,780,-210,764,33,598,2,413,-0,992,0,332,1,000,0,000,0,034,-0,234,33,699,-13,459,-3,233,1,116,91,624,355,497,1,196,141,377,Curva 4.,25,64
173,72,-43,913,0,826,-210,764,33,525,2,352,-0,872,0,332,1,000,0,000,-0,027,-0,423,33,616,-5,816,-2,895,-4,064,91,557,355,269,358,428,142,035,Curva 4.,25,66
173,74,-43,242,0,869,-210,790,33,494,2,232,-1,165,0,322,1,000,0,000,0,277,-0,612,33,582,14,795,-5,534,-1,664,91,541,355,135,358,793,142,697,Curva 4.,25,68
173,76,-42,571,0,914,-210,826,33,581,2,221,-1,188,0,322,1,000,0,000,0,313,-0,610,33,669,1,044,-0,935,4,326,91,482,355,185,0,582,143,361,Curva 4.,25,70
173,78,-41,902,0,958,-210,843,33,503,2,131,-0,985,0,000,1,000,0,000,0,002,-0,548,33,581,-10,102,-4,079,-4,550,91,673,355,428,0,437,144,019,Curva 4.,25,72
173,80,-41,230,1,006,-210,844,33,598,2,358,-0,867,0,000,1,000,0,000,-0,293,-0,354,33,689,-6,355,10,772,5,429,91,995,355,400,358,355,144,678,Curva 4.,25,74
173,82,-40,558,1,054,-210,878,33,552,2,494,-1,124,0,000,1,000,0,000,-0,108,-0,321,33,662,12,965,6,864,-1,226,92,101,355,205,0,249,145,343,Curva 4.,25,76
173,84,-39,887,1,104,-210,915,33,454,2,652,-1,460,0,000,1,000,0,000,0,082,-0,361,33,589,17,234,7,703,-3,489,92,341,354,861,1,731,146,008,Curva 4.,25,78
173,86,-39,214,1,160,-210,920,33,460,2,923,-1,357,0,000,1,000,0,000,-0,185,-0,299,33,613,-5,452,13,396,1,321,92,651,354,510,358,705,146,668,Curva 4.,25,80
173,88,-38,544,1,219,-210,951,33,465,3,005,-1,535,0,000,1,000,0,000,-0,141,-0,264,33,634,8,764,4,144,1,118,92,874,354,430,358,979,147,330,Curva 4.,25,82
173,90,-37,876,1,283,-211,008,33,465,3,176,-1,991,0,000,1,000,0,000,0,348,-0,080,33,672,23,006,7,766,1,920,92,806,354,469,1,679,147,996,Curva 4.,25,84
173,92,-37,204,1,348,-211,036,33,549,3,248,-1,800,0,000,1,000,0,000,0,185,-0,010,33,754,-9,719,3,285,4,079,92,755,354,461,0,329,148,660,Curva 4.,25,86
173,94,-36,532,1,411,-211,054,33,628,3,123,-1,636,0,000,1,000,0,000,-0,095,-0,073,33,812,-8,194,-6,820,2,899,92,951,354,582,358,286,149,323,Curva 4.,25,88
173,96,-35,860,1,471,-211,096,33,657,2,984,-1,830,0,000,1,000,0,000,0,034,-0,175,33,838,9,718,-7,005,1,311,93,058,354,644,359,271,149,990,Curva 4.,25,90
173,98,-35,188,1,528,-211,145,33,642,2,766,-1,926,0,000,1,000,0,000,0,098,-0,308,33,809,4,666,-10,864,-1,469,93,101,354,788,0,875,150,658,Curva 4.,25,92
174,00,-34,516,1,581,-211,175,33,644,2,591,-1,793,0,000,1,000,0,000,-0,070,-0,412,33,789,-6,676,-8,693,-1,031,93,168,354,903,0,107,151,324,Curva 4.,25,94
174,02,-33,841,1,633,-211,199,33,708,2,614,-1,773,0,000,1,000,0,000,-0,160,-0,409,33,853,-1,200,0,854,3,219,93,301,354,886,358,491,151,990,Curva 4.,25,96
174,04,-33,168,1,686,-211,247,33,621,2,739,-1,931,0,000,1,000,0,000,0,006,-0,361,33,786,8,149,6,601,-3,300,93,278,354,738,359,933,152,660,Curva 4.,25,98
174,06,-32,495,1,743,-211,294,33,568,2,973,-2,013,0,000,1,000,0,000,0,107,-0,296,33,758,4,441,11,802,-1,266,93,243,354,449,0,929,153,330,Curva 4.,26,00
174,08,-31,820,1,805,-211,314,33,586,3,217,-1,735,0,000,1,000,0,000,-0,151,-0,277,33,782,-14,235,11,784,1,345,93,227,354,072,358,578,153,996,Curva 4.,26,02
174,10,-31,145,1,868,-211,355,33,632,3,296,-1,831,0,000,1,000,0,000,-0,062,-0,375,33,841,4,597,3,694,3,015,93,230,353,777,359,259,154,666,Curva 4.,26,04
174,12,-30,473,1,937,-211,410,33,629,3,493,-2,099,0,000,1,000,0,000,0,202,-0,246,33,874,13,582,9,434,1,670,93,219,353,672,1,208,155,337,Curva 4.,26,06
174,14,-29,798,2,010,-211,437,33,689,3,632,-1,875,0,000,1,000,0,000,-0,056,-0,125,33,936,-11,351,6,604,3,100,93,283,353,646,359,685,156,005,Curva 4.,26,08
174,16,-29,122,2,084,-211,463,33,759,3,679,-1,792,0,000,1,000,0,000,-0,246,-0,090,34,005,-4,422,1,818,3,500,93,460,353,649,358,325,156,673,Curva 4.,26,10
174,18,-28,447,2,156,-211,520,33,798,3,666,-2,112,0,000,1,000,0,000,0,087,-0,144,34,061,15,821,-1,145,2,776,93,425,353,580,0,635,157,348,Curva 4.,26,12
174,20,-27,771,2,226,-211,563,33,732,3,516,-2,151,0,000,1,000,0,000,0,177,-0,331,33,980,2,088,-7,114,-4,007,93,344,353,506,0,461,158,019,Curva 4.,26,14
174,22,-27,095,2,296,-211,586,33,713,3,577,-1,910,0,000,1,000,0,000,-0,023,-0,415,33,953,-12,078,2,832,-1,265,93,306,353,254,358,049,158,688,Curva 4.,26,16
174,24,-26,420,2,366,-211,635,33,693,3,581,-1,999,-0,361,1,000,0,000,0,051,-0,477,33,938,4,495,0,300,-0,725,93,316,353,138,359,534,159,360,Curva 4.,26,18
174,26,-25,747,2,441,-211,686,33,662,3,758,-2,053,-0,361,1,000,0,000,0,094,-0,319,33,932,2,958,8,916,-0,279,93,320,353,106,1,096,160,031,Curva 4.,26,20
174,28,-25,074,2,518,-211,711,33,698,3,796,-1,738,-0,361,1,000,0,000,-0,257,-0,198,33,954,-15,836,1,662,1,066,93,391,353,250,359,576,160,698,Curva 4.,26,22
174,30,-24,401,2,594,-211,738,33,784,3,651,-1,719,-0,361,1,000,0,000,-0,320,-0,126,34,022,-1,009,-7,720,3,411,93,460,353,642,358,473,161,365,Curva 4.,26,24
174,32,-23,728,2,667,-211,784,33,835,3,428,-1,999,-0,380,1,000,0,000,0,069,-0,007,34,067,14,002,-11,215,2,227,93,265,354,211,359,283,162,034,Curva 4.,26,26
174,34,-23,055,2,736,-211,833,33,926,3,166,-2,051,-0,371,1,000,0,000,0,276,0,131,34,133,2,290,-13,508,3,445,92,996,354,901,0,236,162,705,Curva 4.,26,28
174,36,-22,379,2,793,-211,871,34,006,2,619,-1,886,-0,371,1,000,0,000,0,180,-0,118,34,158,-8,488,-27,510,1,414,92,871,355,405,0,123,163,377,Curva 4.,26,30
174,38,-21,700,2,838,-211,903,34,057,2,128,-1,782,-0,254,1,000,0,000,0,079,-0,433,34,167,-5,139,-24,691,0,427,92,868,355,702,359,547,164,051,Curva 4.,26,32
174,40,-21,019,2,875,-211,935,33,996,1,885,-1,781,0,000,1,000,0,000,0,078,-0,688,34,088,0,308,-11,912,-3,940,92,887,355,673,359,013,164,726,Curva 4.,26,34
174,42,-20,341,2,914,-211,978,33,840,2,069,-1,734,0,000,1,000,0,000,0,089,-0,656,33,941,-1,948,9,832,-7,144,92,778,355,399,0,243,165,401,Curva 4.,26,36
174,44,-19,666,2,959,-212,009,33,626,2,378,-1,521,0,000,1,000,0,000,0,007,-0,526,33,740,-10,126,16,361,-9,829,92,577,355,067,0,034,166,071,Curva 4.,26,38
174,46,-18,990,3,012,-212,023,33,668,2,783,-1,091,0,000,1,000,0,000,-0,196,-0,339,33,798,-22,152,19,420,3,151,92,204,354,713,358,353,166,739,Curva 4.,26,40
174,48,-18,313,3,072,-212,059,33,781,3,088,-1,087,0,000,1,000,0,000,0,025,-0,169,33,939,-0,358,14,618,7,095,91,800,354,495,0,016,167,411,Curva 4.,26,42
174,50,-17,635,3,137,-212,088,33,913,3,251,-1,109,0,000,1,000,0,000,0,165,-0,031,34,086,1,006,7,501,7,344,91,593,354,478,0,819,168,084,Curva 4.,26,44
174,52,-16,955,3,203,-212,087,34,050,3,212,-0,711,0,000,1,000,0,000,-0,342,0,015,34,207,-20,002,-3,017,6,067,91,771,354,651,358,694,168,754,Curva 4.,26,46
174,54,-16,273,3,265,-212,103,34,173,3,077,-0,802,-0,109,1,000,0,000,-0,349,-0,024,34,319,4,445,-7,194,5,638,91,930,354,827,358,956,169,429,Curva 4.,26,48
174,56,-15,590,3,324,-212,138,34,212,2,857,-1,101,-0,109,1,000,0,000,0,005,-0,106,34,349,14,722,-11,392,1,490,91,832,355,052,0,860,170,107,Curva 4.,26,50
174,58,-14,908,3,378,-212,162,34,221,2,575,-1,095,-0,545,1,000,0,000,0,073,-0,246,34,334,-0,573,-14,058,-0,728,91,703,355,291,1,028,170,783,Curva 4.,26,52
174,60,-14,223,3,427,-212,169,34,246,2,418,-0,977,-0,545,1,000,0,000,-0,043,-0,323,34,344,-5,804,-8,053,0,458,91,715,355,427,359,079,171,458,Curva 4.,26,54
174,62,-13,542,3,471,-212,188,34,132,2,134,-0,988,-0,545,1,000,0,000,-0,007,-0,517,34,209,0,995,-13,667,-6,787,91,687,355,559,358,834,172,133,Curva 4.,26,56
174,64,-12,860,3,513,-212,222,34,143,2,089,-1,051,-0,545,1,000,0,000,0,102,-0,525,34,219,3,128,-2,326,0,456,91,581,355,624,0,770,172,811,Curva 4.,26,58
174,66,-12,180,3,554,-212,243,34,067,1,908,-0,954,-0,545,1,000,0,000,0,041,-0,543,34,129,-4,918,-8,663,-4,575,91,519,355,886,1,071,173,484,Curva 4.,26,60
174,68,-11,501,3,594,-212,249,34,116,1,826,-0,798,-0,545,1,000,0,000,-0,167,-0,338,34,172,-7,863,-4,312,1,962,91,624,356,372,359,622,174,154,Curva 4.,26,62
174,70,-10,824,3,634,-212,260,34,118,1,667,-0,826,-0,593,1,000,0,000,-0,156,-0,045,34,169,1,577,-7,895,-0,215,91,650,357,134,358,855,174,824,Curva 4.,26,64
174,72,-10,144,3,670,-212,294,34,216,1,547,-1,038,-0,593,1,000,0,000,0,155,0,190,34,265,10,375,-6,322,4,889,91,481,357,734,0,698,175,499,Curva 4.,26,66
174,74,-9,458,3,694,-212,314,34,378,1,078,-0,996,-0,642,1,000,0,000,0,237,-0,084,34,408,-2,453,-23,690,7,266,91,262,358,067,0,381,176,178,Curva 4.,26,68
174,76,-8,773,3,712,-212,323,34,286,0,848,-0,852,-0,642,1,000,0,000,0,136,-0,264,34,306,-6,875,-11,456,-5,084,91,205,358,138,359,017,176,855,Curva 4.,26,70
174,78,-8,091,3,724,-212,339,34,143,0,587,-0,761,-0,642,1,000,0,000,0,126,-0,467,34,153,-4,193,-12,919,-7,640,91,079,358,229,358,992,177,530,Curva 4.,26,72
174,80,-7,411,3,736,-212,361,34,089,0,468,-0,707,-0,642,1,000,0,000,0,154,-0,391,34,097,-2,680,-5,856,-2,903,90,928,358,557,0,019,178,203,Curva 4.,26,74
174,82,-6,733,3,749,-212,375,34,110,0,341,-0,542,-0,632,1,000,0,000,0,078,-0,142,34,115,-8,296,-6,345,0,829,90,778,359,190,0,373,178,874,Curva 4.,26,76
174,84,-6,053,3,759,-212,377,34,232,0,186,-0,358,-0,419,1,000,0,000,-0,117,0,128,34,234,-9,234,-7,824,5,953,90,792,359,904,359,553,179,545,Curva 4.,26,78
174,86,-5,368,3,758,-212,382,34,398,-0,175,-0,320,-0,225,1,000,0,000,-0,191,-0,007,34,400,-1,825,-17,987,8,392,90,852,0,282,359,478,180,221,Curva 4.,26,80
174,88,-4,679,3,752,-212,397,34,423,-0,317,-0,355,-0,225,1,000,0,000,-0,095,-0,174,34,426,1,628,-7,155,1,294,90,746,0,237,0,582,180,903,Curva 4.,26,82
174,90,-3,992,3,742,-212,400,34,269,-0,373,-0,194,-0,981,1,000,0,000,-0,085,-0,374,34,269,-7,962,-2,784,-7,785,90,466,-0,002,359,974,181,580,Curva 4.,26,84
174,92,-3,306,3,734,-212,397,34,226,-0,259,0,002,-0,981,1,000,0,000,-0,005,-0,447,34,224,-9,881,5,522,-2,088,90,019,359,687,358,964,182,256,Curva 4.,26,86
174,94,-2,619,3,730,-212,410,34,256,-0,084,-0,037,-0,981,1,000,0,000,0,216,-0,418,34,253,1,973,8,714,1,563,89,696,359,445,0,380,182,935,Curva 4.,26,88
174,96,-1,932,3,731,-212,407,34,326,0,053,0,171,-0,981,1,000,0,000,0,103,-0,328,34,325,-10,332,6,888,3,649,89,540,359,364,0,239,183,612,Curva 4.,26,90
174,98,-1,244,3,735,-212,386,34,412,0,168,0,573,-1,000,1,000,0,000,-0,319,-0,199,34,415,-20,188,5,253,4,486,89,583,359,401,358,774,184,287,Curva 4.,26,92
175,00,-0,554,3,739,-212,383,34,534,0,171,0,600,-1,000,1,000,0,000,-0,267,-0,122,34,538,-1,296,0,121,6,136,89,447,359,513,0,080,184,968,Curva 4.,26,94
175,02,0,138,3,742,-212,377,34,618,0,131,0,679,-1,000,1,000,0,000,-0,046,-0,093,34,624,-3,855,-2,019,4,234,88,952,359,629,0,570,185,649,Curva 4.,26,96
175,04,0,830,3,744,-212,350,34,635,0,064,1,053,-1,000,1,000,0,000,-0,071,-0,120,34,651,-18,632,-3,702,1,389,88,379,359,699,358,929,186,327,Curva 4.,26,98
175,06,1,523,3,743,-212,333,34,671,-0,060,1,261,-1,000,0,770,0,000,0,019,-0,220,34,693,-10,245,-6,289,2,137,87,890,359,735,359,426,187,009,Curva 4.,27,00
175,08,2,217,3,742,-212,314,34,638,-0,040,1,488,-1,000,0,770,0,000,0,125,-0,222,34,669,-11,433,1,055,-1,103,87,330,359,702,0,416,187,690,Curva 4.,27,02
175,10,2,908,3,741,-212,273,34,550,-0,076,1,943,-1,000,0,770,0,000,0,013,-0,266,34,603,-22,916,-2,067,-3,136,86,765,359,685,359,277,188,365,Curva 4.,27,04
175,12,3,597,3,739,-212,226,34,474,-0,083,2,402,-1,000,0,770,0,000,-0,121,-0,279,34,557,-23,164,-0,801,-2,247,86,225,359,679,358,774,189,038,Curva 4.,27,06
175,14,4,287,3,739,-212,188,34,414,0,025,2,635,-1,000,0,703,0,000,-0,027,-0,194,34,514,-11,778,5,463,-2,088,85,665,359,635,0,309,189,713,Curva 4.,27,08
175,16,4,973,3,740,-212,129,34,309,0,020,3,046,-1,000,0,621,0,000,-0,122,-0,192,34,443,-20,954,-0,293,-3,496,85,130,359,648,359,874,190,381,Curva 4.,27,10
175,18,5,656,3,741,-212,054,34,190,0,034,3,567,-1,000,0,621,0,000,-0,358,-0,175,34,373,-26,490,0,066,-3,502,84,648,359,668,358,566,191,044,Curva 4.,27,12
175,20,6,340,3,742,-211,995,34,122,0,048,3,678,-1,000,0,518,0,000,-0,172,-0,145,34,319,-5,864,0,758,-2,803,84,134,359,676,0,192,191,710,Curva 4.,27,14
175,22,7,021,3,742,-211,923,33,997,0,024,3,897,-1,000,0,273,0,000,-0,068,-0,146,34,220,-11,607,-1,090,-4,967,83,573,359,714,0,449,192,371,Curva 4.,27,16
175,24,7,696,3,743,-211,828,33,809,0,026,4,387,-1,000,0,273,0,000,-0,255,-0,137,34,091,-25,446,-0,506,-6,384,83,041,359,737,358,559,193,023,Curva 4.,27,18
175,26,8,370,3,743,-211,750,33,678,-0,036,4,509,-1,000,0,273,0,000,-0,075,-0,166,33,978,-6,862,-3,122,-5,719,82,503,359,782,359,743,193,678,Curva 4.,27,20
175,28,9,041,3,743,-211,667,33,479,0,001,4,681,-1,000,0,273,0,000,0,073,-0,107,33,804,-9,908,1,962,-8,630,81,915,359,819,0,646,194,328,Curva 4.,27,22
175,30,9,704,3,743,-211,556,33,195,-0,004,5,183,-1,000,0,273,0,000,-0,147,-0,090,33,597,-26,950,-0,796,-10,269,81,379,359,859,358,766,194,966,Curva 4.,27,24
175,32,10,364,3,743,-211,454,32,957,-0,049,5,446,-1,000,0,190,0,000,-0,149,-0,104,33,404,-14,804,-2,431,-9,655,80,876,359,910,359,131,195,603,Curva 4.,27,26
175,34,11,021,3,744,-211,356,32,720,0,046,5,604,-1,000,0,106,0,000,0,003,-0,013,33,196,-9,748,4,883,-10,357,80,276,359,897,0,608,196,237,Curva 4.,27,28
175,36,11,668,3,744,-211,232,32,405,-0,012,6,033,-1,000,0,012,0,000,-0,128,-0,060,32,962,-23,904,-3,224,-11,636,79,677,359,920,359,236,196,859,Curva 4.,27,30
175,38,12,309,3,742,-211,105,32,094,-0,172,6,432,-1,000,0,012,0,000,-0,213,-0,128,32,731,-22,302,-8,571,-11,503,79,046,0,087,358,547,197,474,Curva 4.,27,32
175,40,12,947,3,739,-210,990,31,852,-0,194,6,512,-1,000,0,000,0,000,0,041,-0,029,32,511,-6,376,-1,186,-11,022,78,373,0,291,359,985,198,089,Curva 4.,27,34
175,42,13,577,3,735,-210,860,31,549,-0,384,6,732,-1,000,0,000,0,000,0,076,-0,003,32,261,-13,941,-9,637,-12,367,77,821,0,676,359,987,198,693,Curva 4.,27,36
175,44,14,199,3,729,-210,716,31,256,-0,465,7,048,-1,000,0,000,0,000,-0,068,0,117,32,044,-18,528,-4,645,-10,763,77,410,1,043,358,792,199,287,Curva 4.,27,38
175,46,14,819,3,719,-210,582,30,977,-0,589,7,129,-1,000,0,000,0,000,0,039,0,102,31,792,-7,014,-6,558,-12,581,76,967,1,245,359,460,199,881,Curva 4.,27,40
175,48,15,434,3,706,-210,443,30,656,-0,663,7,295,-1,000,0,000,0,000,0,113,0,024,31,519,-11,829,-3,998,-13,525,76,409,1,249,359,832,200,470,Curva 4.,27,42
175,50,16,041,3,690,-210,290,30,340,-0,739,7,604,-1,000,0,000,0,000,0,107,-0,106,31,286,-18,798,-4,402,-11,458,75,738,1,155,358,841,201,049,Curva 4.,27,44
175,52,16,644,3,674,-210,140,30,026,-0,764,7,879,-1,000,0,000,0,000,0,218,-0,176,31,051,-17,311,-1,861,-11,534,74,901,1,077,358,808,201,625,Curva 4.,27,46
175,54,17,241,3,661,-209,990,29,695,-0,679,8,096,-1,000,0,000,0,000,0,382,-0,090,30,784,-15,025,3,924,-12,990,74,039,1,091,359,620,202,195,Curva 4.,27,48
175,56,17,827,3,649,-209,823,29,289,-0,645,8,445,-1,000,0,000,0,000,0,326,0,002,30,487,-22,565,0,996,-14,495,73,303,1,205,358,945,202,752,Curva 4.,27,50
175,58,18,403,3,637,-209,648,28,847,-0,625,8,835,-1,000,0,266,0,000,0,162,0,067,30,176,-25,202,-0,131,-15,283,72,660,1,304,358,247,203,299,Curva 4.,27,52
175,60,18,976,3,626,-209,477,28,439,-0,538,9,087,-1,000,0,266,0,000,0,123,0,130,29,860,-18,346,3,755,-15,611,72,040,1,277,359,185,203,843,Curva 4.,27,54
175,62,19,540,3,615,-209,295,28,050,-0,476,9,390,-1,000,0,266,0,000,0,054,0,101,29,583,-20,577,2,537,-13,688,71,385,1,117,359,291,204,378,Curva 4.,27,56
175,64,20,094,3,604,-209,099,27,661,-0,454,9,792,-1,000,0,266,0,000,-0,055,-0,015,29,347,-25,464,0,138,-11,662,70,614,0,861,358,213,204,901,Curva 4.,27,58
175,66,20,646,3,593,-208,908,27,319,-0,440,10,023,-1,000,0,347,0,000,0,050,-0,139,29,103,-16,751,0,215,-12,043,69,759,0,591,358,701,205,422,Curva 4.,27,60
175,68,21,191,3,584,-208,715,26,997,-0,373,10,213,-1,000,0,347,0,000,0,180,-0,169,28,865,-14,666,3,157,-11,671,68,925,0,400,359,503,205,938,Curva 4.,27,62
175,70,21,724,3,577,-208,503,26,629,-0,334,10,550,-1,000,0,445,0,000,0,101,-0,161,28,645,-22,520,1,254,-10,788,68,194,0,342,358,468,206,439,Curva 4.,27,64
175,72,22,249,3,571,-208,289,26,251,-0,290,10,870,-1,000,0,230,0,000,-0,034,-0,107,28,414,-22,080,1,391,-11,397,67,582,0,371,358,071,206,933,Curva 4.,27,66
175,74,22,773,3,568,-208,079,25,944,-0,155,11,061,-1,000,0,230,0,000,-0,068,0,023,28,204,-14,858,6,510,-10,449,67,047,0,363,359,283,207,426,Curva 4.,27,68
175,76,23,286,3,565,-207,855,25,603,-0,108,11,335,-1,000,0,230,0,000,-0,206,0,046,27,999,-19,404,1,953,-10,215,66,539,0,321,358,988,207,907,Curva 4.,27,70
175,78,23,791,3,563,-207,619,25,251,-0,074,11,662,-1,000,0,230,0,000,-0,368,0,008,27,811,-22,123,0,836,-9,437,65,968,0,196,357,933,208,379,Curva 4.,27,72
175,80,24,299,3,560,-207,397,25,052,-0,046,11,719,-1,000,0,150,0,000,-0,196,-0,035,27,657,-6,768,1,308,-7,851,65,336,0,029,359,108,208,855,Curva 4.,27,74
175,82,24,798,3,558,-207,166,24,787,-0,029,11,847,-1,000,0,064,0,000,-0,104,-0,090,27,472,-11,460,0,762,-9,227,64,673,359,875,359,381,209,323,Curva 4.,27,76
175,84,25,287,3,558,-206,921,24,452,0,012,12,126,-1,000,0,064,0,000,-0,187,-0,113,27,293,-19,929,1,402,-8,917,64,024,359,751,358,058,209,779,Curva 4.,27,78
175,86,25,776,3,558,-206,684,24,218,0,031,12,225,-1,000,0,000,0,000,-0,092,-0,122,27,128,-9,673,0,791,-8,248,63,418,359,681,358,687,210,236,Curva 4.,27,80
175,88,26,259,3,560,-206,447,23,939,0,138,12,329,-1,000,0,000,0,000,-0,022,-0,039,26,928,-11,066,5,314,-9,986,62,799,359,623,359,481,210,689,Curva 4.,27,82
175,90,26,730,3,563,-206,193,23,560,0,181,12,597,-1,000,0,000,0,000,-0,161,-0,023,26,716,-20,738,1,612,-10,531,62,214,359,573,358,371,211,127,Curva 4.,27,84
175,92,27,196,3,567,-205,940,23,195,0,230,12,813,-1,000,0,000,0,000,-0,234,-0,011,26,499,-18,234,2,010,-10,881,61,591,359,494,358,213,211,562,Curva 4.,27,86
175,94,27,662,3,573,-205,695,22,914,0,366,12,871,-1,000,0,000,0,000,-0,097,0,057,26,284,-9,436,6,835,-10,771,60,887,359,328,359,519,211,997,Curva 4.,27,88
175,96,28,116,3,580,-205,436,22,536,0,430,13,062,-1,000,0,000,0,000,-0,123,0,023,26,051,-17,776,3,095,-11,607,60,173,359,109,359,123,212,419,Curva 4.,27,90
175,98,28,560,3,588,-205,169,22,123,0,524,13,323,-1,000,0,000,0,000,-0,204,-0,015,25,829,-21,867,4,184,-11,063,59,398,358,821,358,012,212,831,Curva 4.,27,92
176,00,29,006,3,597,-204,913,21,851,0,631,13,381,-1,000,0,000,0,000,-0,034,-0,051,25,631,-9,648,5,481,-9,907,58,595,358,477,359,348,213,248,Curva 4.,27,94
176,02,29,443,3,609,-204,650,21,483,0,749,13,502,-1,000,0,000,0,000,0,021,-0,077,25,384,-14,913,6,275,-12,178,57,805,358,134,359,816,213,654,Curva 4.,27,96
176,04,29,863,3,624,-204,370,21,021,0,842,13,798,-1,000,0,000,0,000,-0,122,-0,120,25,158,-25,172,4,295,-11,118,57,006,357,817,358,182,214,042,Curva 4.,27,98
176,06,30,285,3,639,-204,102,20,706,0,893,13,879,-1,000,0,000,0,000,-0,033,-0,161,24,943,-12,141,2,772,-10,710,56,249,357,581,359,079,214,434,Curva 4.,28,00
176,08,30,701,3,658,-203,833,20,384,1,013,13,933,-1,000,0,000,0,000,0,058,-0,097,24,712,-11,354,6,574,-11,465,55,511,357,425,0,140,214,821,Curva 4.,28,02
176,10,31,098,3,678,-203,547,19,920,0,987,14,197,-1,000,0,000,0,000,-0,132,-0,111,24,481,-24,118,-1,321,-11,412,54,838,357,437,358,742,215,186,Curva 4.,28,04
176,12,31,490,3,698,-203,263,19,538,0,971,14,330,-1,000,0,000,0,000,-0,191,-0,082,24,248,-16,554,-0,740,-11,646,54,199,357,525,358,470,215,549,Curva 4.,28,06
176,14,31,886,3,720,-202,992,19,330,1,056,14,255,-1,000,0,000,0,000,0,002,0,057,24,041,-3,148,4,715,-10,406,53,588,357,618,0,293,215,916,Curva 4.,28,08
176,16,32,267,3,740,-202,709,18,993,0,908,14,385,-1,000,0,000,0,000,-0,077,0,011,23,843,-15,321,-7,014,-9,826,53,046,357,845,0,174,216,268,Curva 4.,28,10
176,18,32,638,3,758,-202,418,18,752,0,759,14,417,-1,000,0,000,0,000,-0,102,0,006,23,665,-8,485,-7,312,-8,856,52,691,358,182,359,096,216,610,Curva 4.,28,12
176,20,33,009,3,773,-202,135,18,557,0,573,14,378,-1,000,0,000,0,000,-0,018,-0,025,23,482,-4,255,-9,107,-9,116,52,276,358,541,359,091,216,953,Curva 4.,28,14
176,22,33,384,3,785,-201,860,18,424,0,511,14,298,-1,000,0,000,0,000,0,127,0,020,23,326,-0,995,-2,922,-7,773,51,875,358,795,0,599,217,302,Curva 4.,28,16
176,24,33,744,3,794,-201,575,18,131,0,320,14,248,-1,000,0,000,0,000,0,090,-0,067,23,062,-7,119,-9,358,-13,175,51,616,359,037,359,909,217,634,Curva 4.,28,18
176,26,34,097,3,801,-201,285,17,837,0,319,14,301,-1,000,0,000,0,000,0,006,-0,023,22,864,-11,244,-0,147,-9,825,51,266,359,143,358,674,217,960,Curva 4.,28,20
176,28,34,455,3,810,-201,007,17,601,0,405,14,317,-1,000,0,000,0,000,0,052,0,089,22,692,-8,171,4,344,-8,585,50,739,359,200,359,516,218,292,Curva 4.,28,22
176,30,34,809,3,818,-200,728,17,343,0,452,14,394,-1,000,0,000,0,000,0,068,0,118,22,542,-11,181,2,545,-7,410,50,137,359,153,0,467,218,621,Curva 4.,28,24
176,32,35,147,3,826,-200,433,16,977,0,377,14,621,-1,000,0,000,0,000,-0,085,0,029,22,408,-20,430,-3,979,-6,565,49,482,359,114,359,121,4,014,Curva 5.,28,26
176,34,35,483,3,832,-200,142,16,647,0,308,14,702,-1,000,0,000,0,000,-0,051,-0,032,22,211,-13,879,-3,627,-9,805,48,685,359,127,358,715,4,296,Curva 5.,28,28
176,36,35,821,3,839,-199,861,16,467,0,301,14,640,-1,000,0,000,0,000,0,170,0,010,22,035,-3,732,-0,215,-8,729,47,920,359,242,359,932,4,596,Curva 5.,28,30
176,38,36,148,3,844,-199,574,16,157,0,123,14,690,-1,000,0,000,0,000,0,163,-0,047,21,837,-12,388,-8,780,-9,749,47,296,359,555,0,249,4,920,Curva 5.,28,32
176,40,36,464,3,846,-199,283,15,905,-0,085,14,691,-1,000,0,238,0,000,0,149,-0,078,21,651,-8,627,-10,397,-9,193,46,878,0,016,359,849,5,262,Curva 5.,28,34
176,42,36,777,3,845,-198,994,15,727,-0,323,14,627,-1,000,0,238,0,000,0,214,-0,104,21,479,-3,698,-12,042,-8,527,46,508,0,580,359,590,5,614,Curva 5.,28,36
176,44,37,088,3,839,-198,708,15,582,-0,569,14,551,-1,000,0,238,0,000,0,292,-0,109,21,325,-2,210,-12,480,-7,617,46,177,1,232,359,618,5,974,Curva 5.,28,38
176,46,37,394,3,830,-198,419,15,474,-0,656,14,464,-1,000,0,238,0,000,0,360,-0,014,21,189,-0,547,-4,574,-6,744,45,960,1,720,358,955,6,343,Curva 5.,28,40
176,48,37,697,3,820,-198,128,15,413,-0,697,14,459,-1,000,0,328,0,000,0,354,0,107,21,142,-1,856,-2,170,-2,280,45,862,2,146,358,126,6,719,Curva 5.,28,42
176,50,37,996,3,812,-197,840,15,131,-0,609,14,401,-1,000,0,328,0,000,0,277,0,338,20,893,-7,967,3,501,-12,301,45,615,2,560,357,391,7,095,Curva 5.,28,44
176,52,38,294,3,805,-197,554,14,892,-0,522,14,439,-1,000,0,428,0,000,0,192,0,534,20,741,-9,944,3,504,-7,395,45,283,2,888,357,262,7,473,Curva 5.,28,46
176,54,38,586,3,796,-197,267,14,562,-0,504,14,486,-1,000,0,691,0,000,0,052,0,599,20,537,-13,347,-0,343,-10,007,44,918,3,067,357,050,7,853,Curva 5.,28,48
176,56,38,870,3,785,-196,975,14,240,-0,576,14,597,-1,000,0,691,0,000,-0,087,0,507,20,394,-15,101,-4,969,-7,082,44,443,3,056,356,281,8,237,Curva 5.,28,50
176,58,39,153,3,772,-196,683,13,984,-0,624,14,691,-1,000,0,691,0,000,-0,112,0,424,20,287,-12,273,-3,545,-5,355,43,817,2,980,355,994,8,622,Curva 5.,28,52
176,60,39,434,3,756,-196,393,13,787,-0,735,14,737,-1,000,0,691,0,000,-0,024,0,262,20,192,-8,354,-6,383,-4,769,43,106,2,831,356,051,9,009,Curva 5.,28,54
176,62,39,709,3,735,-196,101,13,574,-0,982,14,764,-1,000,0,691,0,000,0,073,-0,026,20,079,-7,799,-13,212,-5,590,42,393,2,712,355,843,9,396,Curva 5.,28,56
176,64,39,982,3,711,-195,809,13,420,-1,179,14,781,-1,000,0,936,0,000,0,207,-0,234,19,997,-5,569,-10,524,-4,011,41,695,2,667,355,696,9,783,Curva 5.,28,58
176,66,40,253,3,686,-195,518,13,327,-1,292,14,776,-1,000,0,936,0,000,0,366,-0,327,19,934,-2,922,-6,015,-2,990,41,064,2,701,355,848,10,170,Curva 5.,28,60
176,68,40,520,3,659,-195,225,13,195,-1,326,14,814,-1,000,0,936,0,000,0,422,-0,348,19,875,-6,084,-2,290,-2,754,40,548,2,736,355,796,10,558,Curva 5.,28,62
176,70,40,781,3,634,-194,928,13,005,-1,277,14,922,-1,000,0,936,0,000,0,357,-0,285,19,830,-10,899,1,485,-2,098,40,107,2,790,355,426,10,947,Curva 5.,28,64
176,72,41,037,3,613,-194,629,12,776,-1,186,15,082,-1,000,1,000,0,000,0,230,-0,111,19,800,-14,271,3,288,-1,394,39,630,3,056,355,051,11,334,Curva 5.,28,66
176,74,41,287,3,594,-194,326,12,578,-1,163,15,290,-1,000,1,000,0,000,0,105,0,049,19,832,-14,290,-0,101,1,730,39,124,3,474,354,545,11,721,Curva 5.,28,68
176,76,41,538,3,573,-194,021,12,447,-1,305,15,512,-1,000,1,000,0,000,0,018,0,089,19,931,-11,314,-7,892,5,085,38,671,4,003,354,564,12,111,Curva 5.,28,70
176,78,41,788,3,548,-193,713,12,419,-1,504,15,672,-1,000,1,000,0,000,0,032,0,096,20,053,-5,198,-10,001,6,200,38,279,4,565,354,819,12,504,Curva 5.,28,72
176,80,42,034,3,518,-193,399,12,387,-1,696,15,783,-1,000,1,000,0,000,0,072,0,046,20,135,-3,700,-9,676,4,195,37,909,4,942,354,206,12,901,Curva 5.,28,74
176,82,42,279,3,484,-193,084,12,317,-1,870,15,834,-1,000,1,000,0,000,0,142,-0,006,20,147,-3,349,-9,128,0,680,37,478,5,263,353,493,13,300,Curva 5.,28,76
176,84,42,526,3,448,-192,771,12,212,-1,912,15,893,-1,000,1,000,0,000,0,216,0,042,20,133,-5,671,-2,840,-0,589,36,911,5,500,353,490,13,698,Curva 5.,28,78
176,86,42,775,3,409,-192,455,12,117,-1,936,16,029,-1,000,1,000,0,000,0,302,0,030,20,185,-7,717,-1,773,2,807,36,221,5,498,353,815,14,099,Curva 5.,28,80
176,88,43,016,3,369,-192,133,11,909,-1,947,16,227,-1,000,1,000,0,000,0,325,-0,026,20,220,-14,070,-2,044,2,093,35,365,5,344,353,214,14,503,Curva 5.,28,82
176,90,43,256,3,328,-191,808,11,689,-1,955,16,419,-1,000,1,000,0,000,0,411,-0,092,20,245,-14,351,-2,055,1,727,34,320,5,135,352,730,14,908,Curva 5.,28,84
176,92,43,497,3,288,-191,483,11,509,-1,932,16,630,-1,000,1,000,0,000,0,542,-0,100,20,309,-13,380,-0,120,3,819,33,195,4,995,353,109,15,313,Curva 5.,28,86
176,94,43,730,3,250,-191,150,11,298,-1,913,16,885,-1,000,1,000,0,000,0,624,-0,069,20,396,-15,739,-0,565,5,064,32,065,4,973,352,875,15,720,Curva 5.,28,88
176,96,43,955,3,213,-190,811,11,073,-1,901,17,181,-1,000,1,000,0,000,0,640,-0,011,20,518,-17,317,-1,131,6,826,31,025,5,045,352,288,16,129,Curva 5.,28,90
176,98,44,181,3,175,-190,467,10,910,-1,906,17,494,-1,000,1,000,0,000,0,666,0,041,20,694,-14,817,-1,323,9,438,30,099,5,155,352,476,16,541,Curva 5.,28,92
177,00,44,404,3,138,-190,117,10,744,-1,858,17,787,-1,000,1,000,0,000,0,670,0,112,20,852,-14,699,1,333,8,456,29,261,5,187,352,840,16,957,Curva 5.,28,94
177,02,44,619,3,101,-189,759,10,496,-1,833,18,059,-1,000,1,000,0,000,0,617,0,114,20,958,-17,424,-0,510,5,918,28,448,5,106,352,466,17,375,Curva 5.,28,96
177,04,44,830,3,064,-189,395,10,257,-1,812,18,312,-1,000,1,000,0,000,0,601,0,081,21,059,-16,549,-0,703,5,591,27,597,4,934,352,232,17,795,Curva 5.,28,98
177,06,45,041,3,025,-189,029,10,060,-1,810,18,536,-1,000,1,000,0,000,0,656,0,007,21,157,-13,762,-1,230,5,521,26,720,4,700,352,664,18,218,Curva 5.,29,00
177,08,45,245,2,986,-188,656,9,841,-1,828,18,771,-1,000,1,000,0,000,0,704,-0,086,21,261,-14,790,-2,379,5,866,25,809,4,458,352,542,18,642,Curva 5.,29,02
177,10,45,442,2,948,-188,278,9,631,-1,837,19,000,-1,000,1,000,0,000,0,759,-0,162,21,367,-14,204,-1,980,5,981,24,919,4,219,352,019,19,068,Curva 5.,29,04
177,12,45,638,2,909,-187,895,9,487,-1,805,19,230,-1,000,1,000,0,000,0,827,-0,216,21,502,-11,488,0,504,7,418,24,151,3,936,351,963,19,496,Curva 5.,29,06
177,14,45,828,2,871,-187,507,9,307,-1,850,19,465,-1,000,1,000,0,000,0,855,-0,314,21,636,-12,517,-3,649,7,353,23,429,3,753,351,625,19,926,Curva 5.,29,08
177,16,46,017,2,834,-187,116,9,136,-1,807,19,710,-1,000,1,000,0,000,0,857,-0,271,21,781,-12,905,0,820,7,818,22,735,3,728,351,671,20,357,Curva 5.,29,10
177,18,46,202,2,799,-186,720,9,000,-1,849,19,970,-1,000,1,000,0,000,0,850,-0,237,21,965,-10,848,-3,020,9,607,22,149,3,901,351,819,20,791,Curva 5.,29,12
177,20,46,384,2,762,-186,320,8,877,-1,966,20,242,-1,000,1,000,0,000,0,796,-0,236,22,175,-9,940,-6,498,10,771,21,720,4,199,352,119,21,227,Curva 5.,29,14
177,22,46,564,2,721,-185,914,8,779,-2,164,20,477,-1,000,1,000,0,000,0,745,-0,301,22,370,-7,576,-10,236,9,893,21,408,4,536,352,463,21,667,Curva 5.,29,16
177,24,46,742,2,677,-185,505,8,714,-2,390,20,633,-1,000,1,000,0,000,0,734,-0,382,22,509,-4,498,-11,391,7,023,21,152,4,898,352,884,22,109,Curva 5.,29,18
177,26,46,918,2,626,-185,094,8,662,-2,664,20,728,-1,000,1,000,0,000,0,752,-0,515,22,604,-2,501,-13,699,4,764,20,930,5,246,353,237,22,554,Curva 5.,29,20
177,28,47,094,2,571,-184,682,8,625,-2,910,20,789,-1,000,1,000,0,000,0,780,-0,609,22,672,-1,468,-12,264,3,362,20,732,5,621,353,557,23,000,Curva 5.,29,22
177,30,47,267,2,512,-184,268,8,592,-3,144,20,833,-1,000,1,000,0,000,0,806,-0,670,22,729,-1,008,-11,664,2,715,20,564,6,043,353,678,23,446,Curva 5.,29,24
177,32,47,439,2,450,-183,853,8,569,-3,330,20,907,-1,000,1,000,0,000,0,804,-0,642,22,816,-1,388,-9,103,4,151,20,438,6,565,353,706,23,894,Curva 5.,29,26
177,34,47,609,2,386,-183,436,8,550,-3,524,21,015,-1,000,1,000,0,000,0,768,-0,585,22,939,-1,776,-9,308,5,865,20,374,7,171,353,670,24,343,Curva 5.,29,28
177,36,47,779,2,318,-183,017,8,539,-3,722,21,157,-1,000,1,000,0,000,0,700,-0,499,23,101,-2,023,-9,194,7,784,20,365,7,852,353,791,24,795,Curva 5.,29,30
177,38,47,950,2,245,-182,595,8,531,-3,970,21,294,-1,000,1,000,0,000,0,627,-0,455,23,268,-1,552,-11,533,8,052,20,392,8,551,354,143,25,250,Curva 5.,29,32
177,40,48,125,2,168,-182,170,8,567,-3,977,21,431,-1,000,1,000,0,000,0,561,-0,293,23,412,-0,783,0,691,7,012,20,466,8,945,354,989,25,711,Curva 5.,29,34
177,42,48,293,2,092,-181,735,8,584,-3,830,21,651,-1,000,1,000,0,000,0,470,-0,139,23,598,-3,920,8,564,9,313,20,510,8,894,354,425,26,176,Curva 5.,29,36
177,44,48,455,2,018,-181,299,8,325,-3,517,21,592,-1,000,1,000,0,000,0,291,-0,012,23,406,-12,726,12,991,-9,475,20,372,8,530,353,302,26,639,Curva 5.,29,38
177,46,48,623,1,948,-180,863,7,979,-3,206,21,799,-1,000,1,000,0,000,0,111,0,017,23,433,-21,402,13,663,1,661,19,827,7,876,353,659,27,105,Curva 5.,29,40
177,48,48,785,1,882,-180,421,7,571,-2,920,22,110,-1,000,1,000,0,000,0,039,-0,003,23,552,-25,839,12,467,6,353,18,809,7,106,353,780,27,573,Curva 5.,29,42
177,50,48,932,1,823,-179,973,7,110,-2,721,22,393,-1,000,1,000,0,000,0,010,-0,049,23,652,-27,366,7,208,5,330,17,607,6,487,352,732,28,038,Curva 5.,29,44
177,52,49,080,1,766,-179,520,6,881,-2,631,22,716,-1,000,1,000,0,000,0,164,-0,107,23,880,-16,186,3,735,11,678,16,492,6,019,352,642,28,508,Curva 5.,29,46
177,54,49,225,1,710,-179,061,6,704,-2,645,23,040,-0,342,1,000,0,000,0,293,-0,199,24,138,-12,878,-0,927,13,220,15,584,5,739,353,132,28,981,Curva 5.,29,48
177,56,49,361,1,655,-178,597,6,438,-2,701,23,319,-0,342,1,000,0,000,0,290,-0,268,24,339,-16,089,-3,710,10,351,14,826,5,665,353,251,29,455,Curva 5.,29,50
177,58,49,490,1,600,-178,128,6,262,-2,818,23,561,-0,342,1,000,0,000,0,313,-0,326,24,537,-10,842,-6,214,10,094,14,246,5,749,353,028,29,930,Curva 5.,29,52
177,60,49,615,1,542,-177,654,6,154,-2,981,23,789,0,739,1,000,0,000,0,351,-0,381,24,747,-6,998,-8,041,10,572,13,803,5,939,352,764,30,409,Curva 5.,29,54
177,62,49,739,1,482,-177,177,6,083,-3,163,23,991,0,739,1,000,0,000,0,391,-0,415,24,945,-4,693,-8,732,9,903,13,455,6,221,352,649,30,890,Curva 5.,29,56
177,64,49,862,1,418,-176,696,6,024,-3,348,24,166,0,739,1,000,0,000,0,420,-0,414,25,122,-3,774,-8,862,8,856,13,162,6,599,352,653,31,375,Curva 5.,29,58
177,66,49,981,1,352,-176,212,5,965,-3,499,24,335,1,000,1,000,0,000,0,425,-0,362,25,292,-3,849,-7,154,8,445,12,920,7,012,352,384,31,862,Curva 5.,29,60
177,68,50,098,1,284,-175,723,5,928,-3,565,24,523,1,000,1,000,0,000,0,410,-0,262,25,476,-3,560,-2,673,9,142,12,751,7,330,351,926,32,353,Curva 5.,29,62
177,70,50,222,1,215,-175,233,5,920,-3,525,24,618,1,000,1,000,0,000,0,438,-0,122,25,560,-1,721,2,361,4,230,12,575,7,530,352,608,32,848,Curva 5.,29,64
177,72,50,344,1,147,-174,742,5,987,-3,441,24,626,1,000,1,000,0,000,0,491,0,035,25,571,2,622,4,696,0,557,12,552,7,677,352,985,33,344,Curva 5.,29,66
177,74,50,461,1,080,-174,246,6,114,-3,402,24,716,1,000,1,000,0,000,0,442,0,123,25,683,4,793,3,339,5,473,12,873,7,758,352,646,33,842,Curva 5.,29,68
177,76,50,581,1,012,-173,749,6,287,-3,467,24,788,1,000,1,000,0,000,0,317,0,096,25,805,7,826,-1,481,5,942,13,500,7,843,352,665,34,344,Curva 5.,29,70
177,78,50,708,0,942,-173,252,6,487,-3,514,24,841,1,000,1,000,0,000,0,143,0,081,25,913,9,150,-0,565,5,301,14,298,7,936,353,424,34,849,Curva 5.,29,72
177,80,50,839,0,870,-172,752,6,677,-3,623,24,925,1,000,1,000,0,000,-0,065,0,022,26,057,8,478,-3,663,7,237,15,135,8,056,354,170,35,359,Curva 5.,29,74
177,82,50,973,0,797,-172,252,6,894,-3,689,24,989,1,000,1,000,0,000,-0,249,-0,005,26,182,9,765,-1,517,6,446,15,973,8,138,354,810,35,871,Curva 5.,29,76
177,84,51,117,0,724,-171,751,7,155,-3,551,25,001,1,000,1,000,0,000,-0,394,0,091,26,242,11,792,8,207,3,331,16,824,8,031,356,265,36,389,Curva 5.,29,78
177,86,51,269,0,657,-171,251,7,540,-3,287,24,956,1,000,1,000,0,000,-0,452,0,316,26,271,18,464,14,346,1,893,17,777,7,915,357,725,36,908,Curva 5.,29,80
177,88,51,434,0,592,-170,754,8,104,-3,105,24,857,1,000,1,000,0,000,-0,353,0,433,26,323,28,246,9,766,3,163,18,827,7,719,359,700,37,431,Curva 5.,29,82
177,90,51,611,0,527,-170,261,8,614,-3,105,24,660,1,000,1,000,0,000,-0,218,0,297,26,303,27,293,-0,965,-0,633,19,754,7,409,1,883,37,955,Curva 5.,29,84
177,92,51,779,0,467,-169,763,9,011,-2,770,24,555,1,000,1,000,0,000,-0,184,0,398,26,299,20,671,16,546,0,018,20,568,6,907,0,868,38,480,Curva 5.,29,86
177,94,51,953,0,404,-169,262,9,466,-2,661,24,406,1,000,1,000,0,000,-0,094,-0,001,26,312,23,839,5,919,0,806,21,404,5,807,359,114,39,010,Curva 5.,29,88
177,96,52,151,0,335,-168,771,10,207,-2,852,24,067,1,000,1,000,0,000,0,226,-0,751,26,286,40,827,-9,168,-0,694,22,507,4,585,359,338,39,542,Curva 5.,29,90
177,98,52,359,0,268,-168,286,10,580,-2,948,23,868,1,000,1,000,0,000,0,002,-1,290,26,242,21,066,-4,954,-1,248,23,891,3,628,0,230,40,074,Curva 5.,29,92
178,00,52,570,0,208,-167,803,10,760,-2,761,23,893,1,000,1,000,0,000,-0,468,-1,337,26,312,7,786,9,412,4,473,25,205,3,087,1,205,40,604,Curva 5.,29,94
178,02,52,784,0,164,-167,319,11,195,-2,196,23,974,1,000,1,000,0,000,-0,527,-0,734,26,535,18,217,28,663,11,631,26,148,3,143,0,910,41,133,Curva 5.,29,96
178,04,53,022,0,131,-166,842,12,000,-1,932,23,996,1,000,1,000,0,000,0,042,-0,172,26,898,35,786,13,664,18,024,26,470,3,756,1,171,41,666,Curva 5.,29,98
178,06,53,279,0,100,-166,365,12,852,-1,872,24,092,1,000,1,000,0,000,0,869,0,245,27,355,36,190,4,067,22,858,26,265,4,475,1,226,42,207,Curva 5.,30,00
178,08,53,525,0,064,-165,873,12,913,-2,092,24,488,1,000,1,000,0,000,0,720,0,360,27,752,-5,923,-9,361,20,009,26,306,5,049,359,376,42,757,Curva 5.,30,02
178,10,53,773,0,016,-165,378,12,895,-2,565,24,610,1,000,1,000,0,000,0,476,0,094,27,897,-2,865,-23,162,7,232,26,665,5,438,358,281,43,312,Curva 5.,30,04
178,12,54,023,-0,038,-164,884,12,899,-2,900,24,603,1,000,1,000,0,000,0,313,-0,054,27,928,1,020,-16,682,1,468,27,027,5,824,357,675,43,868,Curva 5.,30,06
178,14,54,278,-0,099,-164,393,12,896,-3,215,24,571,1,000,1,000,0,000,0,181,-0,176,27,934,1,239,-15,761,0,250,27,333,6,232,357,659,44,424,Curva 5.,30,08
178,16,54,535,-0,166,-163,904,12,904,-3,555,24,553,1,000,1,000,0,000,0,086,-0,329,27,962,1,348,-16,933,1,333,27,569,6,624,358,115,44,980,Curva 5.,30,10
178,18,54,795,-0,243,-163,416,12,905,-3,955,24,543,1,000,1,000,0,000,0,010,-0,582,28,003,0,736,-19,875,1,999,27,742,6,926,358,707,45,538,Curva 5.,30,12
178,20,55,054,-0,327,-162,928,12,890,-4,309,24,516,1,000,1,000,0,000,-0,060,-0,843,28,019,0,158,-17,761,0,676,27,880,7,121,359,280,46,097,Curva 5.,30,14
178,22,55,304,-0,411,-162,433,12,903,-4,215,24,515,1,000,1,000,0,000,-0,098,-0,753,28,012,0,438,4,740,-0,339,28,016,7,119,357,969,46,658,Curva 5.,30,16
178,24,55,561,-0,490,-161,943,13,011,-3,990,24,439,1,000,1,000,0,000,-0,058,-0,484,27,968,6,132,11,299,-2,193,28,189,7,215,357,752,47,216,Curva 5.,30,18
178,26,55,839,-0,563,-161,460,13,503,-3,694,24,416,1,000,1,000,0,000,0,225,-0,120,28,144,22,089,16,144,8,783,28,483,7,296,359,717,47,778,Curva 5.,30,20
178,28,56,101,-0,633,-160,964,13,671,-3,519,24,474,1,000,1,000,0,000,0,128,0,126,28,253,5,686,9,682,5,397,28,919,7,403,358,342,48,342,Curva 5.,30,22
178,30,56,371,-0,701,-160,468,13,985,-3,431,24,556,1,000,1,000,0,000,0,047,0,260,28,465,11,325,6,344,10,636,29,543,7,440,357,508,48,910,Curva 5.,30,24
178,32,56,666,-0,771,-159,983,14,543,-3,543,24,370,1,000,1,000,0,000,0,283,0,199,28,597,28,882,-4,441,6,691,30,253,7,509,359,367,49,480,Curva 5.,30,26
178,34,56,956,-0,845,-159,492,14,750,-3,640,24,392,1,000,1,000,0,000,0,166,0,059,28,736,8,349,-3,919,6,830,30,826,7,391,359,186,50,054,Curva 5.,30,28
178,36,57,241,-0,921,-158,995,14,844,-3,730,24,407,1,000,1,000,0,000,-0,042,-0,084,28,809,3,783,-3,930,3,642,31,397,7,277,357,811,50,630,Curva 5.,30,30
178,38,57,539,-1,000,-158,508,15,114,-3,987,24,226,1,000,1,000,0,000,-0,010,-0,337,28,829,16,685,-12,217,1,082,32,003,7,281,357,976,51,204,Curva 5.,30,32
178,40,57,845,-1,084,-158,026,15,277,-4,219,24,165,1,000,1,000,0,000,-0,045,-0,505,28,894,8,791,-11,056,3,300,32,415,7,395,358,644,51,778,Curva 5.,30,34
178,42,58,150,-1,169,-157,541,15,393,-4,362,24,177,1,000,1,000,0,000,-0,087,-0,555,28,986,4,724,-6,474,4,539,32,686,7,561,358,510,52,354,Curva 5.,30,36
178,44,58,454,-1,256,-157,053,15,527,-4,458,24,245,1,000,1,000,0,000,-0,103,-0,528,29,129,3,930,-3,738,7,115,32,884,7,772,357,677,52,933,Curva 5.,30,38
178,46,58,765,-1,344,-156,570,15,673,-4,555,24,196,1,000,1,000,0,000,0,005,-0,438,29,183,7,645,-4,239,2,544,32,960,8,121,357,570,53,511,Curva 5.,30,40
178,48,59,085,-1,432,-156,089,15,918,-4,524,24,207,1,000,1,000,0,000,0,176,-0,246,29,321,9,891,2,928,6,833,32,996,8,384,358,137,54,092,Curva 5.,30,42
178,50,59,403,-1,520,-155,602,16,063,-4,440,24,246,1,000,1,000,0,000,0,186,-0,079,29,421,4,796,5,152,4,940,33,164,8,514,357,759,54,676,Curva 5.,30,44
178,52,59,725,-1,607,-155,115,16,313,-4,360,24,196,1,000,1,000,0,000,0,175,0,027,29,505,11,625,5,142,4,186,33,644,8,536,357,690,55,262,Curva 5.,30,46
178,54,60,056,-1,694,-154,632,16,676,-4,351,24,070,1,000,1,000,0,000,0,181,0,024,29,604,18,480,1,758,4,939,34,360,8,489,358,278,55,849,Curva 5.,30,48
178,56,60,390,-1,783,-154,148,17,023,-4,388,23,963,1,000,1,000,0,000,0,124,-0,026,29,719,17,263,-0,455,5,793,35,149,8,433,358,230,56,438,Curva 5.,30,50
178,58,60,729,-1,872,-153,665,17,315,-4,444,23,850,1,000,1,000,0,000,0,047,-0,097,29,805,15,216,-1,608,4,342,35,894,8,383,357,827,57,029,Curva 5.,30,52
178,60,61,078,-1,963,-153,189,17,620,-4,560,23,678,1,000,1,000,0,000,0,072,-0,183,29,864,17,559,-4,874,3,012,36,527,8,427,358,082,57,619,Curva 5.,30,54
178,62,61,433,-2,056,-152,716,17,903,-4,670,23,538,1,000,1,000,0,000,0,125,-0,247,29,938,15,653,-4,497,3,685,37,030,8,493,358,255,58,209,Curva 5.,30,56
178,64,61,789,-2,149,-152,242,18,125,-4,710,23,479,1,000,0,908,0,000,0,134,-0,254,30,031,10,662,-0,902,4,657,37,429,8,528,357,683,58,801,Curva 5.,30,58
178,66,62,153,-2,245,-151,772,18,362,-4,814,23,382,1,000,0,793,0,000,0,181,-0,295,30,116,12,485,-4,126,4,209,37,816,8,622,357,673,59,393,Curva 5.,30,60
178,68,62,524,-2,341,-151,306,18,618,-4,889,23,283,1,000,0,793,0,000,0,245,-0,294,30,207,13,226,-2,628,4,518,38,197,8,739,357,916,59,986,Curva 5.,30,62
178,70,62,895,-2,438,-150,837,18,807,-4,896,23,235,1,000,0,502,0,000,0,223,-0,243,30,289,8,897,0,662,4,035,38,582,8,825,357,484,60,580,Curva 5.,30,64
178,72,63,271,-2,536,-150,371,19,019,-4,892,23,148,1,000,0,502,0,000,0,215,-0,216,30,354,10,888,1,214,3,218,39,016,8,848,357,252,61,176,Curva 5.,30,66
178,74,63,655,-2,633,-149,911,19,274,-4,876,22,960,1,000,0,502,0,000,0,271,-0,181,30,370,15,813,1,532,0,734,39,508,8,880,357,864,61,770,Curva 5.,30,68
178,76,64,040,-2,730,-149,452,19,485,-4,833,22,763,1,000,0,502,0,000,0,262,-0,141,30,350,14,308,2,600,-1,066,40,074,8,876,357,693,62,364,Curva 5.,30,70
178,78,64,426,-2,825,-148,994,19,659,-4,740,22,562,1,000,0,502,0,000,0,205,-0,082,30,297,12,915,4,925,-2,655,40,683,8,828,357,084,62,957,Curva 5.,30,72
178,80,64,823,-2,920,-148,547,19,891,-4,713,22,232,1,000,0,401,0,000,0,276,-0,091,30,200,19,586,1,435,-4,881,41,297,8,785,357,665,63,545,Curva 5.,30,74
178,82,65,222,-3,014,-148,106,20,108,-4,660,21,901,1,000,0,401,0,000,0,337,-0,101,30,093,18,990,2,519,-5,406,41,913,8,693,357,952,64,131,Curva 5.,30,76
178,84,65,620,-3,106,-147,665,20,222,-4,532,21,659,1,000,0,301,0,000,0,253,-0,082,29,975,12,136,6,162,-5,970,42,553,8,516,357,276,64,715,Curva 5.,30,78
178,86,66,025,-3,197,-147,235,20,369,-4,469,21,328,1,000,0,000,0,000,0,252,-0,133,29,828,16,598,2,846,-7,391,43,206,8,340,357,574,65,294,Curva 5.,30,80
178,88,66,435,-3,287,-146,814,20,550,-4,394,20,951,1,000,0,000,0,000,0,294,-0,176,29,672,19,490,3,237,-7,796,43,884,8,159,358,233,65,867,Curva 5.,30,82
178,90,66,842,-3,373,-146,394,20,633,-4,232,20,655,1,000,0,000,0,000,0,206,-0,097,29,499,13,058,7,470,-8,668,44,571,8,044,357,912,66,437,Curva 5.,30,84
178,92,67,251,-3,455,-145,982,20,692,-4,093,20,312,1,000,0,000,0,000,0,151,-0,027,29,282,14,066,6,025,-10,855,45,237,7,972,357,683,67,002,Curva 5.,30,86
178,94,67,666,-3,536,-145,583,20,816,-3,995,19,860,1,000,0,000,0,000,0,246,0,017,29,046,20,419,3,907,-11,841,45,857,7,925,358,358,67,558,Curva 5.,30,88
178,96,68,080,-3,614,-145,190,20,890,-3,892,19,448,1,000,0,000,0,000,0,277,0,051,28,804,17,394,3,992,-12,103,46,491,7,853,358,414,68,110,Curva 5.,30,90
178,98,68,491,-3,691,-144,799,20,888,-3,765,19,113,1,000,0,000,0,000,0,180,0,062,28,562,11,962,5,282,-12,203,47,172,7,684,357,617,68,658,Curva 5.,30,92
179,00,68,907,-3,767,-144,420,20,931,-3,703,18,705,1,000,0,000,0,000,0,154,-0,012,28,314,16,520,2,136,-12,375,47,901,7,479,357,846,69,198,Curva 5.,30,94
179,02,69,327,-3,842,-144,051,21,037,-3,622,18,273,1,000,0,000,0,000,0,156,-0,075,28,099,19,674,3,172,-10,706,48,705,7,246,358,623,69,731,Curva 5.,30,96
179,04,69,742,-3,914,-143,682,21,091,-3,457,17,933,1,000,0,000,0,000,0,034,-0,077,27,900,14,418,7,639,-9,896,49,563,6,957,357,966,70,263,Curva 5.,30,98
179,06,70,158,-3,982,-143,321,21,118,-3,296,17,546,1,000,0,000,0,000,-0,065,-0,094,27,653,15,474,7,363,-12,163,50,422,6,659,357,405,70,788,Curva 5.,31,00
179,08,70,584,-4,049,-142,979,21,242,-3,182,17,018,1,000,0,000,0,000,0,006,-0,129,27,403,24,341,5,018,-12,269,51,295,6,398,358,548,71,302,Curva 5.,31,02
179,10,71,007,-4,111,-142,642,21,352,-2,996,16,551,1,000,0,000,0,000,0,024,-0,086,27,181,21,599,8,631,-10,879,52,171,6,147,358,729,71,811,Curva 5.,31,04
179,12,71,427,-4,168,-142,305,21,372,-2,729,16,169,1,000,0,000,0,000,-0,064,-0,001,26,938,15,359,12,890,-11,984,53,028,5,818,357,534,72,317,Curva 5.,31,06
179,14,71,855,-4,224,-141,988,21,456,-2,607,15,626,1,000,0,000,0,000,0,031,-0,056,26,671,24,220,5,657,-13,119,53,872,5,488,358,145,72,811,Curva 5.,31,08
179,16,72,288,-4,276,-141,685,21,581,-2,436,15,057,1,000,0,000,0,000,0,154,-0,073,26,426,26,755,7,863,-12,077,54,764,5,126,359,223,73,296,Curva 5.,31,10
179,18,72,712,-4,324,-141,375,21,546,-2,229,14,721,1,000,0,000,0,000,0,011,-0,070,26,190,12,519,9,862,-11,707,55,639,4,729,357,954,73,781,Curva 5.,31,12
179,20,73,140,-4,369,-141,081,21,559,-2,066,14,272,1,000,0,000,0,000,0,019,-0,100,25,937,18,804,7,992,-12,453,56,463,4,347,357,699,74,256,Curva 5.,31,14
179,22,73,577,-4,410,-140,809,21,689,-1,890,13,689,1,000,0,000,0,000,0,208,-0,113,25,716,27,930,8,394,-10,899,57,282,3,957,359,371,74,718,Curva 5.,31,16
179,24,74,005,-4,448,-140,531,21,637,-1,730,13,346,1,000,0,000,0,000,0,119,-0,139,25,481,12,994,7,568,-11,707,58,073,3,574,358,653,75,180,Curva 5.,31,18
179,26,74,431,-4,480,-140,256,21,565,-1,450,13,019,1,000,0,000,0,000,0,018,-0,036,25,232,11,531,13,858,-12,318,58,844,3,212,357,391,75,637,Curva 5.,31,20
179,28,74,868,-4,510,-140,010,21,656,-1,322,12,434,1,000,0,000,0,000,0,248,-0,062,25,005,27,424,6,285,-11,229,59,571,2,879,359,115,76,076,Curva 5.,31,22
179,30,75,300,-4,537,-139,766,21,667,-1,255,11,937,1,000,0,000,0,000,0,346,-0,117,24,767,21,790,3,072,-11,944,60,350,2,623,359,311,76,512,Curva 5.,31,24
179,32,75,723,-4,560,-139,513,21,566,-1,057,11,717,1,000,0,000,0,000,0,132,-0,034,24,566,6,763,9,817,-10,117,61,180,2,372,357,272,76,951,Curva 5.,31,26
179,34,76,154,-4,584,-139,286,21,558,-1,137,11,279,1,000,0,000,0,000,0,195,-0,156,24,356,19,308,-3,792,-10,487,61,935,2,295,358,123,77,373,Curva 5.,31,28
179,36,76,586,-4,606,-139,071,21,571,-1,141,10,805,1,000,0,000,0,000,0,313,-0,136,24,151,21,334,-0,396,-10,277,62,653,2,376,359,401,77,785,Curva 5.,31,30
179,38,77,009,-4,626,-138,845,21,488,-0,979,10,631,1,000,0,000,0,000,0,131,0,008,23,994,5,640,7,989,-7,961,63,364,2,346,357,970,78,203,Curva 5.,31,32
179,40,77,432,-4,645,-138,630,21,379,-1,023,10,325,1,000,0,000,0,000,0,084,0,009,23,764,11,463,-2,194,-11,485,64,019,2,481,357,414,78,612,Curva 5.,31,34
179,42,77,859,-4,665,-138,435,21,394,-1,096,9,864,1,000,0,000,0,000,0,247,0,017,23,583,21,262,-3,561,-9,008,64,647,2,691,358,648,79,008,Curva 5.,31,36
179,44,78,281,-4,687,-138,234,21,291,-1,125,9,704,1,000,0,000,0,000,0,101,0,023,23,425,5,162,-1,686,-7,941,65,248,2,800,358,132,79,407,Curva 5.,31,38
179,46,78,699,-4,709,-138,031,21,183,-1,130,9,532,1,000,0,000,0,000,-0,046,0,013,23,256,5,656,-0,378,-8,434,65,885,2,825,356,937,79,806,Curva 5.,31,40
179,48,79,122,-4,734,-137,848,21,150,-1,246,9,183,1,000,0,000,0,000,-0,007,-0,081,23,091,15,556,-5,671,-8,175,66,554,2,893,358,008,80,193,Curva 5.,31,42
179,50,79,542,-4,759,-137,667,21,087,-1,297,8,863,1,000,0,000,0,000,-0,037,-0,108,22,911,13,619,-2,640,-8,883,67,303,2,979,358,419,80,577,Curva 5.,31,44
179,52,79,957,-4,783,-137,480,21,009,-1,201,8,629,1,000,0,000,0,000,-0,165,-0,030,22,743,9,171,4,837,-8,266,68,088,2,972,357,147,80,963,Curva 5.,31,46
179,54,80,373,-4,806,-137,309,20,936,-1,194,8,271,1,000,0,000,0,000,-0,165,-0,024,22,542,15,405,0,568,-9,848,68,866,2,994,357,329,81,338,Curva 5.,31,48
179,56,80,791,-4,830,-137,153,20,907,-1,182,7,820,1,000,0,000,0,000,-0,083,0,002,22,353,20,641,0,636,-9,198,69,707,3,042,358,467,81,703,Curva 5.,31,50
179,58,81,204,-4,852,-136,990,20,834,-1,099,7,561,1,000,0,000,0,000,-0,190,0,055,22,189,10,807,4,179,-7,991,70,538,3,002,357,718,82,071,Curva 5.,31,52
179,60,81,615,-4,873,-136,833,20,729,-1,077,7,254,1,000,0,000,0,000,-0,245,0,057,21,987,12,799,1,248,-9,897,71,342,2,992,356,966,82,434,Curva 5.,31,54
179,62,82,028,-4,896,-136,695,20,673,-1,168,6,824,1,000,0,000,0,000,-0,153,-0,005,21,801,19,812,-4,279,-8,992,72,136,3,073,357,828,82,783,Curva 5.,31,56
179,64,82,437,-4,920,-136,558,20,566,-1,244,6,500,1,000,0,000,0,000,-0,179,-0,052,21,604,14,039,-3,823,-9,674,72,941,3,183,357,806,83,130,Curva 5.,31,58
179,66,82,842,-4,944,-136,420,20,473,-1,202,6,258,1,000,0,000,0,000,-0,278,-0,016,21,440,10,211,2,233,-7,948,73,747,3,214,356,843,83,476,Curva 5.,31,60
179,68,83,249,-4,969,-136,297,20,381,-1,257,5,933,1,000,0,000,0,000,-0,292,-0,062,21,262,14,627,-2,532,-8,567,74,567,3,258,357,301,83,812,Curva 5.,31,62
179,70,83,654,-4,994,-136,182,20,313,-1,273,5,570,1,000,0,000,0,000,-0,289,-0,066,21,099,16,719,-0,671,-7,807,75,458,3,309,357,952,84,142,Curva 5.,31,64
179,72,84,056,-5,018,-136,063,20,234,-1,217,5,306,1,000,0,000,0,000,-0,385,-0,030,20,950,11,779,2,993,-7,100,76,363,3,300,357,143,84,474,Curva 5.,31,66
179,74,84,456,-5,041,-135,954,20,125,-1,181,4,976,1,000,0,000,0,000,-0,421,-0,004,20,761,14,815,2,079,-9,029,77,275,3,310,356,968,84,798,Curva 5.,31,68
179,76,84,856,-5,065,-135,860,20,028,-1,184,4,561,1,000,0,000,0,000,-0,379,0,007,20,572,19,331,0,063,-8,952,78,227,3,356,357,848,85,110,Curva 5.,31,70
179,78,85,252,-5,088,-135,766,19,923,-1,186,4,220,1,000,0,000,0,000,-0,408,0,010,20,395,15,737,0,057,-8,355,79,184,3,410,357,572,85,421,Curva 5.,31,72
179,80,85,646,-5,110,-135,675,19,809,-1,149,3,912,1,000,0,110,0,000,-0,463,0,042,20,219,14,134,2,080,-8,351,80,134,3,445,356,996,85,728,Curva 5.,31,74
179,82,86,039,-5,134,-135,599,19,688,-1,190,3,554,1,000,0,110,0,000,-0,461,0,017,20,036,16,807,-1,840,-8,598,81,083,3,510,357,522,86,024,Curva 5.,31,76
179,84,86,430,-5,158,-135,528,19,573,-1,234,3,218,1,000,0,224,0,000,-0,483,-0,011,19,868,15,951,-2,102,-7,874,82,057,3,583,357,829,86,316,Curva 5.,31,78
179,86,86,817,-5,182,-135,457,19,470,-1,221,2,948,1,000,0,224,0,000,-0,563,0,001,19,721,12,746,0,820,-6,795,83,027,3,630,357,299,86,607,Curva 5.,31,80
179,88,87,203,-5,206,-135,396,19,344,-1,240,2,662,1,000,0,440,0,000,-0,617,-0,012,19,556,13,640,-0,841,-7,647,83,975,3,684,357,367,86,890,Curva 5.,31,82
179,90,87,587,-5,231,-135,344,19,225,-1,251,2,330,1,000,0,440,0,000,-0,620,-0,010,19,396,16,042,-0,429,-7,360,84,925,3,732,357,977,87,164,Curva 5.,31,84
179,92,87,969,-5,256,-135,295,19,120,-1,250,2,022,1,000,0,440,0,000,-0,644,-0,010,19,256,14,955,0,176,-6,356,85,881,3,762,357,887,87,437,Curva 5.,31,86
179,94,88,348,-5,280,-135,250,19,005,-1,216,1,716,1,000,0,532,0,000,-0,663,0,020,19,109,14,918,1,880,-6,670,86,827,3,791,357,612,87,706,Curva 5.,31,88
179,96,88,726,-5,304,-135,217,18,878,-1,222,1,370,1,000,0,532,0,000,-0,628,0,021,18,957,17,025,-0,175,-6,964,87,745,3,826,358,006,87,965,Curva 5.,31,90
179,98,89,101,-5,328,-135,190,18,755,-1,231,1,018,1,000,0,631,0,000,-0,573,0,017,18,814,17,504,-0,403,-6,534,88,640,3,855,358,304,88,218,Curva 5.,31,92
180,00,89,474,-5,352,-135,166,18,652,-1,215,0,706,1,000,0,761,0,000,-0,547,0,027,18,697,15,491,0,996,-5,342,89,506,3,869,357,981,88,469,Curva 5.,31,94
180,02,89,845,-5,377,-135,151,18,535,-1,217,0,381,1,000,0,761,0,000,-0,491,0,023,18,572,16,290,0,068,-5,724,90,334,3,880,358,027,88,712,Curva 5.,31,96
180,04,90,213,-5,401,-135,146,18,431,-1,230,0,037,1,000,1,000,0,000,-0,400,0,008,18,467,17,313,-0,491,-4,836,91,126,3,877,358,433,88,948,Curva 5.,31,98
180,06,90,581,-5,426,-135,144,18,363,-1,231,-0,274,1,000,1,000,0,000,-0,331,-0,004,18,404,15,664,0,226,-2,841,91,887,3,851,358,342,89,182,Curva 5.,32,00
180,08,90,948,-5,451,-135,147,18,310,-1,217,-0,575,1,000,1,000,0,000,-0,266,-0,007,18,358,15,118,1,043,-2,001,92,629,3,807,358,165,89,411,Curva 5.,32,02
180,10,91,314,-5,476,-135,160,18,269,-1,226,-0,894,1,000,1,000,0,000,-0,176,-0,028,18,331,16,058,-0,065,-1,071,93,354,3,762,358,431,89,634,Curva 5.,32,04
180,12,91,680,-5,501,-135,179,18,269,-1,240,-1,193,1,000,1,000,0,000,-0,101,-0,056,18,349,14,944,-0,252,1,070,94,057,3,707,358,531,89,853,Curva 5.,32,06
180,14,92,047,-5,526,-135,200,18,301,-1,230,-1,452,1,000,1,000,0,000,-0,064,-0,062,18,399,12,729,1,056,2,623,94,742,3,645,358,304,90,072,Curva 5.,32,08
180,16,92,415,-5,551,-135,229,18,342,-1,233,-1,716,1,000,1,000,0,000,-0,025,-0,076,18,463,12,934,0,415,3,307,95,426,3,595,358,379,90,287,Curva 5.,32,10
180,18,92,784,-5,577,-135,264,18,406,-1,245,-1,984,1,000,1,000,0,000,0,016,-0,093,18,554,12,987,-0,002,4,650,96,110,3,558,358,624,90,498,Curva 5.,32,12
180,20,93,155,-5,602,-135,301,18,501,-1,238,-2,219,1,000,1,000,0,000,0,021,-0,090,18,674,11,109,1,026,6,054,96,781,3,521,358,498,90,710,Curva 5.,32,14
180,22,93,528,-5,627,-135,344,18,598,-1,229,-2,453,1,000,1,000,0,000,0,022,-0,086,18,799,10,948,1,098,6,272,97,454,3,484,358,404,90,921,Curva 5.,32,16
180,24,93,903,-5,652,-135,394,18,689,-1,233,-2,711,1,000,1,000,0,000,0,042,-0,090,18,924,12,125,0,506,6,340,98,133,3,458,358,661,91,128,Curva 5.,32,18
180,26,94,280,-5,676,-135,447,18,793,-1,231,-2,955,1,000,1,000,0,000,0,043,-0,091,19,063,11,234,0,736,6,999,98,813,3,428,358,698,91,335,Curva 5.,32,20
180,28,94,659,-5,701,-135,503,18,898,-1,219,-3,188,1,000,1,000,0,000,0,030,-0,084,19,204,10,608,1,308,7,062,99,493,3,387,358,519,91,543,Curva 5.,32,22
180,30,95,040,-5,726,-135,567,18,985,-1,211,-3,445,1,000,1,000,0,000,0,035,-0,081,19,333,11,820,1,067,6,509,100,185,3,347,358,717,91,747,Curva 5.,32,24
180,32,95,423,-5,750,-135,637,19,073,-1,204,-3,706,1,000,1,000,0,000,0,041,-0,084,19,466,12,015,0,969,6,734,100,881,3,295,358,906,91,949,Curva 5.,32,26
180,34,95,808,-5,775,-135,709,19,166,-1,184,-3,954,1,000,1,000,0,000,0,029,-0,078,19,605,11,173,1,616,7,004,101,577,3,231,358,798,92,152,Curva 5.,32,28
180,36,96,195,-5,798,-135,787,19,244,-1,153,-4,214,1,000,1,000,0,000,0,025,-0,069,19,733,11,838,2,166,6,459,102,284,3,146,358,837,92,353,Curva 5.,32,30
180,38,96,583,-5,822,-135,873,19,312,-1,131,-4,497,0,187,1,000,0,000,0,038,-0,077,19,860,12,962,1,614,6,422,103,000,3,041,359,086,92,551,Curva 5.,32,32
180,40,96,973,-5,845,-135,963,19,382,-1,099,-4,773,0,187,1,000,0,000,0,038,-0,083,19,991,12,576,2,137,6,614,103,730,2,912,359,184,92,747,Curva 5.,32,34
180,42,97,364,-5,867,-136,056,19,444,-1,040,-5,045,0,187,1,000,0,000,0,025,-0,078,20,115,12,305,3,437,6,260,104,477,2,742,359,044,92,944,Curva 5.,32,36
180,44,97,757,-5,889,-136,158,19,481,-0,990,-5,347,0,187,1,000,0,000,0,035,-0,086,20,226,14,041,2,946,5,630,105,250,2,560,359,267,93,136,Curva 5.,32,38
180,46,98,150,-5,909,-136,267,19,516,-0,933,-5,665,0,187,1,000,0,000,0,050,-0,099,20,343,14,806,3,225,5,954,106,048,2,348,359,528,93,325,Curva 5.,32,40
180,48,98,545,-5,929,-136,378,19,562,-0,872,-5,966,0,051,1,000,0,000,0,039,-0,121,20,470,13,698,3,419,6,440,106,857,2,104,359,355,93,514,Curva 5.,32,42
180,50,98,941,-5,947,-136,496,19,620,-0,797,-6,198,0,041,1,000,0,000,-0,021,-0,125,20,591,10,100,4,094,6,169,107,595,1,873,359,206,93,702,Curva 5.,32,44
180,52,99,338,-5,964,-136,618,19,718,-0,748,-6,328,0,041,1,000,0,000,-0,113,-0,160,20,721,4,625,2,736,6,587,108,110,1,630,359,191,93,887,Curva 5.,32,46
180,54,99,736,-5,980,-136,749,19,819,-0,687,-6,529,0,225,1,000,0,000,-0,087,-0,179,20,877,7,927,3,270,7,890,108,478,1,396,359,632,94,069,Curva 5.,32,48
180,56,100,137,-5,994,-136,880,19,958,-0,626,-6,664,0,225,1,000,0,000,-0,087,-0,190,21,049,4,131,3,299,8,683,108,706,1,187,359,470,94,254,Curva 5.,32,50
180,58,100,542,-6,007,-137,013,20,114,-0,568,-6,767,0,225,1,000,0,000,-0,084,-0,199,21,229,2,286,3,060,9,017,108,829,1,001,359,221,94,441,Curva 5.,32,52
180,60,100,947,-6,019,-137,153,20,253,-0,495,-6,904,0,225,1,000,0,000,-0,026,-0,172,21,402,4,225,3,806,8,705,108,895,0,865,359,621,94,625,Curva 5.,32,54
180,62,101,356,-6,028,-137,294,20,413,-0,425,-7,007,0,293,1,000,0,000,0,005,-0,147,21,585,2,272,3,631,9,188,108,935,0,739,359,716,94,813,Curva 5.,32,56
180,64,101,769,-6,036,-137,433,20,571,-0,361,-7,078,0,293,1,000,0,000,-0,007,-0,121,21,758,0,731,3,306,8,624,109,007,0,632,359,457,95,005,Curva 5.,32,58
180,66,102,183,-6,044,-137,577,20,691,-0,313,-7,199,0,390,1,000,0,000,0,014,-0,114,21,910,3,732,2,484,7,631,109,150,0,521,359,651,95,197,Curva 5.,32,60
180,68,102,599,-6,050,-137,725,20,793,-0,267,-7,335,0,555,1,000,0,000,0,036,-0,110,22,051,4,734,2,375,7,053,109,337,0,409,0,013,95,390,Curva 5.,32,62
180,70,103,019,-6,055,-137,871,20,895,-0,227,-7,439,0,555,1,000,0,000,0,013,-0,111,22,181,3,175,2,034,6,526,109,562,0,299,359,818,95,587,Curva 5.,32,64
180,72,103,440,-6,060,-138,020,20,980,-0,193,-7,549,1,000,1,000,0,000,-0,007,-0,122,22,297,3,748,1,754,5,844,109,810,0,182,359,755,95,785,Curva 5.,32,66
180,74,103,861,-6,064,-138,175,21,025,-0,142,-7,719,1,000,1,000,0,000,0,030,-0,119,22,397,7,206,2,517,5,036,110,082,0,060,0,211,95,980,Curva 5.,32,68
180,76,104,284,-6,067,-138,331,21,073,-0,102,-7,906,1,000,1,000,0,000,0,061,-0,131,22,507,7,962,1,925,5,530,110,409,359,928,0,309,96,178,Curva 5.,32,70
180,78,104,709,-6,069,-138,488,21,122,-0,033,-8,067,1,000,1,000,0,000,0,043,-0,115,22,610,6,648,3,471,5,132,110,794,359,792,0,024,96,378,Curva 5.,32,72
180,80,105,134,-6,070,-138,652,21,144,0,022,-8,263,1,000,1,000,0,000,0,054,-0,118,22,701,8,730,2,664,4,606,111,208,359,646,0,277,96,575,Curva 5.,32,74
180,82,105,559,-6,070,-138,821,21,168,0,096,-8,482,1,000,1,000,0,000,0,082,-0,114,22,804,9,784,3,522,5,175,111,627,359,475,0,613,96,770,Curva 5.,32,76
180,84,105,986,-6,068,-138,990,21,194,0,183,-8,698,1,000,1,000,0,000,0,087,-0,108,22,909,9,576,4,235,5,305,112,094,359,273,0,469,96,968,Curva 5.,32,78
180,86,106,412,-6,064,-139,167,21,175,0,279,-8,978,1,000,1,000,0,000,0,121,-0,104,23,001,13,314,4,560,4,603,112,672,359,050,0,660,2,245,Curva 6.,32,80
180,88,106,838,-6,059,-139,349,21,131,0,370,-9,284,1,000,1,000,0,000,0,154,-0,113,23,083,14,998,4,250,4,156,113,332,358,806,0,813,2,315,Curva 6.,32,82
180,90,107,264,-6,052,-139,535,21,102,0,456,-9,581,1,000,1,000,0,000,0,152,-0,131,23,179,14,172,4,006,4,835,114,040,358,554,0,732,2,469,Curva 6.,32,84
180,92,107,688,-6,043,-139,729,21,056,0,545,-9,878,1,000,1,000,0,000,0,145,-0,149,23,264,14,542,4,056,4,268,114,769,358,298,0,961,2,692,Curva 6.,32,86
180,94,108,113,-6,032,-139,928,21,010,0,660,-10,182,1,000,1,000,0,000,0,145,-0,157,23,355,14,805,5,361,4,629,115,495,358,003,0,931,2,971,Curva 6.,32,88
180,96,108,537,-6,019,-140,133,20,960,0,765,-10,489,1,000,1,000,0,000,0,143,-0,174,23,449,14,939,4,838,4,749,116,229,357,712,0,910,3,292,Curva 6.,32,90
180,98,108,958,-6,004,-140,345,20,892,0,853,-10,817,1,000,1,000,0,000,0,161,-0,183,23,540,16,242,3,923,4,595,116,974,357,485,0,992,3,643,Curva 6.,32,92
181,00,109,379,-5,987,-140,564,20,856,0,955,-11,135,1,000,1,000,0,000,0,169,-0,183,23,660,15,025,4,518,6,051,117,680,357,251,1,163,4,018,Curva 6.,32,94
181,02,109,800,-5,968,-140,788,20,823,1,092,-11,432,1,000,1,000,0,000,0,171,-0,171,23,779,13,939,6,288,5,945,118,345,356,964,1,133,4,412,Curva 6.,32,96
181,04,110,219,-5,945,-141,018,20,760,1,245,-11,735,1,000,1,000,0,000,0,182,-0,142,23,878,14,942,7,079,5,024,119,035,356,678,1,093,4,821,Curva 6.,32,98
181,06,110,637,-5,920,-141,255,20,686,1,364,-12,071,1,000,1,000,0,000,0,209,-0,131,23,988,16,521,5,298,5,508,119,759,356,438,1,101,5,240,Curva 6.,33,00
181,08,111,054,-5,893,-141,499,20,635,1,412,-12,406,1,000,1,000,0,000,0,228,-0,178,24,117,15,755,1,683,6,429,120,465,356,231,1,026,5,670,Curva 6.,33,02
181,10,111,470,-5,866,-141,749,20,594,1,440,-12,697,1,000,1,000,0,000,0,218,-0,246,24,234,13,546,0,754,5,864,121,128,356,023,1,126,6,108,Curva 6.,33,04
181,12,111,884,-5,836,-142,005,20,545,1,580,-12,938,1,000,1,000,0,000,0,180,-0,208,24,330,11,662,6,375,4,768,121,763,355,797,1,281,6,553,Curva 6.,33,06
181,14,112,299,-5,803,-142,264,20,486,1,774,-13,190,1,000,1,000,0,000,0,154,-0,120,24,429,12,393,9,116,5,004,122,410,355,562,1,041,7,004,Curva 6.,33,08
181,16,112,711,-5,767,-142,531,20,393,1,919,-13,525,1,000,1,000,0,000,0,198,-0,091,24,545,16,685,6,499,5,806,123,085,355,313,1,095,7,459,Curva 6.,33,10
181,18,113,121,-5,729,-142,806,20,284,1,981,-13,886,1,000,1,000,0,000,0,265,-0,150,24,660,18,097,2,205,5,759,123,770,355,059,1,240,7,920,Curva 6.,33,12
181,20,113,531,-5,692,-143,084,20,216,1,972,-14,175,1,000,1,000,0,000,0,247,-0,274,24,767,13,833,-1,140,5,320,124,456,354,808,0,868,8,385,Curva 6.,33,14
181,22,113,937,-5,653,-143,369,20,139,2,008,-14,400,1,000,1,000,0,000,0,181,-0,310,24,837,11,413,1,314,3,469,125,133,354,656,0,986,8,853,Curva 6.,33,16
181,24,114,341,-5,610,-143,658,20,051,2,197,-14,617,1,000,1,000,0,000,0,138,-0,183,24,909,11,585,8,907,3,647,125,765,354,526,1,159,9,324,Curva 6.,33,18
181,26,114,745,-5,563,-143,952,19,973,2,408,-14,891,1,000,1,000,0,000,0,155,-0,064,25,029,13,499,9,776,6,005,126,346,354,338,0,985,9,798,Curva 6.,33,20
181,28,115,146,-5,514,-144,254,19,837,2,554,-15,243,1,000,1,000,0,000,0,248,-0,039,25,146,18,256,6,423,5,854,126,968,354,090,0,989,10,275,Curva 6.,33,22
181,30,115,545,-5,464,-144,562,19,688,2,603,-15,587,1,000,1,000,0,000,0,307,-0,125,25,244,18,219,1,599,4,868,127,663,353,811,0,979,10,755,Curva 6.,33,24
181,32,115,943,-5,415,-144,874,19,589,2,572,-15,859,1,000,1,000,0,000,0,259,-0,288,25,331,13,705,-2,162,4,327,128,398,353,527,0,616,11,239,Curva 6.,33,26
181,34,116,338,-5,365,-145,192,19,492,2,584,-16,070,1,000,1,000,0,000,0,165,-0,343,25,391,11,276,0,115,2,974,129,122,353,389,0,562,11,724,Curva 6.,33,28
181,36,116,729,-5,310,-145,514,19,391,2,722,-16,278,1,000,1,000,0,000,0,107,-0,233,25,462,11,302,6,404,3,540,129,765,353,342,0,684,12,209,Curva 6.,33,30
181,38,117,118,-5,253,-145,842,19,300,2,913,-16,548,1,000,1,000,0,000,0,144,-0,100,25,589,13,286,8,702,6,348,130,282,353,243,0,632,12,697,Curva 6.,33,32
181,40,117,505,-5,193,-146,177,19,166,3,060,-16,871,1,000,1,000,0,000,0,250,-0,048,25,715,16,675,6,483,6,313,130,792,353,065,0,532,13,188,Curva 6.,33,34
181,42,117,890,-5,133,-146,518,19,009,3,124,-17,189,1,000,1,000,0,000,0,320,-0,099,25,816,17,139,2,476,5,015,131,404,352,836,0,422,13,682,Curva 6.,33,36
181,44,118,274,-5,072,-146,863,18,882,3,110,-17,456,1,000,1,000,0,000,0,292,-0,233,25,899,14,192,-1,250,4,103,132,102,352,589,0,156,14,178,Curva 6.,33,38
181,46,118,655,-5,012,-147,212,18,771,3,094,-17,674,1,000,1,000,0,000,0,207,-0,334,25,964,11,765,-1,241,3,213,132,818,352,420,-0,003,14,676,Curva 6.,33,40
181,48,119,032,-4,949,-147,566,18,665,3,157,-17,878,1,000,1,000,0,000,0,132,-0,283,26,036,11,035,2,702,3,546,133,475,352,414,359,935,15,174,Curva 6.,33,42
181,50,119,407,-4,883,-147,924,18,566,3,287,-18,116,1,000,1,000,0,000,0,136,-0,160,26,147,11,977,5,874,5,537,133,999,352,427,359,794,15,674,Curva 6.,33,44
181,52,119,778,-4,815,-148,290,18,448,3,385,-18,404,1,000,1,000,0,000,0,231,-0,091,26,276,14,375,4,141,6,446,134,425,352,399,359,758,16,176,Curva 6.,33,46
181,54,120,148,-4,747,-148,661,18,314,3,435,-18,687,1,000,1,000,0,000,0,317,-0,091,26,387,14,763,1,874,5,530,134,885,352,318,359,682,16,680,Curva 6.,33,48
181,56,120,517,-4,679,-149,036,18,204,3,441,-18,916,1,000,1,000,0,000,0,305,-0,151,26,475,11,974,-0,182,4,305,135,439,352,199,359,364,17,188,Curva 6.,33,50
181,58,120,884,-4,612,-149,415,18,095,3,404,-19,120,1,000,1,000,0,000,0,242,-0,255,26,542,11,027,-2,149,3,267,136,059,352,073,359,191,17,697,Curva 6.,33,52
181,60,121,247,-4,544,-149,798,17,973,3,425,-19,313,1,000,1,000,0,000,0,176,-0,256,26,602,11,030,0,770,2,954,136,683,352,046,359,206,18,206,Curva 6.,33,54
181,62,121,608,-4,474,-150,184,17,866,3,451,-19,516,1,000,1,000,0,000,0,131,-0,215,26,682,10,818,0,968,3,958,137,251,352,102,359,080,18,717,Curva 6.,33,56
181,64,121,966,-4,404,-150,576,17,757,3,474,-19,752,1,000,1,000,0,000,0,149,-0,165,26,786,11,950,0,671,5,214,137,729,352,189,358,954,19,229,Curva 6.,33,58
181,66,122,320,-4,334,-150,973,17,641,3,472,-19,992,1,000,1,000,0,000,0,198,-0,133,26,887,12,357,-0,553,4,998,138,155,352,288,358,970,19,743,Curva 6.,33,60
181,68,122,674,-4,264,-151,374,17,536,3,461,-20,207,1,000,1,000,0,000,0,215,-0,115,26,977,11,038,-0,965,4,482,138,591,352,377,358,880,20,259,Curva 6.,33,62
181,70,123,026,-4,195,-151,779,17,437,3,452,-20,394,1,000,1,000,0,000,0,187,-0,101,27,052,9,880,-0,700,3,690,139,075,352,445,358,724,20,778,Curva 6.,33,64
181,72,123,375,-4,125,-152,188,17,310,3,448,-20,581,1,000,1,000,0,000,0,150,-0,102,27,112,10,897,-0,364,2,981,139,617,352,472,358,795,21,297,Curva 6.,33,66
181,74,123,721,-4,057,-152,601,17,166,3,410,-20,786,1,000,1,000,0,000,0,116,-0,135,27,172,12,154,-2,075,2,994,140,208,352,500,358,922,21,818,Curva 6.,33,68
181,76,124,066,-3,990,-153,017,17,027,3,329,-20,992,1,000,1,000,0,000,0,063,-0,184,27,233,11,987,-4,265,3,045,140,828,352,590,358,779,22,340,Curva 6.,33,70
181,78,124,407,-3,923,-153,436,16,894,3,261,-21,183,1,000,1,000,0,000,0,007,-0,190,27,290,11,239,-3,502,2,866,141,422,352,737,358,613,22,862,Curva 6.,33,72
181,80,124,745,-3,857,-153,860,16,757,3,228,-21,377,1,000,1,000,0,000,-0,016,-0,152,27,353,11,425,-1,792,3,188,141,949,352,905,358,678,23,385,Curva 6.,33,74
181,82,125,079,-3,791,-154,289,16,608,3,251,-21,590,1,000,1,000,0,000,0,002,-0,060,27,432,12,407,0,931,3,990,142,431,353,069,358,752,23,910,Curva 6.,33,76
181,84,125,410,-3,725,-154,723,16,448,3,264,-21,825,1,000,1,000,0,000,0,033,-0,013,27,523,13,426,0,403,4,579,142,928,353,161,358,769,24,436,Curva 6.,33,78
181,86,125,740,-3,660,-155,161,16,263,3,244,-22,066,1,000,1,000,0,000,0,061,-0,056,27,603,14,659,-1,179,4,064,143,486,353,133,358,658,24,965,Curva 6.,33,80
181,88,126,066,-3,596,-155,605,16,051,3,249,-22,284,1,000,1,000,0,000,0,050,-0,120,27,654,14,930,0,298,2,617,144,136,353,002,358,586,25,494,Curva 6.,33,82
181,90,126,388,-3,532,-156,052,15,820,3,271,-22,492,1,000,1,000,0,000,0,007,-0,180,27,692,15,412,1,268,2,001,144,873,352,843,358,604,26,024,Curva 6.,33,84
181,92,126,705,-3,467,-156,504,15,580,3,299,-22,724,1,000,1,000,0,000,-0,031,-0,226,27,748,16,471,1,424,2,956,145,642,352,707,358,590,26,554,Curva 6.,33,86
181,94,127,017,-3,402,-156,961,15,334,3,323,-22,978,1,000,1,000,0,000,-0,032,-0,257,27,823,17,240,1,142,3,875,146,364,352,614,358,501,27,085,Curva 6.,33,88
181,96,127,324,-3,335,-157,423,15,085,3,352,-23,240,1,000,1,000,0,000,0,014,-0,260,27,907,17,521,1,403,4,348,146,998,352,567,358,370,27,615,Curva 6.,33,90
181,98,127,626,-3,266,-157,890,14,839,3,442,-23,493,1,000,1,000,0,000,0,092,-0,195,27,999,17,049,4,515,4,649,147,547,352,534,358,105,28,146,Curva 6.,33,92
182,00,127,923,-3,195,-158,363,14,582,3,650,-23,742,1,000,1,000,0,000,0,188,-0,090,28,100,17,120,10,417,5,128,148,063,352,340,357,945,28,679,Curva 6.,33,94
182,02,128,212,-3,121,-158,845,14,283,3,843,-24,016,0,710,1,000,0,000,0,300,-0,086,28,204,19,607,9,612,5,211,148,650,351,975,358,280,29,212,Curva 6.,33,96
182,04,128,499,-3,045,-159,331,13,979,3,974,-24,286,0,710,1,000,0,000,0,334,-0,197,28,300,19,786,6,489,4,803,149,407,351,508,358,233,29,747,Curva 6.,33,98
182,06,128,784,-2,968,-159,819,13,736,4,036,-24,506,0,710,1,000,0,000,0,244,-0,380,28,378,15,872,3,159,3,977,150,264,351,038,357,680,30,284,Curva 6.,34,00
182,08,129,061,-2,889,-160,311,13,457,4,055,-24,709,0,710,1,000,0,000,0,197,-0,514,28,421,17,073,1,375,2,254,151,074,350,746,357,380,30,820,Curva 6.,34,02
182,10,129,328,-2,806,-160,808,13,160,4,144,-24,912,0,710,1,000,0,000,0,239,-0,437,28,473,17,674,4,862,2,590,151,705,350,733,357,585,31,351,Curva 6.,34,04
182,12,129,590,-2,719,-161,308,12,944,4,298,-25,119,0,710,1,000,0,000,0,324,-0,243,28,580,14,079,7,631,5,243,152,104,350,834,357,305,31,883,Curva 6.,34,06
182,14,129,851,-2,630,-161,811,12,825,4,453,-25,310,0,710,1,000,0,000,0,380,-0,075,28,718,9,319,7,263,6,876,152,370,350,890,356,901,32,417,Curva 6.,34,08
182,16,130,105,-2,540,-162,321,12,705,4,520,-25,490,0,710,1,000,0,000,0,418,-0,045,28,834,9,338,2,893,5,725,152,672,350,852,357,223,32,953,Curva 6.,34,10
182,18,130,361,-2,450,-162,834,12,612,4,523,-25,635,0,710,1,000,0,000,0,356,-0,132,28,923,7,445,-0,200,4,319,153,103,350,710,357,284,33,492,Curva 6.,34,12
182,20,130,619,-2,361,-163,346,12,549,4,521,-25,727,0,651,1,000,0,000,0,200,-0,233,28,978,4,881,-0,228,2,665,153,625,350,541,356,662,34,035,Curva 6.,34,14
182,22,130,870,-2,271,-163,862,12,402,4,496,-25,823,0,651,1,000,0,000,0,106,-0,291,28,996,8,785,-0,966,0,901,154,166,350,496,356,915,34,576,Curva 6.,34,16
182,24,131,114,-2,181,-164,381,12,208,4,460,-25,957,0,651,1,000,0,000,0,103,-0,281,29,028,11,718,-1,549,1,581,154,632,350,598,357,409,35,116,Curva 6.,34,18
182,26,131,361,-2,091,-164,898,12,090,4,420,-26,094,0,651,1,000,0,000,0,085,-0,219,29,096,8,330,-2,101,3,359,154,994,350,821,356,844,35,658,Curva 6.,34,20
182,28,131,603,-2,001,-165,419,11,967,4,394,-26,231,0,651,1,000,0,000,0,104,-0,117,29,164,8,585,-1,357,3,381,155,285,351,093,356,585,36,200,Curva 6.,34,22
182,30,131,837,-1,912,-165,946,11,787,4,382,-26,380,0,613,1,000,0,000,0,193,-0,016,29,223,11,293,-0,503,2,933,155,543,351,325,357,112,36,741,Curva 6.,34,24
182,32,132,072,-1,824,-166,475,11,680,4,347,-26,521,0,535,1,000,0,000,0,192,0,003,29,302,7,886,-1,943,3,913,155,852,351,455,357,196,37,286,Curva 6.,34,26
182,34,132,308,-1,738,-167,005,11,605,4,254,-26,627,0,535,1,000,0,000,0,098,-0,069,29,356,5,842,-4,798,2,653,156,265,351,523,356,897,37,834,Curva 6.,34,28
182,36,132,541,-1,655,-167,538,11,475,4,108,-26,729,0,148,1,000,0,000,0,017,-0,174,29,376,8,354,-7,097,1,009,156,750,351,621,356,912,38,382,Curva 6.,34,30
182,38,132,770,-1,574,-168,072,11,334,4,003,-26,832,0,148,1,000,0,000,-0,050,-0,215,29,401,8,762,-5,060,1,287,157,220,351,762,356,999,38,930,Curva 6.,34,32
182,40,132,997,-1,493,-168,608,11,209,3,969,-26,941,0,148,1,000,0,000,-0,094,-0,166,29,448,7,965,-1,603,2,395,157,612,351,942,356,808,39,480,Curva 6.,34,34
182,42,133,218,-1,414,-169,149,11,055,3,932,-27,084,0,148,1,000,0,000,-0,063,-0,115,29,516,9,923,-1,818,3,402,157,930,352,127,357,126,40,029,Curva 6.,34,36
182,44,133,437,-1,335,-169,692,10,893,3,868,-27,249,0,061,1,000,0,000,0,006,-0,113,29,599,10,761,-3,319,4,173,158,209,352,273,357,277,40,579,Curva 6.,34,38
182,46,133,658,-1,258,-170,237,10,817,3,817,-27,375,0,061,1,000,0,000,-0,002,-0,133,29,681,6,030,-2,748,4,102,158,459,352,354,356,688,41,134,Curva 6.,34,40
182,48,133,875,-1,182,-170,785,10,775,3,754,-27,463,0,003,1,000,0,000,-0,025,-0,162,29,739,3,753,-3,353,2,925,158,645,352,439,356,685,41,689,Curva 6.,34,42
182,50,134,087,-1,107,-171,337,10,699,3,708,-27,560,0,003,1,000,0,000,0,011,-0,163,29,795,5,417,-2,423,2,813,158,777,352,537,357,217,42,244,Curva 6.,34,44
182,52,134,302,-1,033,-171,889,10,708,3,650,-27,654,0,003,1,000,0,000,-0,004,-0,169,29,878,1,473,-3,392,4,128,158,859,352,659,357,051,42,802,Curva 6.,34,46
182,54,134,519,-0,960,-172,441,10,738,3,589,-27,741,0,080,1,000,0,000,-0,033,-0,167,29,962,0,358,-3,584,4,171,158,922,352,804,356,729,43,363,Curva 6.,34,48
182,56,134,730,-0,889,-172,998,10,718,3,520,-27,842,0,080,1,000,0,000,-0,002,-0,155,30,040,2,935,-3,809,3,887,158,963,352,974,357,170,43,925,Curva 6.,34,50
182,58,134,943,-0,818,-173,556,10,723,3,449,-27,938,0,080,1,000,0,000,0,014,-0,142,30,123,1,656,-4,026,4,136,158,987,353,154,357,363,44,490,Curva 6.,34,52
182,60,135,161,-0,749,-174,114,10,773,3,373,-28,011,0,080,1,000,0,000,-0,022,-0,130,30,199,-0,784,-4,334,3,805,159,019,353,344,357,050,45,058,Curva 6.,34,54
182,62,135,375,-0,682,-174,675,10,787,3,288,-28,089,0,167,1,000,0,000,-0,026,-0,123,30,268,0,949,-4,628,3,436,159,052,353,534,357,216,45,627,Curva 6.,34,56
182,64,135,588,-0,617,-175,238,10,772,3,193,-28,173,0,167,1,000,0,000,-0,003,-0,126,30,330,2,413,-4,974,3,078,159,092,353,720,357,593,46,197,Curva 6.,34,58
182,66,135,804,-0,554,-175,801,10,786,3,070,-28,248,0,283,1,000,0,000,-0,022,-0,143,30,393,0,960,-6,515,3,111,159,155,353,936,357,482,46,771,Curva 6.,34,60
182,68,136,020,-0,493,-176,366,10,792,2,950,-28,321,0,564,1,000,0,000,-0,048,-0,143,30,450,1,308,-6,275,2,859,159,243,354,176,357,531,47,346,Curva 6.,34,62
182,70,136,233,-0,434,-176,932,10,756,2,837,-28,403,0,564,1,000,0,000,-0,040,-0,126,30,503,3,350,-5,792,2,646,159,343,354,430,357,815,47,922,Curva 6.,34,64
182,72,136,447,-0,377,-177,501,10,729,2,737,-28,490,0,564,1,000,0,000,-0,043,-0,098,30,566,2,972,-5,239,3,142,159,453,354,683,357,991,48,500,Curva 6.,34,66
182,74,136,663,-0,323,-178,070,10,711,2,596,-28,575,0,564,1,000,0,000,-0,063,-0,104,30,627,2,589,-7,222,3,030,159,578,354,947,357,802,49,080,Curva 6.,34,68
182,76,136,875,-0,273,-178,641,10,673,2,419,-28,663,0,642,1,000,0,000,-0,066,-0,129,30,680,3,639,-8,967,2,691,159,710,355,240,358,045,49,660,Curva 6.,34,70
182,78,137,086,-0,225,-179,214,10,605,2,258,-28,753,0,642,1,000,0,000,-0,051,-0,127,30,729,4,959,-8,142,2,446,159,856,355,552,358,290,50,242,Curva 6.,34,72
182,80,137,297,-0,180,-179,789,10,534,2,132,-28,845,0,651,1,000,0,000,-0,059,-0,093,30,782,5,112,-6,383,2,633,160,054,355,858,358,470,50,825,Curva 6.,34,74
182,82,137,507,-0,137,-180,365,10,440,2,041,-28,939,0,642,1,000,0,000,-0,080,-0,047,30,832,6,111,-4,546,2,559,160,314,356,121,358,436,51,410,Curva 6.,34,76
182,84,137,713,-0,097,-180,945,10,294,1,949,-29,051,0,642,1,000,0,000,-0,081,-0,047,30,882,8,845,-4,579,2,531,160,641,356,297,358,695,51,995,Curva 6.,34,78
182,86,137,919,-0,059,-181,526,10,110,1,794,-29,171,0,322,1,000,0,000,-0,079,-0,126,30,925,10,840,-7,654,2,198,161,037,356,446,358,581,52,582,Curva 6.,34,80
182,88,138,120,-0,026,-182,110,9,935,1,608,-29,276,0,322,1,000,0,000,-0,111,-0,206,30,957,10,204,-9,187,1,671,161,470,356,646,358,776,53,167,Curva 6.,34,82
182,90,138,316,0,006,-182,695,9,778,1,503,-29,370,0,322,1,000,0,000,-0,153,-0,185,30,990,9,003,-5,206,1,694,161,875,356,884,359,034,53,753,Curva 6.,34,84
182,92,138,511,0,038,-183,282,9,628,1,481,-29,481,0,322,1,000,0,000,-0,165,-0,093,31,048,8,838,-1,077,2,968,162,221,357,099,359,030,54,340,Curva 6.,34,86
182,94,138,702,0,069,-183,873,9,420,1,483,-29,618,0,322,1,000,0,000,-0,104,-0,025,31,115,11,991,0,101,3,392,162,550,357,226,359,082,54,927,Curva 6.,34,88
182,96,138,887,0,097,-184,468,9,160,1,395,-29,771,0,225,1,000,0,000,-0,013,-0,098,31,180,14,726,-4,368,3,324,162,925,357,256,359,196,55,515,Curva 6.,34,90
182,98,139,069,0,122,-185,064,8,963,1,210,-29,894,0,206,1,000,0,000,-0,013,-0,237,31,231,11,329,-9,190,2,594,163,339,357,344,359,249,56,104,Curva 6.,34,92
183,00,139,250,0,144,-185,661,8,881,1,048,-29,973,0,206,1,000,0,000,-0,103,-0,279,31,277,5,151,-8,164,2,300,163,692,357,572,359,177,56,692,Curva 6.,34,94
183,02,139,425,0,166,-186,260,8,784,0,952,-30,073,0,313,1,000,0,000,-0,123,-0,189,31,343,6,105,-4,881,3,315,163,946,357,917,359,450,57,280,Curva 6.,34,96
183,04,139,598,0,188,-186,862,8,679,0,900,-30,204,0,313,1,000,0,000,-0,068,-0,030,31,439,6,845,-2,691,4,747,164,092,358,306,359,597,57,869,Curva 6.,34,98
183,06,139,772,0,206,-187,466,8,611,0,794,-30,336,0,313,1,000,0,000,-0,018,0,012,31,545,5,107,-5,359,5,327,164,186,358,581,359,421,58,461,Curva 6.,35,00
183,08,139,944,0,219,-188,073,8,544,0,601,-30,435,0,313,1,000,0,000,0,011,-0,082,31,617,4,676,-9,695,3,645,164,300,358,762,359,389,59,055,Curva 6.,35,02
183,10,140,112,0,228,-188,682,8,472,0,308,-30,488,0,380,1,000,0,000,0,005,-0,207,31,644,4,265,-14,659,1,320,164,463,359,067,359,762,59,648,Curva 6.,35,04
183,12,140,281,0,233,-189,289,8,443,0,058,-30,533,0,400,1,000,0,000,-0,054,-0,215,31,678,2,037,-12,483,1,691,164,641,359,505,359,798,60,241,Curva 6.,35,06
183,14,140,449,0,236,-189,898,8,428,-0,081,-30,593,0,400,1,000,0,000,-0,116,-0,092,31,733,1,482,-6,951,2,721,164,807,359,979,0,035,60,836,Curva 6.,35,08
183,16,140,615,0,237,-190,509,8,372,-0,095,-30,677,0,400,1,000,0,000,-0,118,0,096,31,799,3,804,-0,700,3,321,164,948,0,342,0,279,61,432,Curva 6.,35,10
183,18,140,781,0,234,-191,124,8,256,-0,156,-30,781,0,448,1,000,0,000,-0,084,0,075,31,870,6,902,-3,079,3,576,165,137,0,415,0,373,62,032,Curva 6.,35,12
183,20,140,945,0,228,-191,742,8,076,-0,285,-30,861,0,448,1,000,0,000,-0,068,-0,118,31,901,9,705,-6,541,1,620,165,457,0,300,0,430,62,633,Curva 6.,35,14
183,22,141,107,0,217,-192,358,7,890,-0,527,-30,894,0,448,1,000,0,000,-0,133,-0,350,31,888,9,323,-12,145,-0,582,165,909,0,316,0,412,63,232,Curva 6.,35,16
183,24,141,264,0,205,-192,975,7,751,-0,724,-30,939,0,448,1,000,0,000,-0,237,-0,397,31,900,7,187,-9,926,0,631,166,353,0,582,0,613,63,830,Curva 6.,35,18
183,26,141,417,0,193,-193,592,7,607,-0,813,-31,036,0,448,1,000,0,000,-0,238,-0,220,31,963,8,058,-4,510,3,136,166,651,1,057,0,791,64,427,Curva 6.,35,20
183,28,141,567,0,181,-194,213,7,447,-0,814,-31,190,0,438,1,000,0,000,-0,104,0,072,32,077,9,561,-0,017,5,673,166,759,1,581,0,689,65,025,Curva 6.,35,22
183,30,141,714,0,166,-194,838,7,295,-0,918,-31,363,0,438,1,000,0,000,0,073,0,129,32,213,9,338,-5,020,6,852,166,779,1,863,0,380,65,626,Curva 6.,35,24
183,32,141,855,0,145,-195,468,7,134,-1,030,-31,474,0,264,1,000,0,000,0,185,0,002,32,288,8,990,-5,601,3,744,166,900,1,835,0,811,66,229,Curva 6.,35,26
183,34,141,998,0,122,-196,099,6,988,-0,986,-31,497,0,264,1,000,0,000,0,168,-0,142,32,277,7,433,2,035,-0,548,167,188,1,504,0,887,66,834,Curva 6.,35,28
183,36,142,144,0,101,-196,731,6,888,-0,848,-31,510,0,099,1,000,0,000,0,049,-0,288,32,264,5,011,6,901,-0,576,167,579,0,995,0,201,67,442,Curva 6.,35,30
183,38,142,281,0,082,-197,364,6,726,-0,736,-31,558,0,099,1,000,0,000,-0,016,-0,455,32,272,8,461,5,550,0,631,167,991,0,499,0,355,68,048,Curva 6.,35,32
183,40,142,411,0,065,-197,999,6,527,-0,658,-31,639,0,099,1,000,0,000,0,044,-0,568,32,307,10,632,3,733,1,936,168,249,0,162,0,916,68,652,Curva 6.,35,34
183,42,142,544,0,054,-198,634,6,434,-0,525,-31,737,0,041,1,000,0,000,0,102,-0,469,32,384,5,599,6,649,3,857,168,354,0,099,0,322,69,259,Curva 6.,35,36
183,44,142,676,0,048,-199,269,6,410,-0,366,-31,861,0,000,1,000,0,000,0,143,-0,236,32,500,2,401,7,943,5,776,168,376,0,229,359,770,69,866,Curva 6.,35,38
183,46,142,799,0,045,-199,910,6,353,-0,209,-32,012,0,000,1,000,0,000,0,267,-0,034,32,636,4,366,7,901,6,765,168,306,0,310,0,284,70,475,Curva 6.,35,40
183,48,142,929,0,041,-200,552,6,435,-0,124,-32,103,0,000,1,000,0,000,0,215,-0,006,32,741,-3,091,4,253,5,304,168,289,0,207,0,157,71,089,Curva 6.,35,42
183,50,143,067,0,037,-201,196,6,621,-0,113,-32,136,0,000,1,000,0,000,0,007,-0,157,32,811,-8,804,0,445,3,483,168,349,359,924,359,409,71,709,Curva 6.,35,44
183,52,143,195,0,031,-201,842,6,620,-0,147,-32,163,0,000,1,000,0,000,-0,002,-0,385,32,836,0,329,-1,713,1,307,168,371,359,585,0,114,72,327,Curva 6.,35,46
183,54,143,324,0,027,-202,487,6,589,-0,094,-32,173,0,000,1,000,0,000,0,028,-0,435,32,838,1,636,2,637,0,210,168,367,359,406,0,620,72,945,Curva 6.,35,48
183,56,143,464,0,027,-203,129,6,686,-0,013,-32,165,0,000,1,000,0,000,-0,071,-0,353,32,851,-4,849,4,035,0,616,168,385,359,408,359,595,73,567,Curva 6.,35,50
183,58,143,597,0,029,-203,773,6,676,0,024,-32,215,0,000,1,000,0,000,-0,045,-0,242,32,898,0,996,1,817,2,335,168,372,359,537,359,723,74,188,Curva 6.,35,52
183,60,143,722,0,031,-204,419,6,569,0,068,-32,290,0,000,1,000,0,000,0,116,-0,125,32,951,6,003,2,101,2,625,168,296,359,667,0,646,74,807,Curva 6.,35,54
183,62,143,859,0,033,-205,064,6,657,0,053,-32,330,0,000,1,000,0,000,0,054,-0,092,33,008,-3,867,-0,768,2,853,168,273,359,749,359,854,75,433,Curva 6.,35,56
183,64,143,998,0,034,-205,711,6,752,0,031,-32,352,0,000,1,000,0,000,-0,058,-0,107,33,049,-4,456,-1,133,2,025,168,313,359,762,359,376,76,060,Curva 6.,35,58
183,66,144,125,0,034,-206,360,6,670,0,017,-32,392,0,000,1,000,0,000,0,013,-0,145,33,071,4,430,-0,748,1,135,168,340,359,720,0,470,76,685,Curva 6.,35,60
183,68,144,260,0,033,-207,009,6,684,-0,027,-32,418,0,000,1,000,0,000,-0,005,-0,215,33,099,-0,423,-2,203,1,383,168,356,359,674,0,307,77,314,Curva 6.,35,62
183,70,144,401,0,032,-207,656,6,773,-0,020,-32,417,0,000,1,000,0,000,-0,097,-0,236,33,116,-4,378,0,307,0,864,168,371,359,628,359,368,77,945,Curva 6.,35,64
183,72,144,530,0,031,-208,306,6,703,-0,035,-32,461,0,000,1,000,0,000,-0,013,-0,256,33,144,3,889,-0,774,1,420,168,354,359,617,0,113,78,574,Curva 6.,35,66
183,74,144,660,0,031,-208,957,6,646,-0,025,-32,513,0,000,1,000,0,000,0,075,-0,244,33,185,3,304,0,429,2,012,168,313,359,624,0,597,79,204,Curva 6.,35,68
183,76,144,802,0,031,-209,606,6,758,-0,001,-32,530,0,000,1,000,0,000,-0,034,-0,214,33,224,-5,338,1,165,1,979,168,326,359,633,359,521,79,838,Curva 6.,35,70
183,78,144,936,0,031,-210,258,6,762,-0,008,-32,586,0,000,1,000,0,000,-0,039,-0,211,33,280,0,373,-0,379,2,780,168,346,359,651,359,705,80,472,Curva 6.,35,72
183,80,145,063,0,031,-210,912,6,668,0,019,-32,650,0,216,1,000,0,000,0,066,-0,185,33,324,5,259,1,296,2,174,168,340,359,650,0,669,81,106,Curva 6.,35,74
183,82,145,203,0,031,-211,565,6,739,0,008,-32,680,0,216,1,000,0,000,0,002,-0,194,33,367,-3,144,-0,569,2,170,168,346,359,652,359,897,81,744,Curva 6.,35,76
183,84,145,343,0,031,-212,218,6,807,0,006,-32,707,0,313,1,000,0,000,-0,074,-0,198,33,407,-3,064,-0,141,2,019,168,373,359,650,359,399,82,383,Curva 6.,35,78
183,86,145,469,0,032,-212,875,6,675,0,011,-32,764,0,313,1,000,0,000,0,053,-0,198,33,436,7,023,0,142,1,450,168,389,359,643,0,553,83,020,Curva 6.,35,80
183,88,145,603,0,031,-213,531,6,617,-0,019,-32,816,0,313,1,000,0,000,0,063,-0,223,33,476,3,356,-1,507,1,987,168,488,359,652,0,456,83,659,Curva 6.,35,82
183,90,145,744,0,031,-214,186,6,675,0,007,-32,834,0,313,1,000,0,000,-0,079,-0,203,33,505,-2,681,1,263,1,424,168,647,359,643,359,357,84,303,Curva 6.,35,84
183,92,145,871,0,031,-214,845,6,534,-0,016,-32,891,0,313,1,000,0,000,-0,014,-0,220,33,534,7,466,-1,200,1,463,168,787,359,651,0,175,84,942,Curva 6.,35,86
183,94,145,995,0,031,-215,505,6,359,-0,015,-32,959,0,313,1,000,0,000,0,090,-0,218,33,566,9,274,-0,123,1,630,168,922,359,656,0,865,85,582,Curva 6.,35,88
183,96,146,131,0,031,-216,163,6,354,0,007,-32,989,0,313,1,000,0,000,-0,009,-0,200,33,595,0,494,1,130,1,440,169,116,359,647,359,679,86,227,Curva 6.,35,90
183,98,146,258,0,031,-216,823,6,249,-0,008,-33,043,0,371,1,000,0,000,-0,018,-0,212,33,628,5,668,-0,720,1,651,169,323,359,652,359,716,86,869,Curva 6.,35,92
184,00,146,372,0,031,-217,486,6,002,0,009,-33,109,0,371,1,000,0,000,0,141,-0,200,33,647,12,766,0,629,0,985,169,480,359,647,0,900,87,509,Curva 6.,35,94
184,02,146,498,0,031,-218,148,5,983,-0,008,-33,151,0,371,1,000,0,000,0,065,-0,213,33,686,1,323,-0,854,1,929,169,660,359,650,0,035,88,154,Curva 6.,35,96
184,04,146,624,0,031,-218,811,5,974,0,003,-33,183,0,371,1,000,0,000,-0,039,-0,204,33,716,0,714,0,555,1,484,169,865,359,648,359,366,88,799,Curva 6.,35,98
184,06,146,732,0,031,-219,477,5,739,0,006,-33,240,0,371,1,000,0,000,0,098,-0,203,33,731,12,070,-0,045,0,761,170,034,359,647,0,691,89,440,Curva 6.,36,00
184,08,146,847,0,031,-220,142,5,633,-0,025,-33,300,0,371,1,000,0,000,0,115,-0,227,33,773,5,705,-1,607,2,083,170,200,359,659,0,548,90,084,Curva 6.,36,02
184,10,146,969,0,031,-220,807,5,650,0,018,-33,324,0,371,1,000,0,000,-0,025,-0,193,33,799,-0,653,2,146,1,297,170,424,359,643,359,326,90,732,Curva 6.,36,04
184,12,147,075,0,031,-221,475,5,457,-0,009,-33,379,0,429,1,000,0,000,0,040,-0,216,33,821,9,945,-1,392,1,148,170,646,359,649,0,231,91,375,Curva 6.,36,06
184,14,147,176,0,030,-222,145,5,229,-0,014,-33,445,0,429,1,000,0,000,0,133,-0,220,33,851,11,782,-0,470,1,481,170,883,359,656,1,005,92,018,Curva 6.,36,08
184,16,147,294,0,032,-222,813,5,188,0,111,-33,478,0,516,1,000,0,000,0,006,-0,165,33,877,2,182,6,280,1,326,171,186,359,533,359,188,92,667,Curva 6.,36,10
184,18,147,400,0,034,-223,484,4,995,0,215,-33,530,0,516,1,000,0,000,0,030,-0,203,33,900,9,828,5,380,1,219,171,484,359,293,358,771,93,314,Curva 6.,36,12
184,20,147,482,0,037,-224,159,4,528,0,276,-33,595,0,516,1,000,0,000,0,314,-0,271,33,898,23,573,2,827,-0,045,171,788,359,080,0,544,93,955,Curva 6.,36,14
184,22,147,580,0,043,-224,833,4,481,0,437,-33,627,0,516,1,000,0,000,0,206,-0,343,33,924,2,520,8,043,1,401,172,066,358,680,359,654,94,602,Curva 6.,36,16
184,24,147,685,0,053,-225,506,4,448,0,610,-33,649,0,516,1,000,0,000,0,086,-0,355,33,945,1,386,8,668,1,134,172,350,358,367,357,546,95,253,Curva 6.,36,18
184,26,147,760,0,062,-226,180,4,022,0,411,-33,716,0,526,1,000,0,000,0,371,-0,466,33,952,21,777,-9,438,0,314,172,589,358,506,358,690,95,892,Curva 6.,36,20
184,28,147,835,0,072,-226,855,3,733,0,471,-33,805,0,545,1,000,0,000,0,566,-0,359,34,007,14,849,3,262,2,663,172,757,358,581,358,804,96,532,Curva 6.,36,22
184,30,147,928,0,082,-227,530,3,873,0,506,-33,838,0,545,1,000,0,000,0,262,-0,327,34,061,-6,844,1,267,2,564,173,061,358,574,356,707,97,181,Curva 6.,36,24
184,32,148,005,0,088,-228,207,3,739,0,186,-33,900,0,884,1,000,0,000,0,234,-0,503,34,102,7,913,-15,631,1,973,173,362,358,823,356,760,97,823,Curva 6.,36,26
184,34,148,074,0,091,-228,884,3,465,0,057,-33,948,0,884,1,000,0,000,0,366,-0,482,34,119,14,177,-5,765,0,720,173,597,359,066,357,208,98,464,Curva 6.,36,28
184,36,148,154,0,094,-229,562,3,441,0,115,-33,969,0,884,1,000,0,000,0,269,-0,408,34,139,1,098,2,971,0,964,173,818,359,091,355,671,99,111,Curva 6.,36,30
184,38,148,203,0,093,-230,227,1,664,-0,124,-33,308,0,990,1,000,0,000,1,061,-0,504,33,329,86,559,-4,300,-40,237,175,394,359,200,355,309,99,733,Curva 6.,36,32
184,40,148,239,0,093,-230,893,1,424,-0,065,-33,372,0,990,1,000,0,000,0,461,-0,409,33,397,11,922,3,722,2,568,176,815,359,357,356,077,100,351,Curva 6.,36,34
184,42,148,274,0,095,-231,562,1,285,0,051,-33,471,1,000,1,000,0,000,0,021,-0,265,33,494,6,687,6,250,4,710,177,797,359,458,355,858,100,972,Curva 6.,36,36
184,44,148,300,0,098,-232,234,0,907,0,159,-33,600,1,000,1,000,0,000,-0,016,-0,155,33,613,18,599,6,808,6,039,178,501,359,467,355,571,101,593,Curva 6.,36,38
184,46,148,309,0,102,-232,909,0,361,0,174,-33,716,1,000,1,000,0,000,0,191,-0,139,33,717,27,306,2,558,5,337,179,079,359,446,356,121,102,210,Curva 6.,36,40
184,48,148,312,0,105,-233,586,-0,122,0,162,-33,823,1,000,1,000,0,000,0,353,-0,159,33,822,24,151,1,028,5,226,179,629,359,416,355,956,102,827,Curva 6.,36,42
184,50,148,314,0,108,-234,264,-0,423,0,152,-33,900,1,000,1,000,0,000,0,312,-0,182,33,901,15,013,0,754,3,870,180,215,359,392,355,075,103,446,Curva 6.,36,44
184,52,148,302,0,109,-234,943,-0,758,0,013,-33,934,1,000,1,000,0,000,0,310,-0,281,33,940,17,250,-5,597,1,894,180,796,359,464,355,454,104,059,Curva 6.,36,46
184,54,148,280,0,107,-235,621,-1,078,-0,129,-33,960,1,000,1,000,0,000,0,327,-0,330,33,974,16,395,-6,032,1,605,181,306,359,625,356,145,104,670,Curva 6.,36,48
184,56,148,264,0,105,-236,300,-1,208,-0,206,-33,998,1,000,1,000,0,000,0,174,-0,299,34,018,6,725,-3,329,2,083,181,782,359,822,355,553,105,284,Curva 6.,36,50
184,58,148,240,0,101,-236,979,-1,381,-0,276,-34,006,1,000,1,000,0,000,0,073,-0,241,34,034,8,846,-2,820,0,748,182,234,0,050,355,594,105,896,Curva 6.,36,52
184,60,148,202,0,097,-237,658,-1,713,-0,258,-33,986,1,000,1,000,0,000,0,148,-0,140,34,030,16,565,1,784,-0,223,182,649,0,186,356,805,106,503,Curva 6.,36,54
184,62,148,165,0,092,-238,338,-2,002,-0,230,-33,998,0,971,1,000,0,000,0,141,-0,106,34,057,14,324,2,211,1,349,183,144,0,195,356,934,107,112,Curva 6.,36,56
184,64,148,128,0,088,-239,019,-2,297,-0,181,-33,967,0,971,1,000,0,000,0,021,-0,099,34,045,14,619,3,344,-0,522,183,844,0,136,356,543,107,722,Curva 6.,36,58
184,66,148,073,0,083,-239,697,-2,749,-0,217,-33,881,0,874,1,000,0,000,0,016,-0,185,33,992,22,952,-0,823,-2,504,184,626,0,052,357,555,108,325,Curva 6.,36,60
184,68,148,010,0,077,-240,374,-3,239,-0,247,-33,815,0,874,1,000,0,000,0,072,-0,254,33,970,24,731,-0,825,-0,982,185,362,359,985,358,351,108,923,Curva 6.,36,62
184,70,147,948,0,073,-241,051,-3,582,-0,223,-33,783,0,874,1,000,0,000,0,028,-0,221,33,972,17,161,1,891,0,211,186,021,0,003,357,676,109,523,Curva 6.,36,64
184,72,147,871,0,068,-241,725,-3,974,-0,274,-33,729,0,874,1,000,0,000,0,088,-0,207,33,963,19,847,-1,853,-0,427,186,583,0,108,358,103,110,116,Curva 6.,36,66
184,74,147,777,0,062,-242,398,-4,443,-0,315,-33,691,0,710,1,000,0,000,0,286,-0,211,33,983,23,520,-1,871,1,005,187,033,0,171,359,536,110,702,Curva 6.,36,68
184,76,147,692,0,056,-243,073,-4,644,-0,338,-33,740,0,710,1,000,0,000,0,171,-0,190,34,058,9,634,-1,003,3,711,187,554,0,244,359,024,111,295,Curva 6.,36,70
184,78,147,601,0,050,-243,749,-4,833,-0,357,-33,755,0,564,1,000,0,000,-0,015,-0,157,34,101,9,281,-0,745,2,107,188,179,0,337,358,986,111,887,Curva 6.,36,72
184,80,147,489,0,043,-244,422,-5,237,-0,346,-33,711,0,564,1,000,0,000,0,051,-0,181,34,116,20,288,0,281,0,891,188,740,0,279,0,777,112,470,Curva 6.,36,74
184,82,147,385,0,035,-245,099,-5,526,-0,303,-33,727,0,584,1,000,0,000,0,034,-0,239,34,177,14,184,2,018,3,122,189,245,0,109,0,503,113,060,Curva 6.,36,76
184,84,147,283,0,030,-245,777,-5,714,-0,144,-33,724,0,584,1,000,0,000,-0,091,-0,230,34,204,9,174,8,095,1,469,189,775,359,858,359,197,113,653,Curva 6.,36,78
184,86,147,152,0,024,-246,451,-6,186,-0,142,-33,641,0,584,1,000,0,000,0,116,-0,412,34,203,23,966,-0,326,0,118,190,214,359,552,0,948,114,233,Curva 6.,36,80
184,88,147,022,0,020,-247,124,-6,532,-0,115,-33,612,0,671,1,000,0,000,0,214,-0,510,34,236,17,265,0,943,1,732,190,619,359,347,1,368,114,814,Curva 6.,36,82
184,90,146,910,0,022,-247,802,-6,526,0,122,-33,659,0,923,1,000,0,000,-0,037,-0,316,34,284,-0,958,11,796,2,417,191,044,359,269,358,907,115,406,Curva 6.,36,84
184,92,146,768,0,025,-248,473,-6,880,0,071,-33,657,1,000,1,000,0,000,0,112,-0,259,34,352,17,390,-2,600,3,357,191,366,359,449,0,094,115,984,Curva 6.,36,86
184,94,146,613,0,029,-249,142,-7,316,0,104,-33,625,1,000,1,000,0,000,0,395,-0,122,34,409,21,715,0,971,2,841,191,613,359,644,1,775,116,556,Curva 6.,36,88
184,96,146,483,0,033,-249,819,-7,283,0,182,-33,690,1,000,1,000,0,000,0,127,-0,015,34,469,-2,310,3,873,2,878,191,988,359,671,359,790,117,145,Curva 6.,36,90
184,98,146,343,0,035,-250,494,-7,421,0,074,-33,681,1,000,1,000,0,000,-0,029,-0,106,34,489,6,884,-5,322,1,018,192,476,359,701,359,207,117,730,Curva 6.,36,92
185,00,146,174,0,035,-251,164,-7,898,0,005,-33,580,1,000,1,000,0,000,0,186,-0,192,34,495,24,273,-4,070,0,369,192,918,359,681,1,470,118,301,Curva 6.,36,94
185,02,146,021,0,033,-251,835,-8,001,-0,049,-33,491,1,000,1,000,0,000,0,005,-0,288,34,432,5,986,-2,796,-3,130,193,418,359,603,1,032,118,881,Curva 6.,36,96
185,04,145,877,0,033,-252,510,-8,071,0,027,-33,463,1,000,1,000,0,000,-0,224,-0,270,34,420,3,673,3,893,-0,519,193,942,359,512,358,857,119,467,Curva 6.,36,98
185,06,145,699,0,031,-253,173,-8,573,-0,140,-33,300,1,000,1,000,0,000,0,004,-0,380,34,384,26,228,-8,677,-1,656,194,421,359,600,0,705,120,033,Curva 6.,37,00
185,08,145,518,0,028,-253,835,-8,939,-0,190,-33,159,1,000,1,000,0,000,0,117,-0,348,34,341,19,453,-3,075,-2,139,194,876,359,742,1,719,120,597,Curva 6.,37,02
185,10,145,356,0,028,-254,503,-9,046,-0,013,-33,127,1,000,1,000,0,000,-0,078,-0,166,34,339,5,439,8,897,-0,098,195,408,359,747,359,257,121,175,Curva 6.,37,04
185,12,145,170,0,027,-255,163,-9,422,-0,030,-33,008,1,000,1,000,0,000,-0,039,-0,168,34,326,19,724,-0,717,-0,519,195,998,359,768,359,745,121,739,Curva 6.,37,06
185,14,144,960,0,028,-255,817,-10,027,0,056,-32,819,1,000,1,000,0,000,0,241,-0,124,34,315,31,842,3,122,-0,434,196,580,359,714,2,096,122,291,Curva 6.,37,08
185,16,144,769,0,030,-256,479,-10,217,0,182,-32,815,1,000,1,000,0,000,0,064,-0,119,34,369,9,172,6,139,2,680,197,184,359,500,0,702,122,857,Curva 6.,37,10
185,18,144,576,0,033,-257,140,-10,407,0,205,-32,801,1,000,1,000,0,000,-0,129,-0,167,34,412,9,266,1,314,2,260,197,822,359,385,358,967,123,424,Curva 6.,37,12
185,20,144,349,0,035,-257,791,-11,038,0,126,-32,603,1,000,1,000,0,000,0,207,-0,272,34,420,32,977,-4,394,0,502,198,352,359,343,0,718,123,971,Curva 6.,37,14
185,22,144,122,0,035,-258,440,-11,263,-0,010,-32,530,1,000,1,000,0,000,0,219,-0,379,34,422,11,681,-7,070,0,083,198,718,359,396,1,462,124,519,Curva 6.,37,16
185,24,143,913,0,036,-259,098,-11,272,0,059,-32,603,1,000,1,000,0,000,-0,006,-0,338,34,495,-0,819,3,374,3,643,199,088,359,341,359,307,125,081,Curva 6.,37,18
185,26,143,686,0,035,-259,747,-11,467,-0,087,-32,435,1,000,1,000,0,000,0,040,-0,426,34,399,12,061,-7,065,-4,786,199,413,359,433,359,268,125,631,Curva 6.,37,20
185,28,143,441,0,034,-260,391,-11,708,-0,109,-32,406,1,000,1,000,0,000,0,221,-0,407,34,453,11,823,-1,406,2,660,199,481,359,512,1,308,126,171,Curva 6.,37,22
185,30,143,210,0,031,-261,039,-11,742,-0,172,-32,345,1,000,1,000,0,000,0,143,-0,402,34,409,2,589,-3,161,-2,299,199,703,359,621,0,946,126,721,Curva 6.,37,24
185,32,142,993,0,030,-261,691,-11,694,-0,057,-32,349,1,000,1,000,0,000,-0,051,-0,267,34,397,-2,488,5,649,-0,604,199,969,359,653,358,581,127,281,Curva 6.,37,26
185,34,142,743,0,028,-262,332,-12,046,-0,144,-32,208,1,000,1,000,0,000,0,130,-0,298,34,386,18,960,-4,500,-0,552,200,287,359,746,0,460,127,821,Curva 6.,37,28
185,36,142,492,0,027,-262,971,-12,358,-0,105,-32,069,1,000,1,000,0,000,0,183,-0,235,34,367,17,088,1,424,-0,959,200,757,359,793,1,872,128,361,Curva 6.,37,30
185,38,142,263,0,027,-263,620,-12,438,0,050,-32,057,1,000,1,000,0,000,-0,124,-0,111,34,385,3,861,7,773,0,951,201,416,359,734,359,369,128,919,Curva 6.,37,32
185,40,142,012,0,027,-264,261,-12,781,0,041,-31,942,1,000,1,000,0,000,-0,166,-0,139,34,404,18,027,-0,290,1,110,202,086,359,701,359,556,129,463,Curva 6.,37,34
185,42,141,733,0,029,-264,890,-13,415,0,103,-31,667,1,000,1,000,0,000,0,150,-0,121,34,391,34,688,1,796,-0,445,202,703,359,635,2,162,2,596,Curva 7.,37,36
185,44,141,471,0,031,-265,529,-13,640,0,198,-31,638,1,000,1,000,0,000,0,007,-0,153,34,453,10,973,4,492,3,164,203,306,359,417,1,067,2,608,Curva 7.,37,38
185,46,141,212,0,035,-266,169,-13,809,0,216,-31,604,1,000,1,000,0,000,-0,187,-0,192,34,488,8,384,1,057,1,871,203,920,359,329,358,880,2,797,Curva 7.,37,40
185,48,140,919,0,036,-266,794,-14,416,0,099,-31,310,1,000,1,000,0,000,0,180,-0,308,34,468,33,683,-6,029,-0,864,204,422,359,325,0,299,3,109,Curva 7.,37,42
185,50,140,623,0,035,-267,417,-14,665,-0,125,-31,291,1,000,1,000,0,000,0,283,-0,445,34,553,11,498,-11,436,4,210,204,627,359,479,1,088,3,530,Curva 7.,37,44
185,52,140,342,0,034,-268,047,-14,633,-0,131,-31,281,1,000,1,000,0,000,0,096,-0,377,34,532,-1,209,-0,314,-1,143,204,916,359,590,359,536,4,034,Curva 7.,37,46
185,54,140,051,0,031,-268,672,-14,723,-0,224,-31,195,1,000,1,000,0,000,0,051,-0,371,34,493,5,907,-4,601,-1,993,205,186,359,755,359,482,4,581,Curva 7.,37,48
185,56,139,741,0,028,-269,290,-15,048,-0,146,-31,124,1,000,1,000,0,000,0,221,-0,286,34,569,16,280,3,518,3,775,205,426,359,777,1,289,5,158,Curva 7.,37,50
185,58,139,448,0,026,-269,915,-15,093,-0,104,-31,051,1,000,1,000,0,000,0,061,-0,240,34,524,3,642,2,105,-2,263,205,819,359,774,0,249,5,764,Curva 7.,37,52
185,60,139,151,0,026,-270,540,-15,315,0,030,-30,981,1,000,1,000,0,000,-0,081,-0,152,34,560,11,443,6,771,1,854,206,442,359,700,359,487,6,387,Curva 7.,37,54
185,62,138,830,0,027,-271,152,-15,827,0,095,-30,730,1,000,1,000,0,000,0,080,-0,136,34,566,28,573,2,634,0,504,207,114,359,621,1,244,7,016,Curva 7.,37,56
185,64,138,511,0,028,-271,768,-16,235,0,080,-30,590,1,000,1,000,0,000,0,140,-0,181,34,631,21,287,-1,123,3,299,207,719,359,572,1,006,7,657,Curva 7.,37,58
185,66,138,195,0,031,-272,385,-16,461,0,163,-30,500,1,000,1,000,0,000,-0,012,-0,129,34,658,12,034,4,261,1,411,208,377,359,516,359,457,8,307,Curva 7.,37,60
185,68,137,856,0,032,-272,989,-16,895,0,053,-30,239,1,000,1,000,0,000,0,123,-0,207,34,638,25,246,-5,773,-0,920,208,985,359,571,0,607,8,957,Curva 7.,37,62
185,70,137,510,0,032,-273,589,-17,298,-0,038,-30,029,1,000,1,000,0,000,0,267,-0,256,34,653,22,621,-5,066,0,740,209,493,359,649,1,301,9,611,Curva 7.,37,64
185,72,137,176,0,032,-274,197,-17,404,-0,007,-30,000,1,000,1,000,0,000,0,058,-0,219,34,683,5,295,1,589,1,434,210,027,359,649,359,465,10,275,Curva 7.,37,66
185,74,136,825,0,031,-274,794,-17,661,-0,095,-29,832,1,000,1,000,0,000,0,025,-0,280,34,667,15,339,-4,360,-0,739,210,586,359,694,359,859,10,938,Curva 7.,37,68
185,76,136,458,0,029,-275,383,-18,068,-0,073,-29,575,1,000,1,000,0,000,0,180,-0,264,34,656,24,091,0,430,-0,481,211,113,359,693,1,586,11,600,Curva 7.,37,70
185,78,136,106,0,028,-275,981,-18,228,-0,057,-29,529,1,000,1,000,0,000,0,013,-0,260,34,701,7,977,0,761,2,251,211,665,359,666,0,052,12,271,Curva 7.,37,72
185,80,135,745,0,028,-276,574,-18,455,0,000,-29,407,1,000,1,000,0,000,-0,083,-0,221,34,717,12,852,2,987,0,896,212,252,359,637,359,363,12,942,Curva 7.,37,74
185,82,135,358,0,028,-277,151,-18,960,0,033,-29,060,1,000,1,000,0,000,0,179,-0,201,34,697,30,672,0,879,-0,865,212,818,359,621,1,519,13,608,Curva 7.,37,76
185,84,134,984,0,028,-277,736,-19,156,-0,017,-29,002,1,000,1,000,0,000,0,108,-0,237,34,756,9,782,-2,603,2,928,213,266,359,639,0,470,14,281,Curva 7.,37,78
185,86,134,608,0,029,-278,322,-19,325,0,066,-28,909,1,000,1,000,0,000,-0,024,-0,163,34,773,9,496,4,248,0,874,213,805,359,623,359,210,14,957,Curva 7.,37,80
185,88,134,203,0,032,-278,888,-19,735,0,176,-28,588,1,000,1,000,0,000,0,166,-0,146,34,738,26,153,4,726,-1,638,214,337,359,478,1,770,15,626,Curva 7.,37,82
185,90,133,794,0,037,-279,454,-20,009,0,496,-28,412,1,000,1,000,0,000,0,168,-0,182,34,754,17,283,14,905,0,928,214,858,358,900,3,728,16,300,Curva 7.,37,84
185,92,133,403,0,052,-280,032,-20,083,0,937,-28,333,1,000,1,000,0,000,-0,195,0,013,34,741,6,262,21,825,-0,454,215,653,358,461,2,451,16,978,Curva 7.,37,86
185,94,133,004,0,063,-280,598,-20,516,0,612,-27,909,1,000,1,000,0,000,-0,205,-0,348,34,642,29,552,-16,976,-4,543,216,643,358,404,1,578,17,651,Curva 7.,37,88
185,96,132,585,0,075,-281,146,-21,026,0,451,-27,413,1,000,0,833,0,000,0,144,-0,362,34,549,34,964,-9,273,-4,526,217,225,358,661,2,211,18,316,Curva 7.,37,90
185,98,132,158,0,087,-281,684,-21,225,0,332,-27,259,1,000,0,833,0,000,0,194,-0,143,34,549,12,157,-6,786,-0,123,217,569,359,234,3,728,18,978,Curva 7.,37,92
186,00,131,735,0,099,-282,228,-21,271,0,342,-27,369,1,000,0,833,0,000,-0,011,0,242,34,664,-1,483,0,588,5,767,217,902,359,833,4,068,19,645,Curva 7.,37,94
186,02,131,316,0,102,-282,783,-21,413,0,084,-27,520,1,000,0,700,0,000,-0,222,0,157,34,868,0,193,-12,913,10,329,218,263,0,101,3,024,20,322,Curva 7.,37,96
186,04,130,891,0,094,-283,333,-21,578,-0,419,-27,260,1,000,0,700,0,000,-0,240,-0,315,34,767,13,504,-25,736,-4,899,218,737,0,154,2,485,21,000,Curva 7.,37,98
186,06,130,459,0,080,-283,878,-21,682,-0,580,-27,056,1,000,0,624,0,000,-0,394,-0,675,34,668,10,085,-8,529,-4,603,219,308,359,815,2,583,21,678,Curva 7.,38,00
186,08,130,035,0,060,-284,427,-21,741,-0,890,-26,947,1,000,0,624,0,000,-0,647,-1,123,34,611,5,411,-15,570,-2,416,219,928,359,593,1,167,22,358,Curva 7.,38,02
186,10,129,611,0,035,-284,971,-21,797,-1,202,-26,583,1,000,0,560,0,000,-0,744,-1,531,34,356,14,152,-15,341,-12,139,220,618,359,464,359,379,23,034,Curva 7.,38,04
186,12,129,176,0,012,-285,499,-21,945,-1,182,-26,301,1,000,0,497,0,000,-0,752,-1,427,34,236,14,840,1,218,-5,760,221,126,359,604,359,341,23,702,Curva 7.,38,06
186,14,128,715,0,019,-286,002,-22,110,-0,008,-26,269,1,000,0,390,0,000,-0,808,0,229,34,325,11,682,57,976,3,966,221,460,0,291,4,358,24,358,Curva 7.,38,08
186,16,128,280,0,033,-286,526,-22,319,0,617,-25,858,1,000,0,390,0,000,-0,595,0,998,34,144,23,117,30,002,-8,609,221,883,0,586,2,993,25,022,Curva 7.,38,10
186,18,127,852,0,046,-287,061,-22,664,0,814,-25,449,1,000,0,194,0,000,-0,462,0,898,34,073,26,162,10,765,-3,485,222,410,0,167,357,980,25,693,Curva 7.,38,12
186,20,127,385,0,058,-287,557,-23,482,0,786,-24,435,1,000,0,194,0,000,0,375,0,654,33,890,64,539,0,884,-8,996,223,189,359,754,357,989,26,348,Curva 7.,38,14
186,22,126,912,0,066,-288,041,-23,376,0,619,-24,277,1,000,0,194,0,000,-0,059,0,218,33,707,1,672,-8,192,-9,458,224,016,359,318,359,942,26,998,Curva 7.,38,16
186,24,126,437,0,064,-288,519,-23,427,0,121,-23,999,1,000,0,083,0,000,-0,350,-0,579,33,532,10,773,-25,135,-8,573,224,873,358,784,1,952,27,647,Curva 7.,38,18
186,26,125,970,0,060,-289,001,-23,406,-0,077,-23,892,1,000,0,083,0,000,-0,793,-0,932,33,424,2,694,-9,907,-4,759,225,702,358,479,2,424,28,295,Curva 7.,38,20
186,28,125,516,0,057,-289,487,-23,301,-0,190,-23,717,1,000,0,008,0,000,-1,138,-1,004,33,214,2,592,-5,451,-9,995,226,426,358,566,0,890,28,941,Curva 7.,38,22
186,30,125,055,0,051,-289,957,-23,430,-0,432,-23,283,1,000,0,000,0,000,-0,855,-1,068,33,006,20,248,-11,816,-10,420,226,669,358,901,359,794,29,579,Curva 7.,38,24
186,32,124,584,0,042,-290,411,-23,567,-0,683,-22,906,1,000,0,000,0,000,-0,359,-1,000,32,855,18,427,-12,438,-8,137,226,442,359,446,359,968,30,209,Curva 7.,38,26
186,34,124,115,0,032,-290,857,-23,422,-0,802,-22,645,1,000,0,000,0,000,-0,114,-0,734,32,581,4,317,-6,024,-14,260,226,157,0,119,0,360,30,832,Curva 7.,38,28
186,36,123,654,0,024,-291,305,-23,182,-0,547,-22,456,1,000,0,000,0,000,0,006,-0,270,32,278,-1,583,12,631,-15,314,225,900,0,491,359,891,31,453,Curva 7.,38,30
186,38,123,198,0,022,-291,745,-22,795,-0,165,-22,015,1,000,0,000,0,000,0,126,0,159,31,690,2,249,18,794,-29,443,225,768,0,586,359,830,32,065,Curva 7.,38,32
186,40,122,739,0,025,-292,166,-22,691,0,198,-21,259,1,000,0,000,0,000,0,448,0,435,31,088,24,014,17,414,-30,109,226,058,0,454,1,182,32,664,Curva 7.,38,34
186,42,122,290,0,030,-292,587,-22,758,0,414,-20,624,1,000,0,000,0,000,0,425,0,496,30,709,25,687,10,311,-19,226,227,039,0,166,0,935,33,258,Curva 7.,38,36
186,44,121,847,0,038,-293,006,-22,699,0,511,-20,217,1,000,0,000,0,000,0,044,0,450,30,398,13,159,4,985,-15,759,228,221,359,885,359,598,33,848,Curva 7.,38,38
186,46,121,393,0,044,-293,404,-22,791,0,355,-19,727,1,000,0,000,0,000,-0,074,0,207,30,144,21,474,-7,943,-12,517,229,265,359,719,0,530,34,427,Curva 7.,38,40
186,48,120,939,0,046,-293,793,-22,852,0,125,-19,256,1,000,0,000,0,000,-0,163,-0,030,29,883,19,866,-11,790,-12,799,230,193,359,698,1,016,34,999,Curva 7.,38,42
186,50,120,490,0,047,-294,182,-22,841,0,038,-18,976,1,000,0,000,0,000,-0,373,-0,134,29,693,10,516,-4,287,-9,256,231,000,359,666,0,121,35,570,Curva 7.,38,44
186,52,120,038,0,044,-294,560,-22,842,-0,148,-18,631,1,000,0,000,0,000,-0,445,-0,269,29,472,13,591,-9,274,-10,705,231,665,359,767,359,966,36,133,Curva 7.,38,46
186,54,119,581,0,041,-294,924,-22,883,-0,240,-18,247,1,000,0,000,0,000,-0,407,-0,289,29,264,16,352,-4,735,-10,146,232,220,359,894,0,670,36,689,Curva 7.,38,48
186,56,119,128,0,037,-295,287,-22,848,-0,231,-17,915,1,000,0,000,0,000,-0,400,-0,231,29,031,12,159,0,357,-11,471,232,686,359,994,0,426,37,243,Curva 7.,38,50
186,58,118,675,0,035,-295,641,-22,842,-0,118,-17,490,1,000,0,000,0,000,-0,310,-0,100,28,768,16,824,5,608,-12,956,233,176,0,033,0,110,37,790,Curva 7.,38,52
186,60,118,218,0,035,-295,981,-22,884,-0,008,-16,942,1,000,0,000,0,000,-0,118,0,010,28,473,23,391,5,205,-14,532,233,723,0,033,0,724,38,328,Curva 7.,38,54
186,62,117,763,0,036,-296,312,-22,907,0,085,-16,366,1,000,0,000,0,000,0,032,0,093,28,152,24,160,4,280,-15,865,234,394,0,016,0,868,38,860,Curva 7.,38,56
186,64,117,312,0,040,-296,639,-22,869,0,168,-15,870,1,000,0,000,0,000,0,046,0,163,27,836,19,286,4,088,-15,708,235,149,359,988,0,179,39,385,Curva 7.,38,58
186,66,116,858,0,042,-296,951,-22,855,0,155,-15,374,1,000,0,000,0,000,0,084,0,140,27,544,20,109,-0,778,-14,491,235,899,359,971,0,310,39,902,Curva 7.,38,60
186,68,116,403,0,044,-297,252,-22,847,0,092,-14,915,1,000,0,000,0,000,0,101,0,070,27,284,18,940,-3,382,-12,967,236,652,359,957,0,699,40,411,Curva 7.,38,62
186,70,115,952,0,045,-297,552,-22,790,0,031,-14,574,1,000,0,000,0,000,0,000,0,003,27,052,12,792,-3,074,-11,562,237,400,359,941,0,217,40,918,Curva 7.,38,64
186,72,115,502,0,044,-297,843,-22,717,-0,026,-14,247,1,000,0,000,0,000,-0,098,-0,054,26,815,11,958,-2,814,-11,737,238,115,359,938,0,009,41,418,Curva 7.,38,66
186,74,115,050,0,043,-298,123,-22,684,-0,071,-13,882,1,000,0,000,0,000,-0,123,-0,097,26,594,14,741,-2,414,-10,876,238,798,359,943,0,533,41,911,Curva 7.,38,68
186,76,114,600,0,041,-298,399,-22,647,-0,080,-13,530,1,000,0,000,0,000,-0,157,-0,102,26,380,14,229,-0,564,-10,544,239,484,359,950,0,533,42,401,Curva 7.,38,70
186,78,114,153,0,041,-298,670,-22,584,-0,033,-13,170,1,000,0,000,0,000,-0,193,-0,053,26,143,14,043,2,354,-11,660,240,174,359,956,0,116,42,886,Curva 7.,38,72
186,80,113,704,0,041,-298,928,-22,535,-0,001,-12,734,1,000,0,000,0,000,-0,143,-0,011,25,883,17,877,1,443,-12,788,240,847,359,976,0,407,43,362,Curva 7.,38,74
186,82,113,257,0,042,-299,178,-22,495,0,073,-12,261,1,000,0,000,0,000,-0,058,0,048,25,620,19,866,3,538,-12,989,241,539,359,945,0,505,43,833,Curva 7.,38,76
186,84,112,813,0,045,-299,426,-22,434,0,230,-11,821,1,000,0,000,0,000,-0,030,0,128,25,359,18,006,8,050,-12,917,242,281,359,771,359,597,44,300,Curva 7.,38,78
186,86,112,367,0,049,-299,660,-22,388,0,334,-11,318,1,000,0,080,0,000,0,031,0,114,25,088,21,311,5,544,-13,386,243,107,359,498,359,376,44,759,Curva 7.,38,80
186,88,111,920,0,054,-299,882,-22,393,0,371,-10,776,1,000,0,080,0,000,0,101,0,031,24,854,24,488,2,090,-11,574,244,070,359,215,359,803,45,209,Curva 7.,38,82
186,90,111,474,0,060,-300,100,-22,381,0,495,-10,364,1,000,0,154,0,000,0,018,-0,029,24,669,18,370,6,561,-9,097,245,111,358,782,359,549,45,656,Curva 7.,38,84
186,92,111,028,0,066,-300,304,-22,324,0,339,-10,014,1,000,0,229,0,000,-0,128,-0,257,24,467,14,798,-7,681,-9,894,246,135,358,602,0,360,46,095,Curva 7.,38,86
186,94,110,587,0,071,-300,505,-22,209,0,234,-9,770,1,000,0,400,0,000,-0,302,-0,309,24,261,8,970,-5,086,-10,149,246,964,358,712,0,450,46,528,Curva 7.,38,88
186,96,110,152,0,078,-300,703,-22,092,0,135,-9,500,1,000,0,400,0,000,-0,338,-0,232,24,045,10,235,-4,686,-10,631,247,541,359,131,359,584,46,957,Curva 7.,38,90
186,98,109,719,0,082,-300,893,-22,023,-0,044,-9,179,1,000,0,400,0,000,-0,157,-0,151,23,859,13,758,-8,619,-9,317,247,759,359,753,358,617,47,379,Curva 7.,38,92
187,00,109,282,0,084,-301,068,-21,975,-0,154,-8,900,1,000,0,655,0,000,0,104,-0,032,23,709,12,102,-5,272,-7,512,247,700,0,289,358,788,47,794,Curva 7.,38,94
187,02,108,840,0,084,-301,234,-21,923,-0,066,-8,831,1,000,0,655,0,000,0,182,0,129,23,634,2,273,4,358,-3,735,247,620,0,476,0,394,48,205,Curva 7.,38,96
187,04,108,396,0,079,-301,390,-21,862,-0,245,-8,578,1,000,0,655,0,000,0,271,-0,108,23,484,9,976,-9,612,-7,551,247,899,0,373,3,507,48,612,Curva 7.,38,98
187,06,107,957,0,077,-301,554,-21,913,-0,098,-8,267,1,000,0,655,0,000,0,343,0,005,23,418,15,930,6,106,-3,339,248,494,0,317,4,499,49,022,Curva 7.,39,00
187,08,107,527,0,081,-301,744,-21,879,0,413,-8,242,1,000,0,737,0,000,0,117,0,414,23,380,1,106,25,518,-2,035,249,092,0,008,1,146,49,447,Curva 7.,39,02
187,10,107,089,0,075,-301,908,-21,897,-0,138,-7,808,1,000,0,737,0,000,0,274,-0,302,23,244,20,205,-27,814,-6,887,249,689,359,607,0,891,49,858,Curva 7.,39,04
187,12,106,647,0,064,-302,056,-22,039,-0,406,-7,306,1,000,0,824,0,000,0,516,-0,719,23,205,25,676,-14,076,-1,936,250,339,359,261,1,573,50,262,Curva 7.,39,06
187,14,106,210,0,057,-302,209,-21,986,-0,362,-7,280,1,000,1,000,0,000,0,271,-0,667,23,152,0,410,2,198,-2,905,250,976,359,261,1,208,50,668,Curva 7.,39,08
187,16,105,775,0,054,-302,358,-21,972,-0,283,-7,201,1,000,1,000,0,000,0,124,-0,437,23,119,3,580,3,930,-1,905,251,529,359,624,1,020,51,069,Curva 7.,39,10
187,18,105,337,0,056,-302,497,-22,064,-0,139,-6,975,1,000,1,000,0,000,0,251,-0,081,23,139,12,343,6,894,0,850,251,832,0,158,1,298,51,466,Curva 7.,39,12
187,20,104,896,0,061,-302,635,-22,216,0,084,-6,802,1,000,1,000,0,000,0,402,0,307,23,228,10,769,11,031,4,414,252,001,0,566,1,024,51,866,Curva 7.,39,14
187,22,104,450,0,069,-302,769,-22,389,0,265,-6,641,1,000,1,000,0,000,0,493,0,570,23,342,10,480,8,881,5,693,252,297,0,772,1,132,52,266,Curva 7.,39,16
187,24,104,000,0,070,-302,904,-22,567,0,149,-6,408,1,000,1,000,0,000,0,552,0,382,23,450,13,645,-5,925,5,115,252,811,0,589,0,798,52,672,Curva 7.,39,18
187,26,103,550,0,065,-303,038,-22,535,-0,063,-6,169,1,000,1,000,0,000,0,467,0,021,23,359,10,990,-10,643,-4,894,253,546,0,211,0,254,53,078,Curva 7.,39,20
187,28,103,100,0,054,-303,168,-22,503,-0,359,-6,006,1,000,1,000,0,000,0,258,-0,454,23,288,7,430,-14,761,-3,760,254,424,359,763,359,856,53,482,Curva 7.,39,22
187,30,102,684,0,039,-303,250,-21,114,-0,786,-2,737,1,000,1,000,0,000,2,021,-0,836,21,192,144,222,-19,546,-104,052,257,192,359,809,359,412,53,829,Curva 7.,39,24
187,32,102,264,0,029,-303,320,-21,150,-0,489,-2,705,1,000,1,000,0,000,1,030,-0,568,21,296,2,027,14,843,1,563,259,928,359,816,0,588,54,171,Curva 7.,39,26
187,34,101,841,0,026,-303,394,-21,340,-0,157,-2,693,1,000,1,000,0,000,0,176,-0,245,21,508,2,018,16,531,9,421,262,332,359,771,0,575,54,521,Curva 7.,39,28
187,36,101,410,0,029,-303,465,-21,618,0,198,-2,441,1,000,1,000,0,000,-0,351,0,083,21,753,13,899,17,675,12,681,264,482,359,696,0,047,54,873,Curva 7.,39,30
187,38,100,975,0,036,-303,513,-21,817,0,385,-1,808,1,000,1,000,0,000,-0,506,0,265,21,887,32,357,8,701,8,099,266,599,359,659,1,089,55,213,Curva 7.,39,32
187,40,100,536,0,044,-303,554,-21,993,0,401,-1,202,1,000,1,000,0,000,-0,692,0,280,22,017,30,499,0,107,8,146,268,687,359,651,1,143,55,553,Curva 7.,39,34
187,42,100,093,0,052,-303,592,-22,136,0,426,-0,780,1,000,1,000,0,000,-1,041,0,270,22,128,21,019,1,057,7,414,270,679,359,579,0,376,55,895,Curva 7.,39,36
187,44,99,649,0,057,-303,618,-22,189,0,203,-0,457,1,000,1,000,0,000,-1,450,0,064,22,147,15,974,-11,269,3,294,272,568,359,615,0,388,56,230,Curva 7.,39,38
187,46,99,212,0,054,-303,605,-21,813,-0,095,0,777,1,000,1,000,0,000,-0,330,-0,270,21,823,62,510,-15,062,-15,790,272,903,359,537,0,255,56,536,Curva 7.,39,40
187,48,98,776,0,047,-303,589,-21,818,-0,328,0,801,1,000,1,000,0,000,-0,426,-0,511,21,825,1,034,-11,660,0,204,273,204,359,507,0,689,56,841,Curva 7.,39,42
187,50,98,338,0,037,-303,574,-21,836,-0,446,0,811,1,000,1,000,0,000,-0,528,-0,686,21,839,0,334,-5,889,0,895,273,482,359,349,0,900,57,149,Curva 7.,39,44
187,52,97,900,0,035,-303,566,-21,915,-0,139,0,895,1,000,1,000,0,000,-0,535,-0,362,21,924,3,850,15,327,4,365,273,744,359,426,359,635,57,465,Curva 7.,39,46
187,54,97,459,0,035,-303,546,-22,095,-0,063,1,125,1,000,1,000,0,000,-0,472,-0,198,22,118,10,813,3,738,9,821,274,138,359,653,359,892,57,774,Curva 7.,39,48
187,56,97,011,0,038,-303,513,-22,448,0,070,1,455,0,893,1,000,0,000,-0,317,-0,017,22,493,15,183,6,318,18,892,274,515,359,762,1,055,58,083,Curva 7.,39,50
187,58,96,558,0,041,-303,490,-22,645,0,130,1,605,0,787,1,000,0,000,-0,348,0,056,22,699,6,631,2,938,10,491,274,934,359,811,0,118,58,404,Curva 7.,39,52
187,60,96,101,0,044,-303,459,-22,783,0,154,1,874,0,458,1,000,0,000,-0,332,0,075,22,858,12,683,1,199,8,183,275,532,359,803,359,870,58,724,Curva 7.,39,54
187,62,95,644,0,046,-303,415,-22,871,0,107,2,237,0,458,1,000,0,000,-0,270,0,019,22,979,17,568,-2,602,6,343,276,261,359,769,0,802,59,037,Curva 7.,39,56
187,64,95,182,0,046,-303,377,-23,000,0,024,2,372,0,458,1,000,0,000,-0,419,-0,083,23,118,5,916,-4,238,7,175,276,926,359,734,0,151,59,360,Curva 7.,39,58
187,66,94,719,0,045,-303,334,-23,098,-0,021,2,575,0,458,1,000,0,000,-0,516,-0,141,23,235,9,402,-2,232,6,186,277,634,359,707,359,852,59,682,Curva 7.,39,60
187,68,94,255,0,044,-303,279,-23,175,-0,070,2,849,0,293,1,000,0,000,-0,569,-0,184,23,342,12,970,-2,607,5,823,278,402,359,706,0,553,59,999,Curva 7.,39,62
187,70,93,788,0,042,-303,226,-23,298,-0,095,3,008,0,293,1,000,0,000,-0,708,-0,207,23,480,6,850,-1,343,7,305,279,080,359,718,0,296,60,322,Curva 7.,39,64
187,72,93,319,0,041,-303,170,-23,417,-0,052,3,200,0,293,1,000,0,000,-0,785,-0,172,23,621,8,476,2,134,7,504,279,687,359,713,359,873,60,647,Curva 7.,39,66
187,74,92,848,0,040,-303,102,-23,531,-0,029,3,487,0,293,1,000,0,000,-0,776,-0,144,23,775,13,077,1,020,8,183,280,295,359,709,0,421,60,967,Curva 7.,39,68
187,76,92,374,0,040,-303,030,-23,645,-0,006,3,786,0,000,1,000,0,000,-0,751,-0,122,23,934,13,647,0,973,8,433,280,892,359,702,0,639,61,289,Curva 7.,39,70
187,78,91,897,0,041,-302,957,-23,774,0,045,4,049,0,000,1,000,0,000,-0,743,-0,092,24,105,11,597,2,474,8,949,281,430,359,672,0,079,61,615,Curva 7.,39,72
187,80,91,418,0,041,-302,875,-23,902,0,046,4,332,0,000,1,000,0,000,-0,705,-0,099,24,281,12,528,-0,047,9,181,281,935,359,656,0,121,61,938,Curva 7.,39,74
187,82,90,937,0,042,-302,784,-24,017,0,024,4,607,0,000,1,000,0,000,-0,650,-0,117,24,446,12,174,-1,224,8,554,282,378,359,657,0,490,62,260,Curva 7.,39,76
187,84,90,453,0,042,-302,693,-24,158,0,003,4,796,0,000,1,000,0,000,-0,625,-0,141,24,621,7,701,-1,129,8,914,282,682,359,661,0,143,62,587,Curva 7.,39,78
187,86,89,967,0,042,-302,596,-24,299,-0,014,4,985,0,000,1,000,0,000,-0,561,-0,160,24,798,7,645,-0,921,9,002,282,890,359,665,359,959,62,914,Curva 7.,39,80
187,88,89,478,0,041,-302,491,-24,433,-0,035,5,196,0,000,1,000,0,000,-0,449,-0,175,24,975,8,744,-1,146,8,907,283,034,359,673,0,314,63,240,Curva 7.,39,82
187,90,88,987,0,040,-302,384,-24,577,-0,043,5,374,0,000,1,000,0,000,-0,339,-0,183,25,154,7,013,-0,492,9,001,283,103,359,678,0,279,63,570,Curva 7.,39,84
187,92,88,491,0,040,-302,276,-24,736,-0,026,5,516,0,000,1,000,0,000,-0,244,-0,174,25,342,5,133,0,809,9,372,283,123,359,666,359,929,63,904,Curva 7.,39,86
187,94,87,993,0,039,-302,162,-24,898,-0,019,5,664,0,000,1,000,0,000,-0,141,-0,172,25,533,5,380,0,290,9,574,283,134,359,656,0,063,64,239,Curva 7.,39,88
187,96,87,492,0,039,-302,045,-25,057,-0,009,5,790,0,000,1,000,0,000,-0,056,-0,165,25,717,4,297,0,453,9,193,283,135,359,651,0,240,64,577,Curva 7.,39,90
187,98,86,988,0,039,-301,930,-25,223,0,002,5,851,0,000,1,000,0,000,-0,030,-0,156,25,892,1,083,0,461,8,740,283,127,359,652,359,943,64,922,Curva 7.,39,92
188,00,86,480,0,039,-301,812,-25,385,0,003,5,905,0,000,1,000,0,000,-0,016,-0,152,26,063,0,778,0,042,8,543,283,129,359,659,359,878,65,270,Curva 7.,39,94
188,02,85,970,0,039,-301,691,-25,525,0,003,5,970,0,000,1,000,0,000,0,014,-0,147,26,213,1,587,-0,061,7,524,283,133,359,672,0,148,65,620,Curva 7.,39,96
188,04,85,456,0,039,-301,572,-25,660,-0,003,5,995,0,000,1,000,0,000,0,006,-0,146,26,351,-0,322,-0,342,6,865,283,136,359,689,0,036,65,976,Curva 7.,39,98
188,06,84,941,0,039,-301,454,-25,784,-0,006,6,004,0,000,1,000,0,000,-0,015,-0,144,26,474,-0,938,-0,202,6,161,283,142,359,702,359,837,66,337,Curva 7.,40,00
188,08,84,423,0,039,-301,331,-25,891,-0,010,6,046,-0,448,1,000,0,000,-0,001,-0,144,26,587,0,795,-0,209,5,665,283,145,359,711,0,053,66,700,Curva 7.,40,02
188,10,83,903,0,039,-301,209,-25,994,-0,011,6,080,-0,884,1,000,0,000,0,010,-0,144,26,695,0,488,-0,099,5,374,283,143,359,715,0,129,67,067,Curva 7.,40,04
188,12,83,381,0,039,-301,089,-26,095,-0,009,6,083,-0,884,1,000,0,000,-0,010,-0,143,26,794,-0,990,0,096,4,975,283,144,359,713,359,882,67,439,Curva 7.,40,06
188,14,82,857,0,039,-300,966,-26,189,-0,008,6,111,-0,884,1,000,0,000,-0,004,-0,143,26,892,0,291,0,032,4,917,283,144,359,711,359,950,67,813,Curva 7.,40,08
188,16,82,332,0,039,-300,842,-26,279,-0,004,6,151,-0,884,1,000,0,000,0,016,-0,142,26,988,0,926,0,172,4,796,283,140,359,707,0,143,68,190,Curva 7.,40,10
188,18,81,804,0,039,-300,720,-26,374,-0,002,6,159,-0,884,1,000,0,000,0,003,-0,142,27,084,-0,690,0,050,4,766,283,139,359,705,359,968,68,572,Curva 7.,40,12
188,20,81,275,0,039,-300,597,-26,470,-0,002,6,170,-0,981,1,000,0,000,-0,010,-0,142,27,179,-0,568,0,008,4,787,283,142,359,704,359,877,68,958,Curva 7.,40,14
188,22,80,744,0,039,-300,474,-26,574,-0,001,6,127,-1,000,1,000,0,000,-0,034,-0,142,27,271,-3,268,-0,016,4,579,283,054,359,704,359,892,69,347,Curva 7.,40,16
188,24,80,210,0,039,-300,353,-26,697,-0,001,5,979,-1,000,1,000,0,000,-0,082,-0,142,27,358,-8,552,-0,063,4,352,282,797,359,705,359,695,69,742,Curva 7.,40,18
188,26,79,674,0,039,-300,234,-26,818,0,000,5,815,-1,000,1,000,0,000,-0,084,-0,142,27,441,-9,315,-0,031,4,140,282,411,359,706,359,700,70,140,Curva 7.,40,20
188,28,79,136,0,039,-300,117,-26,939,0,005,5,626,-1,000,1,000,0,000,-0,070,-0,138,27,520,-10,515,0,190,3,954,281,942,359,705,359,789,70,544,Curva 7.,40,22
188,30,78,596,0,039,-300,006,-27,063,0,003,5,385,-1,000,1,000,0,000,-0,084,-0,140,27,593,-13,019,-0,171,3,719,281,430,359,704,359,646,70,955,Curva 7.,40,24
188,32,78,053,0,039,-299,899,-27,190,0,001,5,132,-1,000,1,000,0,000,-0,103,-0,144,27,670,-13,648,-0,241,3,829,280,903,359,702,359,589,71,373,Curva 7.,40,26
188,34,77,508,0,039,-299,796,-27,311,0,004,4,890,-1,000,1,000,0,000,-0,103,-0,143,27,744,-12,993,0,096,3,757,280,364,359,696,359,739,71,796,Curva 7.,40,28
188,36,76,960,0,039,-299,698,-27,427,0,001,4,634,-1,000,1,000,0,000,-0,112,-0,148,27,815,-13,595,-0,252,3,542,279,821,359,694,359,716,72,226,Curva 7.,40,30
188,38,76,410,0,039,-299,607,-27,546,-0,006,4,369,-1,000,1,000,0,000,-0,129,-0,156,27,889,-14,014,-0,477,3,717,279,279,359,694,359,592,72,662,Curva 7.,40,32
188,40,75,857,0,038,-299,519,-27,666,-0,007,4,126,-1,000,1,000,0,000,-0,125,-0,158,27,971,-12,944,-0,128,4,091,278,739,359,691,359,692,73,104,Curva 7.,40,34
188,42,75,302,0,038,-299,437,-27,781,-0,005,3,882,-0,874,1,000,0,000,-0,117,-0,159,28,051,-12,888,-0,002,3,987,278,194,359,687,359,761,73,552,Curva 7.,40,36
188,44,74,745,0,038,-299,361,-27,897,-0,009,3,618,-0,874,1,000,0,000,-0,126,-0,164,28,129,-13,835,-0,281,3,949,277,648,359,686,359,625,74,007,Curva 7.,40,38
188,46,74,185,0,038,-299,289,-28,017,-0,009,3,363,-0,874,1,000,0,000,-0,127,-0,165,28,217,-13,422,-0,094,4,385,277,105,359,683,359,628,74,467,Curva 7.,40,40
188,48,73,623,0,038,-299,221,-28,132,-0,002,3,116,-0,874,1,000,0,000,-0,117,-0,162,28,303,-12,917,0,239,4,318,276,558,359,678,359,751,74,933,Curva 7.,40,42
188,50,73,059,0,038,-299,160,-28,242,-0,002,2,849,-0,826,1,000,0,000,-0,122,-0,163,28,385,-13,835,-0,110,4,084,276,010,359,677,359,674,75,405,Curva 7.,40,44
188,52,72,492,0,038,-299,104,-28,355,-0,004,2,586,-0,826,1,000,0,000,-0,128,-0,166,28,472,-13,618,-0,213,4,379,275,472,359,677,359,614,75,883,Curva 7.,40,46
188,54,71,923,0,038,-299,051,-28,466,-0,002,2,355,-0,748,1,000,0,000,-0,113,-0,165,28,563,-11,987,0,057,4,514,274,958,359,673,359,765,76,366,Curva 7.,40,48
188,56,71,352,0,038,-299,005,-28,570,-0,004,2,118,-0,748,1,000,0,000,-0,112,-0,168,28,648,-12,234,-0,177,4,279,274,465,359,673,359,760,76,855,Curva 7.,40,50
188,58,70,779,0,037,-298,964,-28,673,-0,009,1,876,-0,651,1,000,0,000,-0,126,-0,172,28,734,-12,448,-0,357,4,279,273,995,359,675,359,640,77,349,Curva 7.,40,52
188,60,70,204,0,037,-298,926,-28,779,-0,009,1,659,-0,555,1,000,0,000,-0,122,-0,173,28,826,-11,112,-0,069,4,590,273,543,359,674,359,738,77,847,Curva 7.,40,54
188,62,69,627,0,037,-298,892,-28,878,-0,006,1,458,-0,409,1,000,0,000,-0,110,-0,172,28,914,-10,342,0,058,4,416,273,109,359,671,359,838,78,351,Curva 7.,40,56
188,64,69,047,0,037,-298,865,-28,974,-0,009,1,244,-0,167,1,000,0,000,-0,118,-0,175,29,000,-10,876,-0,202,4,278,272,695,359,672,359,716,78,859,Curva 7.,40,58
188,66,68,466,0,037,-298,840,-29,073,-0,009,1,063,-0,167,1,000,0,000,-0,115,-0,176,29,091,-9,264,-0,081,4,572,272,321,359,672,359,751,79,372,Curva 7.,40,60
188,68,67,883,0,037,-298,818,-29,168,-0,006,0,912,0,000,1,000,0,000,-0,099,-0,174,29,182,-7,694,0,136,4,509,271,986,359,670,359,907,79,889,Curva 7.,40,62
188,70,67,298,0,036,-298,800,-29,260,-0,007,0,787,0,000,1,000,0,000,-0,090,-0,176,29,270,-6,411,-0,098,4,432,271,717,359,670,359,905,80,409,Curva 7.,40,64
188,72,66,711,0,036,-298,784,-29,352,-0,008,0,733,0,000,1,000,0,000,-0,073,-0,177,29,360,-2,823,-0,105,4,494,271,573,359,671,359,967,80,934,Curva 7.,40,66
188,74,66,122,0,036,-298,769,-29,443,-0,009,0,677,-0,070,1,000,0,000,-0,087,-0,178,29,450,-2,888,-0,052,4,473,271,487,359,672,359,945,81,461,Curva 7.,40,68
188,76,65,531,0,036,-298,755,-29,532,-0,008,0,664,-0,070,1,000,0,000,-0,078,-0,177,29,539,-0,805,0,020,4,462,271,439,359,672,0,002,81,991,Curva 7.,40,70
188,78,64,939,0,036,-298,741,-29,620,-0,006,0,693,-0,070,1,000,0,000,-0,046,-0,176,29,627,1,376,0,053,4,403,271,429,359,671,0,108,82,524,Curva 7.,40,72
188,80,64,345,0,036,-298,727,-29,705,-0,004,0,710,-0,070,1,000,0,000,-0,037,-0,176,29,713,0,731,0,067,4,263,271,440,359,670,0,007,83,059,Curva 7.,40,74
188,82,63,749,0,036,-298,713,-29,787,-0,003,0,725,-0,371,1,000,0,000,-0,030,-0,175,29,795,0,634,0,052,4,129,271,452,359,670,359,950,83,596,Curva 7.,40,76
188,84,63,152,0,036,-298,698,-29,866,-0,002,0,745,-0,593,1,000,0,000,-0,009,-0,174,29,875,0,911,0,007,3,976,271,446,359,671,0,049,84,135,Curva 7.,40,78
188,86,62,553,0,036,-298,683,-29,943,-0,003,0,733,-0,690,1,000,0,000,-0,006,-0,174,29,952,-0,681,-0,037,3,852,271,414,359,672,359,990,84,677,Curva 7.,40,80
188,88,61,952,0,036,-298,670,-30,019,-0,003,0,674,-0,690,1,000,0,000,-0,024,-0,174,30,026,-3,058,-0,056,3,713,271,334,359,674,359,818,85,221,Curva 7.,40,82
188,90,61,351,0,035,-298,657,-30,091,-0,004,0,578,-0,661,1,000,0,000,-0,030,-0,174,30,096,-4,882,-0,060,3,523,271,159,359,675,359,815,85,767,Curva 7.,40,84
188,92,60,747,0,035,-298,645,-30,158,-0,001,0,445,-0,661,1,000,0,000,-0,026,-0,172,30,161,-6,686,0,082,3,243,270,897,359,676,359,856,86,316,Curva 7.,40,86
188,94,60,143,0,035,-298,639,-30,222,-0,001,0,235,-0,622,1,000,0,000,-0,057,-0,172,30,222,-10,530,-0,052,3,079,270,555,359,676,359,666,86,869,Curva 7.,40,88
188,96,59,537,0,035,-298,635,-30,285,0,000,0,019,-0,613,1,000,0,000,-0,074,-0,172,30,284,-10,830,-0,017,3,125,270,177,359,674,359,673,87,424,Curva 7.,40,90
188,98,58,930,0,035,-298,635,-30,346,0,005,-0,184,-0,613,1,000,0,000,-0,073,-0,170,30,346,-10,145,0,203,3,065,269,790,359,669,359,844,87,983,Curva 7.,40,92
189,00,58,322,0,036,-298,640,-30,402,0,002,-0,411,-0,564,1,000,0,000,-0,100,-0,175,30,404,-11,301,-0,256,2,917,269,415,359,667,359,743,88,546,Curva 7.,40,94
189,02,57,713,0,035,-298,650,-30,459,-0,004,-0,632,-0,264,1,000,0,000,-0,130,-0,182,30,465,-10,991,-0,359,3,052,269,058,359,667,359,658,89,112,Curva 7.,40,96
189,04,57,103,0,035,-298,662,-30,519,-0,004,-0,808,-0,264,1,000,0,000,-0,122,-0,183,30,528,-8,746,-0,040,3,172,268,713,359,665,359,860,89,680,Curva 7.,40,98
189,06,56,491,0,035,-298,679,-30,576,-0,007,-0,990,0,000,1,000,0,000,-0,121,-0,186,30,592,-8,990,-0,196,3,152,268,374,359,664,359,859,90,252,Curva 7.,41,00
189,08,55,878,0,035,-298,700,-30,638,-0,011,-1,149,0,000,1,000,0,000,-0,121,-0,191,30,658,-7,832,-0,236,3,328,268,080,359,664,359,770,90,828,Curva 7.,41,02
189,10,55,264,0,035,-298,721,-30,707,-0,010,-1,220,0,000,1,000,0,000,-0,086,-0,191,30,730,-3,460,0,003,3,571,267,884,359,662,0,005,91,405,Curva 7.,41,04
189,12,54,649,0,035,-298,746,-30,774,-0,010,-1,306,0,000,1,000,0,000,-0,092,-0,193,30,801,-4,161,-0,038,3,517,267,741,359,661,359,974,91,985,Curva 7.,41,06
189,14,54,032,0,034,-298,774,-30,843,-0,008,-1,364,0,000,1,000,0,000,-0,100,-0,192,30,872,-2,746,0,073,3,584,267,654,359,660,359,877,92,568,Curva 7.,41,08
189,16,53,413,0,034,-298,798,-30,920,-0,005,-1,334,0,000,1,000,0,000,-0,059,-0,190,30,948,1,669,0,138,3,772,267,639,359,657,0,134,93,152,Curva 7.,41,10
189,18,52,793,0,034,-298,825,-30,994,-0,004,-1,316,0,000,1,000,0,000,-0,048,-0,190,31,021,1,055,0,040,3,678,267,658,359,656,0,107,93,738,Curva 7.,41,12
189,20,52,172,0,034,-298,853,-31,064,0,000,-1,316,0,000,1,000,0,000,-0,059,-0,188,31,091,0,124,0,155,3,486,267,683,359,655,359,881,94,326,Curva 7.,41,14
189,22,51,549,0,034,-298,878,-31,136,-0,001,-1,280,0,000,1,000,0,000,-0,025,-0,188,31,162,1,941,-0,056,3,538,267,691,359,656,0,042,94,915,Curva 7.,41,16
189,24,50,925,0,034,-298,902,-31,204,-0,002,-1,250,0,000,1,000,0,000,0,011,-0,189,31,228,1,668,-0,063,3,329,267,685,359,657,0,153,95,506,Curva 7.,41,18
189,26,50,300,0,034,-298,929,-31,267,-0,002,-1,267,0,000,1,000,0,000,-0,002,-0,189,31,292,-0,734,-0,035,3,198,267,684,359,658,359,896,96,099,Curva 7.,41,20
189,28,49,673,0,034,-298,954,-31,331,-0,005,-1,268,0,000,1,000,0,000,0,000,-0,191,31,356,0,072,-0,142,3,190,267,683,359,660,359,918,96,693,Curva 7.,41,22
189,30,49,045,0,034,-298,978,-31,391,-0,004,-1,250,0,000,1,000,0,000,0,022,-0,191,31,415,1,030,0,002,2,960,267,680,359,660,0,145,97,288,Curva 7.,41,24
189,32,48,417,0,034,-299,004,-31,450,-0,005,-1,268,0,000,1,000,0,000,0,004,-0,192,31,475,-0,797,-0,069,2,994,267,684,359,660,359,986,97,886,Curva 7.,41,26
189,34,47,786,0,034,-299,031,-31,508,-0,005,-1,289,0,000,1,000,0,000,-0,018,-0,192,31,533,-0,923,0,013,2,909,267,692,359,660,359,855,98,485,Curva 7.,41,28
189,36,47,155,0,034,-299,055,-31,566,-0,003,-1,268,0,000,1,000,0,000,0,005,-0,192,31,591,1,173,0,042,2,882,267,690,359,658,0,102,99,085,Curva 7.,41,30
189,38,46,522,0,034,-299,080,-31,625,-0,004,-1,267,0,032,1,000,0,000,0,010,-0,193,31,650,0,174,-0,035,2,948,267,687,359,657,0,088,99,686,Curva 7.,41,32
189,40,45,889,0,033,-299,107,-31,681,-0,002,-1,293,0,032,1,000,0,000,-0,014,-0,193,31,707,-1,179,0,067,2,843,267,690,359,655,359,848,100,290,Curva 7.,41,34
189,42,45,254,0,033,-299,132,-31,740,-0,003,-1,282,0,032,1,000,0,000,-0,001,-0,195,31,765,0,633,-0,061,2,917,267,689,359,654,0,004,100,895,Curva 7.,41,36
189,44,44,618,0,033,-299,156,-31,797,-0,003,-1,267,0,187,1,000,0,000,0,019,-0,195,31,822,0,894,-0,008,2,840,267,683,359,653,0,151,101,500,Curva 7.,41,38
189,46,43,981,0,033,-299,184,-31,853,-0,003,-1,289,0,206,1,000,0,000,-0,005,-0,196,31,878,-1,027,-0,018,2,810,267,691,359,653,359,911,102,109,Curva 7.,41,40
189,48,43,343,0,033,-299,209,-31,910,-0,004,-1,286,0,196,1,000,0,000,-0,010,-0,197,31,935,0,288,-0,081,2,858,267,711,359,653,359,928,102,718,Curva 7.,41,42
189,50,42,703,0,033,-299,233,-31,967,-0,003,-1,231,0,099,1,000,0,000,0,025,-0,197,31,990,2,860,0,012,2,736,267,749,359,652,0,220,103,327,Curva 7.,41,44
189,52,42,063,0,033,-299,258,-32,024,-0,004,-1,183,0,099,1,000,0,000,0,019,-0,199,32,045,2,524,-0,085,2,752,267,850,359,652,0,121,103,939,Curva 7.,41,46
189,54,41,422,0,033,-299,283,-32,077,-0,001,-1,139,0,000,1,000,0,000,-0,014,-0,197,32,097,2,278,0,130,2,602,267,992,359,651,359,920,104,552,Curva 7.,41,48
189,56,40,779,0,033,-299,304,-32,132,-0,003,-1,052,0,000,1,000,0,000,0,007,-0,198,32,149,4,448,-0,084,2,594,268,112,359,651,0,140,105,165,Curva 7.,41,50
189,58,40,135,0,033,-299,324,-32,188,-0,004,-0,989,0,000,1,000,0,000,0,036,-0,200,32,203,3,231,-0,084,2,684,268,175,359,651,0,169,105,779,Curva 7.,41,52
189,60,39,490,0,033,-299,346,-32,240,-0,002,-0,978,0,000,1,000,0,000,0,025,-0,199,32,254,0,644,0,089,2,563,268,220,359,649,359,884,106,395,Curva 7.,41,54
189,62,38,845,0,033,-299,364,-32,292,-0,004,-0,956,0,000,1,000,0,000,0,033,-0,202,32,306,1,179,-0,124,2,588,268,246,359,649,359,961,107,012,Curva 7.,41,56
189,64,38,198,0,033,-299,382,-32,342,-0,003,-0,944,0,000,1,000,0,000,0,048,-0,202,32,355,0,657,0,009,2,494,268,242,359,648,0,123,107,629,Curva 7.,41,58
189,66,37,550,0,033,-299,403,-32,394,-0,004,-0,977,0,000,1,000,0,000,0,022,-0,203,32,408,-1,577,-0,028,2,627,268,234,359,648,359,923,108,249,Curva 7.,41,60
189,68,36,901,0,033,-299,423,-32,446,-0,004,-1,002,0,022,1,000,0,000,0,000,-0,204,32,461,-1,151,-0,035,2,653,268,233,359,646,359,877,108,870,Curva 7.,41,62
189,70,36,251,0,032,-299,442,-32,497,-0,002,-0,990,0,351,1,000,0,000,0,014,-0,204,32,512,0,653,0,057,2,534,268,229,359,644,0,118,109,491,Curva 7.,41,64
189,72,35,600,0,032,-299,462,-32,548,-0,003,-1,003,0,351,1,000,0,000,0,002,-0,206,32,563,-0,566,-0,060,2,563,268,232,359,644,0,033,110,115,Curva 7.,41,66
189,74,34,948,0,032,-299,484,-32,596,-0,002,-1,028,0,351,1,000,0,000,-0,027,-0,205,32,612,-1,177,0,025,2,442,268,241,359,644,359,851,110,740,Curva 7.,41,68
189,76,34,295,0,032,-299,503,-32,646,-0,003,-1,008,0,351,1,000,0,000,-0,004,-0,205,32,661,1,098,-0,027,2,446,268,239,359,644,0,064,111,366,Curva 7.,41,70
189,78,33,641,0,032,-299,522,-32,695,-0,003,-0,994,0,274,1,000,0,000,0,015,-0,206,32,709,0,762,-0,043,2,428,268,231,359,645,0,127,111,992,Curva 7.,41,72
189,80,32,986,0,032,-299,543,-32,741,-0,002,-0,974,0,022,1,000,0,000,0,008,-0,205,32,755,1,083,0,038,2,296,268,283,359,645,359,977,112,621,Curva 7.,41,74
189,82,32,331,0,032,-299,560,-32,789,-0,002,-0,854,0,000,1,000,0,000,0,035,-0,206,32,800,6,026,-0,046,2,233,268,445,359,644,0,206,113,250,Curva 7.,41,76
189,84,31,674,0,032,-299,576,-32,835,-0,003,-0,736,0,000,1,000,0,000,0,031,-0,206,32,842,5,981,-0,063,2,124,268,660,359,645,0,250,113,879,Curva 7.,41,78
189,86,31,017,0,032,-299,594,-32,880,0,001,-0,691,0,000,1,000,0,000,-0,017,-0,204,32,887,2,287,0,191,2,238,268,827,359,642,359,890,114,510,Curva 7.,41,80
189,88,30,358,0,032,-299,607,-32,922,-0,003,-0,651,0,000,1,000,0,000,0,003,-0,208,32,928,2,051,-0,216,2,065,268,863,359,643,359,932,115,141,Curva 7.,41,82
189,90,29,699,0,032,-299,616,-32,964,-0,003,-0,590,0,000,1,000,0,000,0,090,-0,208,32,969,3,092,-0,043,2,044,268,816,359,644,0,236,115,772,Curva 7.,41,84
189,92,29,039,0,032,-299,631,-33,007,-0,005,-0,631,0,000,1,000,0,000,0,074,-0,210,33,012,-2,032,-0,112,2,177,268,776,359,645,359,896,116,405,Curva 7.,41,86
189,94,28,378,0,032,-299,645,-33,052,-0,006,-0,685,0,000,1,000,0,000,0,029,-0,212,33,058,-2,626,-0,086,2,284,268,764,359,643,359,735,117,040,Curva 7.,41,88
189,96,27,716,0,032,-299,656,-33,095,-0,002,-0,677,0,000,1,000,0,000,0,035,-0,210,33,101,0,417,0,194,2,136,268,765,359,640,0,165,117,675,Curva 7.,41,90
189,98,27,053,0,032,-299,671,-33,140,-0,004,-0,701,0,000,1,000,0,000,0,005,-0,214,33,146,-1,151,-0,122,2,281,268,778,359,638,0,098,118,312,Curva 7.,41,92
190,00,26,389,0,032,-299,688,-33,179,-0,001,-0,749,0,206,1,000,0,000,-0,051,-0,211,33,187,-2,336,0,145,2,027,268,797,359,637,359,746,118,950,Curva 7.,41,94
190,02,25,725,0,032,-299,700,-33,223,-0,002,-0,716,0,206,1,000,0,000,-0,017,-0,212,33,230,1,703,-0,068,2,143,268,795,359,638,0,072,119,589,Curva 7.,41,96
190,04,25,059,0,032,-299,713,-33,266,-0,002,-0,681,0,429,1,000,0,000,0,026,-0,212,33,272,1,763,-0,040,2,108,268,779,359,639,0,248,120,228,Curva 7.,41,98
190,06,24,393,0,032,-299,730,-33,305,0,000,-0,694,0,429,1,000,0,000,-0,003,-0,210,33,312,-0,603,0,103,1,991,268,812,359,639,359,860,120,870,Curva 7.,42,00
190,08,23,726,0,031,-299,742,-33,348,-0,003,-0,619,0,429,1,000,0,000,0,014,-0,213,33,353,3,824,-0,158,2,072,268,914,359,639,0,041,121,512,Curva 7.,42,02
190,10,23,059,0,031,-299,751,-33,387,-0,003,-0,511,0,196,1,000,0,000,0,044,-0,213,33,391,5,409,-0,037,1,873,269,044,359,639,0,348,122,154,Curva 7.,42,04
190,12,22,390,0,031,-299,764,-33,427,-0,001,-0,451,0,196,1,000,0,000,-0,004,-0,213,33,429,3,031,0,065,1,932,269,234,359,638,0,029,122,797,Curva 7.,42,06
190,14,21,721,0,031,-299,772,-33,464,0,000,-0,304,0,000,1,000,0,000,-0,003,-0,212,33,465,7,359,0,021,1,807,269,483,359,637,0,089,123,441,Curva 7.,42,08
190,16,21,051,0,031,-299,774,-33,499,-0,001,-0,126,0,000,1,000,0,000,0,050,-0,214,33,498,8,928,-0,101,1,672,269,698,359,637,0,372,124,084,Curva 7.,42,10
190,18,20,380,0,031,-299,778,-33,537,0,000,-0,049,0,000,1,000,0,000,0,053,-0,214,33,536,3,843,0,049,1,910,269,825,359,634,0,013,124,728,Curva 7.,42,12
190,20,19,709,0,031,-299,780,-33,572,-0,001,0,025,0,000,1,000,0,000,0,074,-0,216,33,571,3,688,-0,085,1,722,269,917,359,634,359,896,125,372,Curva 7.,42,14
190,22,19,037,0,031,-299,776,-33,603,-0,003,0,096,0,000,1,000,0,000,0,116,-0,217,33,602,3,550,-0,125,1,558,269,963,359,636,0,181,126,016,Curva 7.,42,16
190,24,18,364,0,031,-299,777,-33,643,-0,006,0,051,0,000,1,000,0,000,0,073,-0,219,33,642,-2,227,-0,138,1,983,269,964,359,637,359,922,126,662,Curva 7.,42,18
190,26,17,690,0,031,-299,778,-33,682,-0,006,-0,004,0,000,1,000,0,000,0,026,-0,221,33,682,-2,740,-0,040,1,999,269,951,359,635,359,760,127,310,Curva 7.,42,20
190,28,17,016,0,031,-299,775,-33,720,-0,003,0,001,0,000,1,000,0,000,0,041,-0,220,33,719,0,263,0,155,1,888,269,933,359,632,0,131,127,957,Curva 7.,42,22
190,30,16,341,0,031,-299,776,-33,760,-0,004,-0,020,0,000,1,000,0,000,0,021,-0,222,33,759,-1,083,-0,054,1,971,269,929,359,630,0,092,128,606,Curva 7.,42,24
190,32,15,665,0,031,-299,780,-33,796,-0,001,-0,073,0,000,1,000,0,000,-0,038,-0,220,33,796,-2,629,0,123,1,841,269,942,359,629,359,760,129,258,Curva 7.,42,26
190,34,14,988,0,031,-299,779,-33,833,-0,002,-0,049,0,000,1,000,0,000,-0,016,-0,220,33,832,1,185,-0,054,1,825,269,943,359,630,0,049,129,908,Curva 7.,42,28
190,36,14,311,0,031,-299,778,-33,868,-0,001,-0,017,0,000,1,000,0,000,0,023,-0,219,33,867,1,598,-0,014,1,755,269,931,359,632,0,235,130,560,Curva 7.,42,30
190,38,13,633,0,031,-299,782,-33,902,0,000,-0,056,0,000,1,000,0,000,-0,016,-0,218,33,901,-1,932,0,052,1,696,269,934,359,632,359,816,131,214,Curva 7.,42,32
190,40,12,954,0,031,-299,782,-33,937,-0,004,-0,054,0,000,1,000,0,000,-0,014,-0,221,33,936,0,122,-0,189,1,738,269,934,359,634,359,882,131,868,Curva 7.,42,34
190,42,12,275,0,031,-299,780,-33,968,-0,001,-0,010,0,000,1,000,0,000,0,033,-0,219,33,967,2,163,0,111,1,555,269,924,359,633,0,265,132,522,Curva 7.,42,36
190,44,11,595,0,031,-299,783,-34,000,-0,003,-0,039,0,000,1,000,0,000,0,005,-0,221,34,000,-1,404,-0,124,1,628,269,927,359,633,359,953,133,178,Curva 7.,42,38
190,46,10,914,0,031,-299,786,-34,032,-0,003,-0,070,0,000,1,000,0,000,-0,034,-0,222,34,031,-1,596,-0,005,1,567,269,940,359,632,359,746,133,835,Curva 7.,42,40
190,48,10,233,0,031,-299,783,-34,062,-0,001,-0,022,0,000,1,000,0,000,0,018,-0,220,34,061,2,428,0,090,1,502,269,932,359,631,0,211,134,492,Curva 7.,42,42
190,50,9,551,0,030,-299,784,-34,094,-0,004,-0,024,0,000,1,000,0,000,0,019,-0,224,34,094,-0,085,-0,177,1,624,269,927,359,632,0,127,135,150,Curva 7.,42,44
190,52,8,868,0,030,-299,788,-34,124,0,000,-0,072,0,000,1,000,0,000,-0,032,-0,221,34,123,-2,403,0,181,1,492,269,935,359,630,359,703,135,810,Curva 7.,42,46
190,54,8,185,0,030,-299,787,-34,155,-0,002,-0,042,0,000,1,000,0,000,-0,002,-0,223,34,154,1,469,-0,123,1,543,269,932,359,630,0,051,136,469,Curva 7.,42,48
190,56,7,501,0,030,-299,785,-34,185,-0,002,-0,009,0,000,1,000,0,000,0,037,-0,223,34,184,1,674,-0,006,1,497,269,920,359,630,0,281,137,130,Curva 7.,42,50
190,58,6,817,0,030,-299,790,-34,214,0,000,-0,065,0,000,1,000,0,000,-0,022,-0,221,34,213,-2,801,0,092,1,434,269,930,359,629,359,762,137,792,Curva 7.,42,52
190,60,6,132,0,030,-299,791,-34,245,-0,005,-0,062,0,000,1,000,0,000,-0,023,-0,225,34,244,0,176,-0,243,1,570,269,936,359,630,359,866,138,454,Curva 7.,42,54
190,62,5,447,0,030,-299,788,-34,273,0,000,-0,007,0,000,1,000,0,000,0,035,-0,222,34,272,2,724,0,199,1,406,269,927,359,629,0,334,139,116,Curva 7.,42,56
190,64,4,761,0,030,-299,791,-34,302,-0,003,-0,041,0,000,1,000,0,000,0,002,-0,225,34,301,-1,669,-0,151,1,450,269,930,359,629,359,936,139,781,Curva 7.,42,58
190,66,4,074,0,030,-299,794,-34,330,-0,003,-0,077,0,000,1,000,0,000,-0,041,-0,225,34,329,-1,804,-0,013,1,401,269,943,359,629,359,691,140,446,Curva 7.,42,60
190,68,3,387,0,030,-299,791,-34,356,0,000,-0,012,0,000,1,000,0,000,0,027,-0,223,34,356,3,228,0,135,1,310,269,934,359,628,0,275,141,110,Curva 7.,42,62
190,70,2,699,0,030,-299,792,-34,386,-0,005,-0,019,0,000,1,000,0,000,0,024,-0,227,34,385,-0,343,-0,290,1,483,269,927,359,630,0,139,141,777,Curva 7.,42,64
190,72,2,011,0,030,-299,797,-34,412,0,000,-0,081,0,000,1,000,0,000,-0,042,-0,223,34,411,-3,101,0,255,1,303,269,937,359,628,359,621,142,444,Curva 7.,42,66
190,74,1,322,0,030,-299,795,-34,439,-0,003,-0,041,0,000,1,000,0,000,0,000,-0,226,34,438,2,010,-0,163,1,333,269,932,359,628,0,089,143,111,Curva 7.,42,68
190,76,0,633,0,030,-299,793,-34,465,-0,003,-0,003,0,000,1,000,0,000,0,046,-0,226,34,464,1,905,-0,039,1,305,269,916,359,629,0,341,143,779,Curva 7.,42,70
190,78,-0,057,0,030,-299,799,-34,489,0,002,-0,077,0,000,1,000,0,000,-0,032,-0,223,34,488,-3,723,0,194,1,189,269,927,359,627,359,677,144,449,Curva 7.,42,72
190,80,-0,747,0,030,-299,799,-34,517,-0,006,-0,067,0,000,1,000,0,000,-0,025,-0,229,34,516,0,522,-0,380,1,414,269,931,359,630,359,860,145,118,Curva 7.,42,74
190,82,-1,438,0,030,-299,795,-34,541,0,001,0,003,0,000,1,000,0,000,0,051,-0,224,34,540,3,483,0,309,1,206,269,916,359,627,0,432,145,788,Curva 7.,42,76
190,84,-2,129,0,030,-299,800,-34,565,-0,002,-0,047,0,000,1,000,0,000,0,001,-0,227,34,565,-2,500,-0,184,1,215,269,921,359,628,359,877,146,459,Curva 7.,42,78
190,86,-2,821,0,030,-299,803,-34,590,-0,004,-0,088,0,000,1,000,0,000,-0,051,-0,228,34,589,-2,016,-0,088,1,229,269,941,359,629,359,624,147,132,Curva 7.,42,80
190,88,-3,513,0,030,-299,799,-34,611,0,003,-0,005,0,000,1,000,0,000,0,036,-0,223,34,611,4,127,0,288,1,070,269,929,359,627,0,375,147,803,Curva 7.,42,82
190,90,-4,206,0,030,-299,800,-34,639,-0,007,-0,021,0,000,1,000,0,000,0,024,-0,231,34,638,-0,775,-0,483,1,358,269,925,359,630,0,141,148,476,Curva 7.,42,84
190,92,-4,899,0,030,-299,807,-34,661,0,001,-0,098,0,000,1,000,0,000,-0,062,-0,225,34,660,-3,872,0,375,1,117,269,944,359,627,359,512,149,151,Curva 7.,42,86
190,94,-5,593,0,030,-299,803,-34,683,-0,002,-0,037,0,000,1,000,0,000,0,000,-0,228,34,682,3,052,-0,192,1,106,269,938,359,627,0,162,149,824,Curva 7.,42,88
190,96,-6,287,0,030,-299,801,-34,706,-0,005,0,004,0,000,1,000,0,000,0,055,-0,230,34,705,2,042,-0,160,1,162,269,912,359,630,0,408,150,498,Curva 7.,42,90
190,98,-6,981,0,030,-299,809,-34,725,0,004,-0,089,0,000,1,000,0,000,-0,042,-0,223,34,724,-4,659,0,402,0,949,269,925,359,627,359,565,151,175,Curva 7.,42,92
191,00,-7,676,0,029,-299,808,-34,751,-0,008,-0,066,0,000,1,000,0,000,-0,021,-0,232,34,751,1,188,-0,602,1,311,269,927,359,630,359,871,151,851,Curva 7.,42,94
191,02,-8,372,0,030,-299,803,-34,772,0,002,0,020,0,000,1,000,0,000,0,075,-0,225,34,771,4,293,0,433,1,030,269,907,359,627,0,550,152,526,Curva 7.,42,96
191,04,-9,068,0,029,-299,809,-34,792,-0,001,-0,055,0,000,1,000,0,000,-0,003,-0,228,34,791,-3,776,-0,173,0,978,269,915,359,627,359,781,153,204,Curva 7.,42,98
191,06,-9,764,0,029,-299,813,-34,814,-0,007,-0,098,0,000,1,000,0,000,-0,062,-0,231,34,813,-2,123,-0,284,1,102,269,944,359,631,359,559,153,883,Curva 7.,43,00
191,08,-10,461,0,029,-299,806,-34,830,0,006,0,009,0,000,1,000,0,000,0,050,-0,221,34,829,5,339,0,572,0,826,269,929,359,627,0,517,154,559,Curva 7.,43,02
191,10,-11,158,0,029,-299,809,-34,856,-0,009,-0,027,0,000,1,000,0,000,0,017,-0,234,34,855,-1,766,-0,773,1,265,269,928,359,631,0,106,155,239,Curva 7.,43,04
191,12,-11,855,0,029,-299,817,-34,874,0,002,-0,122,0,000,1,000,0,000,-0,091,-0,226,34,874,-4,754,0,492,0,940,269,953,359,628,359,375,155,919,Curva 7.,43,06
191,14,-12,553,0,029,-299,811,-34,891,0,000,-0,025,0,000,1,000,0,000,0,007,-0,227,34,890,4,828,-0,115,0,818,269,945,359,628,0,303,156,598,Curva 7.,43,08
191,16,-13,251,0,029,-299,810,-34,912,-0,010,0,019,0,000,1,000,0,000,0,069,-0,233,34,911,2,192,-0,498,1,058,269,915,359,634,0,479,157,278,Curva 7.,43,10
191,18,-13,950,0,029,-299,819,-34,926,0,009,-0,104,0,000,1,000,0,000,-0,060,-0,219,34,925,-6,143,0,841,0,693,269,932,359,627,359,376,157,961,Curva 7.,43,12
191,20,-14,649,0,029,-299,817,-34,949,-0,011,-0,060,0,000,1,000,0,000,-0,017,-0,235,34,949,2,175,-1,001,1,185,269,929,359,633,359,913,158,641,Curva 7.,43,14
191,22,-15,348,0,029,-299,810,-34,967,0,002,0,040,0,000,1,000,0,000,0,100,-0,225,34,966,5,051,0,582,0,856,269,898,359,630,0,714,159,322,Curva 7.,43,16
191,24,-16,048,0,029,-299,819,-34,979,0,002,-0,072,0,000,1,000,0,000,-0,016,-0,225,34,979,-5,632,-0,042,0,642,269,910,359,629,359,625,160,006,Curva 7.,43,18
191,26,-16,748,0,029,-299,822,-35,000,-0,012,-0,115,0,000,1,000,0,000,-0,080,-0,235,34,999,-2,122,-0,733,1,035,269,947,359,637,359,479,160,689,Curva 7.,43,20
191,28,-17,448,0,029,-299,814,-35,011,0,012,0,027,0,000,1,000,0,000,0,068,-0,216,35,011,7,100,1,117,0,568,269,929,359,628,0,732,161,371,Curva 7.,43,22
191,30,-18,149,0,029,-299,818,-35,033,-0,014,-0,022,0,000,1,000,0,000,0,019,-0,236,35,033,-2,462,-1,273,1,094,269,932,359,636,0,077,162,055,Curva 7.,43,24
191,32,-18,850,0,029,-299,827,-35,048,0,002,-0,126,0,000,1,000,0,000,-0,104,-0,224,35,047,-5,175,0,701,0,746,269,970,359,633,359,203,162,741,Curva 7.,43,26
191,34,-19,551,0,029,-299,819,-35,057,0,004,0,001,0,000,1,000,0,000,0,026,-0,222,35,057,6,316,0,026,0,460,269,956,359,631,0,434,163,424,Curva 7.,43,28
191,36,-20,252,0,029,-299,817,-35,078,-0,015,0,040,0,000,1,000,0,000,0,090,-0,236,35,077,1,982,-0,950,1,013,269,916,359,641,0,561,164,109,Curva 7.,43,30
191,38,-20,954,0,029,-299,828,-35,086,0,015,-0,118,0,000,1,000,0,000,-0,076,-0,213,35,086,-7,958,1,383,0,448,269,935,359,630,359,176,164,796,Curva 7.,43,32
191,40,-21,656,0,029,-299,825,-35,108,-0,016,-0,063,0,000,1,000,0,000,-0,022,-0,237,35,107,2,784,-1,531,1,051,269,934,359,638,359,933,165,481,Curva 7.,43,34
191,42,-22,359,0,029,-299,817,-35,121,0,002,0,042,0,000,1,000,0,000,0,106,-0,223,35,120,5,272,0,802,0,661,269,890,359,635,0,868,166,166,Curva 7.,43,36
191,44,-23,061,0,029,-299,828,-35,127,0,005,-0,097,0,000,1,000,0,000,-0,034,-0,220,35,126,-6,947,0,103,0,296,269,901,359,633,359,513,166,855,Curva 7.,43,38
191,46,-23,764,0,029,-299,832,-35,147,-0,017,-0,135,0,000,1,000,0,000,-0,095,-0,237,35,146,-1,913,-1,171,0,993,269,940,359,644,359,404,167,543,Curva 7.,43,40
191,48,-24,467,0,029,-299,821,-35,153,0,018,0,036,0,000,1,000,0,000,0,084,-0,210,35,153,8,594,1,639,0,336,269,917,359,631,0,902,168,228,Curva 7.,43,42
191,50,-25,171,0,029,-299,827,-35,174,-0,017,-0,027,0,000,1,000,0,000,0,023,-0,238,35,173,-3,179,-1,768,1,023,269,918,359,640,0,055,168,917,Curva 7.,43,44
191,52,-25,874,0,029,-299,837,-35,186,0,002,-0,134,0,000,1,000,0,000,-0,110,-0,223,35,185,-5,345,0,875,0,605,269,967,359,637,359,073,169,607,Curva 7.,43,46
191,54,-26,578,0,029,-299,827,-35,190,0,007,0,019,0,000,1,000,0,000,0,041,-0,218,35,189,7,631,0,187,0,190,269,961,359,633,0,541,170,293,Curva 7.,43,48
191,56,-27,282,0,028,-299,825,-35,210,-0,020,0,055,0,000,1,000,0,000,0,099,-0,239,35,209,1,798,-1,401,0,991,269,924,359,646,0,620,170,982,Curva 7.,43,50
191,58,-27,987,0,029,-299,838,-35,214,0,021,-0,125,0,000,1,000,0,000,-0,089,-0,207,35,214,-9,041,1,896,0,244,269,947,359,632,359,031,171,674,Curva 7.,43,52
191,60,-28,691,0,028,-299,833,-35,235,-0,018,-0,054,0,000,1,000,0,000,-0,019,-0,238,35,234,3,583,-1,955,1,007,269,945,359,642,359,963,172,362,Curva 7.,43,54
191,62,-29,396,0,028,-299,825,-35,246,0,002,0,052,0,000,1,000,0,000,0,116,-0,223,35,245,5,294,0,913,0,570,269,890,359,638,0,971,173,051,Curva 7.,43,56
191,64,-30,101,0,029,-299,837,-35,248,0,010,-0,115,0,000,1,000,0,000,-0,046,-0,216,35,247,-8,346,0,293,0,104,269,892,359,634,359,403,173,743,Curva 7.,43,58
191,66,-30,806,0,028,-299,841,-35,268,-0,023,-0,147,0,000,1,000,0,000,-0,101,-0,240,35,267,-1,592,-1,640,1,004,269,929,359,649,359,372,174,434,Curva 7.,43,60
191,68,-31,512,0,029,-299,829,-35,272,0,023,0,040,0,000,1,000,0,000,0,093,-0,205,35,271,9,410,2,118,0,197,269,909,359,632,1,030,175,123,Curva 7.,43,62
191,70,-32,218,0,028,-299,837,-35,291,-0,019,-0,040,0,000,1,000,0,000,0,012,-0,239,35,290,-4,010,-2,081,0,953,269,915,359,643,0,008,175,816,Curva 7.,43,64
191,72,-32,924,0,028,-299,846,-35,302,0,001,-0,142,0,000,1,000,0,000,-0,122,-0,223,35,301,-5,096,0,883,0,526,269,974,359,640,358,999,176,509,Curva 7.,43,66
191,74,-33,630,0,029,-299,835,-35,302,0,012,0,040,0,000,1,000,0,000,0,054,-0,214,35,301,9,060,0,449,0,004,269,972,359,635,0,658,177,199,Curva 7.,43,68
191,76,-34,336,0,028,-299,834,-35,323,-0,025,0,064,0,000,1,000,0,000,0,102,-0,242,35,322,1,191,-1,888,1,043,269,933,359,651,0,615,177,891,Curva 7.,43,70
191,78,-35,043,0,029,-299,847,-35,326,0,024,-0,129,0,000,1,000,0,000,-0,094,-0,204,35,325,-9,690,2,304,0,170,269,950,359,633,358,916,178,586,Curva 7.,43,72
191,80,-35,750,0,028,-299,841,-35,344,-0,018,-0,040,0,000,1,000,0,000,-0,002,-0,238,35,343,4,477,-2,114,0,880,269,939,359,643,0,036,179,278,Curva 7.,43,74
191,82,-36,457,0,028,-299,833,-35,354,-0,001,0,055,0,000,1,000,0,000,0,127,-0,224,35,353,4,734,0,764,0,501,269,877,359,642,1,016,179,969,Curva 7.,43,76
191,84,-37,164,0,028,-299,847,-35,351,0,015,-0,141,0,000,1,000,0,000,-0,064,-0,211,35,351,-9,786,0,660,-0,096,269,880,359,635,359,275,180,665,Curva 7.,43,78
191,86,-37,871,0,028,-299,849,-35,374,-0,028,-0,152,0,000,1,000,0,000,-0,098,-0,243,35,373,-0,517,-2,153,1,113,269,917,359,652,359,425,181,360,Curva 7.,43,80
191,88,-38,579,0,028,-299,837,-35,377,0,025,0,041,0,000,1,000,0,000,0,097,-0,204,35,377,9,695,2,431,0,169,269,904,359,634,1,127,182,051,Curva 7.,43,82
191,90,-39,287,0,028,-299,846,-35,393,-0,015,-0,058,0,000,1,000,0,000,-0,007,-0,236,35,393,-4,972,-1,998,0,794,269,917,359,642,359,903,182,748,Curva 7.,43,84
191,92,-39,995,0,028,-299,856,-35,403,-0,003,-0,147,0,000,1,000,0,000,-0,128,-0,226,35,403,-4,469,0,522,0,515,269,976,359,643,358,981,183,444,Curva 7.,43,86
191,94,-40,703,0,028,-299,843,-35,400,0,018,0,060,0,000,1,000,0,000,0,077,-0,209,35,400,10,367,0,924,-0,152,269,967,359,634,0,797,184,136,Curva 7.,43,88
191,96,-41,411,0,028,-299,844,-35,424,-0,030,0,049,0,000,1,000,0,000,0,085,-0,246,35,423,-0,562,-2,434,1,184,269,938,359,653,0,508,184,832,Curva 7.,43,90
191,98,-42,120,0,028,-299,857,-35,427,0,023,-0,138,0,000,1,000,0,000,-0,104,-0,205,35,427,-9,386,2,464,0,170,269,952,359,635,358,849,185,530,Curva 7.,43,92
192,00,-42,829,0,028,-299,849,-35,441,-0,011,-0,031,0,000,1,000,0,000,0,003,-0,233,35,440,5,328,-1,705,0,667,269,943,359,641,0,168,186,224,Curva 7.,43,94
192,02,-43,538,0,028,-299,842,-35,452,-0,005,0,055,0,000,1,000,0,000,0,117,-0,228,35,451,4,304,0,202,0,565,269,894,359,643,1,010,186,919,Curva 7.,43,96
192,04,-44,247,0,028,-299,857,-35,448,0,022,-0,153,0,000,1,000,0,000,-0,094,-0,207,35,448,-10,428,1,212,-0,178,269,909,359,632,359,150,187,618,Curva 7.,43,98
192,06,-44,956,0,028,-299,857,-35,473,-0,031,-0,120,0,000,1,000,0,000,-0,070,-0,247,35,473,1,670,-2,642,1,243,269,922,359,651,359,564,188,315,Curva 7.,44,00
192,08,-45,666,0,028,-299,846,-35,477,0,020,0,059,0,000,1,000,0,000,0,118,-0,208,35,476,9,039,2,363,0,185,269,898,359,636,1,159,189,010,Curva 7.,44,02
192,10,-46,375,0,028,-299,856,-35,488,-0,007,-0,064,0,000,1,000,0,000,-0,004,-0,231,35,487,-6,173,-1,393,0,538,269,905,359,639,359,742,189,709,Curva 7.,44,04
192,12,-47,085,0,028,-299,864,-35,500,-0,010,-0,148,0,000,1,000,0,000,-0,112,-0,232,35,500,-4,182,-0,212,0,628,269,949,359,645,359,015,190,408,Curva 7.,44,06
192,14,-47,795,0,028,-299,850,-35,497,0,025,0,061,0,000,1,000,0,000,0,103,-0,205,35,496,10,490,1,587,-0,164,269,927,359,631,0,913,191,103,Curva 7.,44,08
192,16,-48,506,0,028,-299,854,-35,523,-0,031,0,016,0,000,1,000,0,000,0,063,-0,249,35,522,-2,297,-2,811,1,294,269,921,359,650,0,373,191,802,Curva 7.,44,10
192,18,-49,216,0,028,-299,867,-35,527,0,018,-0,159,0,000,1,000,0,000,-0,131,-0,211,35,526,-8,794,2,280,0,192,269,961,359,635,358,821,192,503,Curva 7.,44,12
192,20,-49,927,0,028,-299,858,-35,534,-0,004,-0,017,0,000,1,000,0,000,0,006,-0,228,35,533,7,113,-1,129,0,357,269,961,359,638,0,351,193,199,Curva 7.,44,14
192,22,-50,638,0,028,-299,852,-35,547,-0,015,0,064,0,000,1,000,0,000,0,109,-0,235,35,546,4,007,-0,644,0,635,269,920,359,648,0,967,193,897,Curva 7.,44,16
192,24,-51,349,0,028,-299,868,-35,543,0,028,-0,150,0,000,1,000,0,000,-0,112,-0,203,35,542,-10,694,1,977,-0,196,269,945,359,632,359,014,194,599,Curva 7.,44,18
192,26,-52,060,0,028,-299,865,-35,568,-0,032,-0,093,0,000,1,000,0,000,-0,060,-0,249,35,567,2,844,-2,998,1,261,269,949,359,651,359,685,195,298,Curva 7.,44,20
192,28,-52,772,0,028,-299,854,-35,570,0,016,0,074,0,000,1,000,0,000,0,134,-0,212,35,570,8,392,2,239,0,108,269,896,359,637,1,202,195,996,Curva 7.,44,22
192,30,-53,483,0,028,-299,866,-35,574,0,000,-0,085,0,000,1,000,0,000,-0,013,-0,224,35,573,-7,941,-0,860,0,169,269,887,359,639,359,566,196,698,Curva 7.,44,24
192,32,-54,195,0,028,-299,873,-35,586,-0,019,-0,159,0,000,1,000,0,000,-0,107,-0,238,35,586,-3,696,-1,034,0,642,269,923,359,651,359,054,197,399,Curva 7.,44,26
192,34,-54,906,0,028,-299,858,-35,582,0,031,0,059,0,000,1,000,0,000,0,122,-0,200,35,582,10,973,2,312,-0,212,269,893,359,632,1,057,198,097,Curva 7.,44,28
192,36,-55,618,0,028,-299,863,-35,606,-0,032,-0,003,0,000,1,000,0,000,0,067,-0,250,35,606,-3,127,-3,162,1,201,269,885,359,651,0,270,198,798,Curva 7.,44,30
192,38,-56,331,0,028,-299,877,-35,607,0,015,-0,163,0,000,1,000,0,000,-0,125,-0,212,35,607,-8,043,2,190,0,054,269,946,359,639,358,773,199,501,Curva 7.,44,32
192,40,-57,043,0,028,-299,866,-35,609,0,003,0,003,0,000,1,000,0,000,0,026,-0,222,35,608,8,306,-0,656,0,069,269,961,359,638,0,490,200,200,Curva 7.,44,34
192,42,-57,755,0,028,-299,861,-35,623,-0,022,0,069,0,000,1,000,0,000,0,108,-0,240,35,622,3,279,-1,320,0,682,269,931,359,653,0,931,200,901,Curva 7.,44,36
192,44,-58,468,0,028,-299,878,-35,618,0,033,-0,157,0,000,1,000,0,000,-0,129,-0,199,35,617,-11,357,2,518,-0,226,269,962,359,632,358,888,201,605,Curva 7.,44,38
192,46,-59,180,0,028,-299,874,-35,641,-0,033,-0,089,0,000,1,000,0,000,-0,070,-0,251,35,641,3,393,-3,277,1,170,269,970,359,651,359,767,202,306,Curva 7.,44,40
192,48,-59,893,0,028,-299,863,-35,642,0,013,0,064,0,000,1,000,0,000,0,121,-0,213,35,641,7,743,2,149,0,041,269,902,359,640,1,247,203,006,Curva 7.,44,42
192,50,-60,606,0,028,-299,876,-35,642,0,006,-0,110,0,000,1,000,0,000,-0,033,-0,220,35,642,-8,730,-0,464,0,009,269,880,359,638,359,460,203,710,Curva 7.,44,44
192,52,-61,319,0,027,-299,882,-35,657,-0,024,-0,170,0,000,1,000,0,000,-0,108,-0,241,35,656,-2,989,-1,560,0,722,269,906,359,654,359,082,204,414,Curva 7.,44,46
192,54,-62,032,0,028,-299,867,-35,652,0,035,0,061,0,000,1,000,0,000,0,134,-0,198,35,651,11,609,2,715,-0,258,269,875,359,632,1,159,205,113,Curva 7.,44,48
192,56,-62,746,0,027,-299,874,-35,674,-0,033,-0,013,0,000,1,000,0,000,0,068,-0,250,35,673,-3,681,-3,363,1,100,269,869,359,651,0,199,205,817,Curva 7.,44,50
192,58,-63,459,0,028,-299,887,-35,673,0,012,-0,162,0,000,1,000,0,000,-0,120,-0,214,35,673,-7,500,2,085,0,005,269,939,359,641,358,738,206,522,Curva 7.,44,52
192,60,-64,173,0,028,-299,875,-35,673,0,008,0,022,0,000,1,000,0,000,0,043,-0,218,35,672,9,170,-0,291,-0,040,269,963,359,638,0,588,207,223,Curva 7.,44,54
192,62,-64,886,0,027,-299,871,-35,689,-0,027,0,076,0,000,1,000,0,000,0,111,-0,243,35,688,2,699,-1,801,0,779,269,937,359,655,0,903,207,926,Curva 7.,44,56
192,64,-65,600,0,028,-299,888,-35,682,0,036,-0,161,0,000,1,000,0,000,-0,137,-0,197,35,682,-11,925,2,887,-0,283,269,967,359,631,358,795,208,632,Curva 7.,44,58
192,66,-66,314,0,027,-299,883,-35,705,-0,033,-0,081,0,000,1,000,0,000,-0,062,-0,251,35,705,4,026,-3,437,1,122,269,971,359,650,359,839,209,335,Curva 7.,44,60
192,68,-67,028,0,028,-299,872,-35,705,0,010,0,061,0,000,1,000,0,000,0,120,-0,215,35,704,7,121,2,005,-0,037,269,898,359,643,1,273,210,037,Curva 7.,44,62
192,70,-67,742,0,028,-299,887,-35,705,0,011,-0,133,0,000,1,000,0,000,-0,054,-0,216,35,704,-9,704,-0,081,0,028,269,876,359,637,359,359,210,743,Curva 7.,44,64
192,72,-68,457,0,027,-299,892,-35,721,-0,029,-0,181,0,000,1,000,0,000,-0,116,-0,246,35,721,-2,341,-2,050,0,831,269,901,359,656,359,121,211,448,Curva 7.,44,66
192,74,-69,171,0,028,-299,877,-35,715,0,037,0,063,0,000,1,000,0,000,0,138,-0,196,35,715,12,250,3,058,-0,308,269,872,359,631,1,255,212,150,Curva 7.,44,68
192,76,-69,886,0,027,-299,885,-35,736,-0,032,-0,025,0,000,1,000,0,000,0,055,-0,250,35,735,-4,403,-3,468,1,026,269,870,359,651,0,115,212,856,Curva 7.,44,70
192,78,-70,601,0,027,-299,897,-35,734,0,008,-0,158,0,000,1,000,0,000,-0,119,-0,216,35,734,-6,677,1,869,-0,086,269,945,359,645,358,722,213,563,Curva 7.,44,72
192,80,-71,315,0,028,-299,884,-35,733,0,014,0,047,0,000,1,000,0,000,0,065,-0,212,35,733,10,251,0,173,-0,036,269,967,359,638,0,700,214,266,Curva 7.,44,74
192,82,-72,030,0,027,-299,881,-35,750,-0,032,0,088,0,000,1,000,0,000,0,120,-0,247,35,749,2,001,-2,325,0,804,269,942,359,658,0,852,214,970,Curva 7.,44,76
192,84,-72,745,0,028,-299,898,-35,743,0,038,-0,160,0,000,1,000,0,000,-0,136,-0,194,35,743,-12,459,3,225,-0,300,269,969,359,632,358,698,215,678,Curva 7.,44,78
192,86,-73,460,0,027,-299,892,-35,762,-0,031,-0,065,0,000,1,000,0,000,-0,043,-0,249,35,762,4,769,-3,469,0,932,269,965,359,650,359,933,216,383,Curva 7.,44,80
192,88,-74,176,0,027,-299,881,-35,761,0,006,0,059,0,000,1,000,0,000,0,124,-0,218,35,760,6,228,1,693,-0,073,269,888,359,647,1,282,217,087,Curva 7.,44,82
192,90,-74,891,0,028,-299,897,-35,758,0,017,-0,160,0,000,1,000,0,000,-0,074,-0,210,35,757,-10,948,0,428,-0,134,269,867,359,638,359,234,217,795,Curva 7.,44,84
192,92,-75,606,0,027,-299,902,-35,776,-0,035,-0,194,0,000,1,000,0,000,-0,125,-0,249,35,776,-1,678,-2,636,0,905,269,895,359,660,359,180,218,501,Curva 7.,44,86
192,94,-76,322,0,028,-299,887,-35,771,0,039,0,056,0,000,1,000,0,000,0,131,-0,194,35,770,12,589,3,415,-0,281,269,872,359,632,1,351,219,205,Curva 7.,44,88
192,96,-77,037,0,027,-299,896,-35,788,-0,030,-0,048,0,000,1,000,0,000,0,027,-0,248,35,787,-5,199,-3,437,0,845,269,880,359,650,0,014,219,913,Curva 7.,44,90
192,98,-77,753,0,027,-299,908,-35,786,0,003,-0,164,0,000,1,000,0,000,-0,131,-0,220,35,786,-5,834,1,483,-0,050,269,955,359,648,358,712,220,621,Curva 7.,44,92
193,00,-78,469,0,028,-299,894,-35,779,0,021,0,071,0,000,1,000,0,000,0,085,-0,206,35,779,11,744,0,719,-0,348,269,972,359,639,0,843,221,325,Curva 7.,44,94
193,02,-79,185,0,027,-299,892,-35,799,-0,039,0,088,0,000,1,000,0,000,0,124,-0,251,35,798,0,812,-2,979,0,981,269,937,359,663,0,763,222,032,Curva 7.,44,96
193,04,-79,901,0,028,-299,909,-35,793,0,039,-0,164,0,000,1,000,0,000,-0,128,-0,193,35,793,-12,675,3,565,-0,267,269,949,359,635,358,601,222,741,Curva 7.,44,98
193,06,-80,617,0,027,-299,901,-35,808,-0,025,-0,045,0,000,1,000,0,000,-0,005,-0,245,35,808,5,928,-3,222,0,730,269,935,359,649,0,073,223,447,Curva 7.,45,00
193,08,-81,333,0,027,-299,891,-35,809,-0,002,0,060,0,000,1,000,0,000,0,139,-0,223,35,809,5,296,1,079,0,047,269,865,359,650,1,279,224,153,Curva 7.,45,02
193,10,-82,049,0,028,-299,909,-35,800,0,026,-0,193,0,000,1,000,0,000,-0,103,-0,203,35,800,-12,699,1,166,-0,433,269,861,359,637,359,055,224,862,Curva 7.,45,04
193,12,-82,765,0,027,-299,911,-35,822,-0,043,-0,177,0,000,1,000,0,000,-0,113,-0,254,35,821,0,849,-3,428,1,057,269,902,359,664,359,354,225,570,Curva 7.,45,06
193,14,-83,482,0,027,-299,896,-35,817,0,035,0,067,0,000,1,000,0,000,0,122,-0,194,35,816,12,296,3,590,-0,218,269,903,359,638,1,434,226,275,Curva 7.,45,08
193,16,-84,198,0,027,-299,908,-35,829,-0,017,-0,066,0,000,1,000,0,000,-0,016,-0,238,35,828,-6,648,-2,631,0,563,269,920,359,647,359,803,226,985,Curva 7.,45,10
193,18,-84,915,0,027,-299,919,-35,832,-0,007,-0,158,0,000,1,000,0,000,-0,139,-0,228,35,831,-4,595,0,393,0,178,269,977,359,652,358,763,227,694,Curva 7.,45,12
193,20,-85,631,0,028,-299,902,-35,821,0,033,0,108,0,012,1,000,0,000,0,126,-0,198,35,820,13,333,1,748,-0,543,269,965,359,635,1,056,228,400,Curva 7.,45,14
193,22,-86,348,0,027,-299,904,-35,844,-0,045,0,056,0,032,1,000,0,000,0,085,-0,256,35,843,-2,649,-3,865,1,141,269,950,359,664,0,503,229,108,Curva 7.,45,16
193,24,-87,065,0,027,-299,920,-35,842,0,029,-0,155,0,032,1,000,0,000,-0,136,-0,199,35,841,-10,634,3,417,-0,110,269,977,359,642,358,592,229,819,Curva 7.,45,18
193,26,-87,782,0,027,-299,908,-35,848,-0,006,0,003,0,032,1,000,0,000,0,016,-0,229,35,847,7,924,-1,788,0,313,269,977,359,644,0,350,230,525,Curva 7.,45,20
193,28,-88,499,0,027,-299,901,-35,856,-0,014,0,087,0,032,1,000,0,000,0,124,-0,234,35,855,4,185,-0,478,0,375,269,933,359,653,1,155,231,233,Curva 7.,45,22
193,30,-89,216,0,028,-299,919,-35,846,0,039,-0,164,0,032,1,000,0,000,-0,136,-0,195,35,845,-12,629,2,381,-0,467,269,961,359,631,358,883,231,944,Curva 7.,45,24
193,32,-89,933,0,027,-299,916,-35,871,-0,041,-0,082,0,032,1,000,0,000,-0,071,-0,256,35,870,4,145,-3,952,1,216,269,985,359,657,359,643,232,653,Curva 7.,45,26
193,34,-90,651,0,027,-299,902,-35,870,0,021,0,121,0,032,1,000,0,000,0,143,-0,208,35,869,10,202,2,849,-0,015,269,957,359,640,1,401,233,360,Curva 7.,45,28
193,36,-91,368,0,027,-299,915,-35,874,0,001,-0,045,0,032,1,000,0,000,-0,024,-0,225,35,874,-8,293,-1,086,0,202,269,968,359,639,359,532,234,071,Curva 7.,45,30
193,38,-92,086,0,027,-299,922,-35,884,-0,022,-0,106,0,000,1,000,0,000,-0,118,-0,240,35,883,-3,026,-1,189,0,478,270,026,359,655,358,941,234,781,Curva 7.,45,32
193,40,-92,804,0,028,-299,904,-35,874,0,039,0,165,0,000,1,000,0,000,0,149,-0,195,35,874,13,610,2,749,-0,461,270,018,359,631,1,228,235,488,Curva 7.,45,34
193,42,-93,521,0,027,-299,907,-35,901,-0,042,0,105,0,000,1,000,0,000,0,083,-0,258,35,900,-3,008,-4,026,1,307,270,033,359,656,0,312,236,198,Curva 7.,45,36
193,44,-94,240,0,027,-299,920,-35,900,0,020,-0,047,0,000,1,000,0,000,-0,125,-0,209,35,899,-7,664,2,901,-0,044,270,133,359,640,358,646,236,910,Curva 7.,45,38
193,46,-94,957,0,027,-299,905,-35,897,0,006,0,153,0,000,1,000,0,000,0,038,-0,221,35,896,9,971,-0,804,-0,131,270,179,359,639,0,563,237,618,Curva 7.,45,40
193,48,-95,675,0,027,-299,898,-35,909,-0,026,0,222,0,000,1,000,0,000,0,117,-0,243,35,908,3,446,-1,645,0,594,270,162,359,657,1,017,238,327,Curva 7.,45,42
193,50,-96,394,0,028,-299,913,-35,900,0,041,-0,029,0,000,1,000,0,000,-0,145,-0,193,35,899,-12,607,3,092,-0,465,270,192,359,630,358,755,239,039,Curva 7.,45,44
193,52,-97,112,0,027,-299,906,-35,921,-0,038,0,048,0,000,1,000,0,000,-0,075,-0,255,35,920,3,843,-3,946,1,052,270,198,359,653,359,760,239,748,Curva 7.,45,46
193,54,-97,830,0,027,-299,891,-35,917,0,016,0,205,0,000,1,000,0,000,0,124,-0,212,35,917,7,921,2,509,-0,158,270,121,359,642,1,362,240,457,Curva 7.,45,48
193,56,-98,549,0,027,-299,903,-35,915,0,009,0,008,0,000,1,000,0,000,-0,048,-0,219,35,914,-9,842,-0,483,-0,121,270,094,359,638,359,389,241,169,Curva 7.,45,50
193,58,-99,267,0,027,-299,906,-35,928,-0,029,-0,051,0,000,1,000,0,000,-0,120,-0,247,35,927,-2,930,-1,954,0,643,270,116,359,657,359,016,241,880,Curva 7.,45,52
193,60,-99,986,0,028,-299,887,-35,918,0,041,0,206,0,000,1,000,0,000,0,149,-0,194,35,918,12,944,3,217,-0,484,270,084,359,630,1,289,242,588,Curva 7.,45,54
193,62,-100,704,0,027,-299,892,-35,939,-0,038,0,123,0,000,1,000,0,000,0,075,-0,256,35,938,-4,174,-3,944,1,006,270,076,359,653,0,192,243,300,Curva 7.,45,56
193,64,-101,423,0,027,-299,903,-35,934,0,013,-0,027,0,000,1,000,0,000,-0,116,-0,213,35,933,-7,551,2,387,-0,228,270,150,359,644,358,633,244,012,Curva 7.,45,58
193,66,-102,142,0,027,-299,887,-35,930,0,012,0,177,0,000,1,000,0,000,0,063,-0,216,35,930,10,173,-0,176,-0,155,270,178,359,638,0,662,244,721,Curva 7.,45,60
193,68,-102,860,0,027,-299,880,-35,945,-0,031,0,227,0,000,1,000,0,000,0,125,-0,248,35,944,2,491,-2,187,0,708,270,156,359,658,0,954,245,431,Curva 7.,45,62
193,70,-103,579,0,028,-299,896,-35,935,0,043,-0,037,0,000,1,000,0,000,-0,151,-0,193,35,934,-13,289,3,375,-0,499,270,188,359,630,358,664,246,145,Curva 7.,45,64
193,72,-104,298,0,027,-299,887,-35,954,-0,037,0,053,0,000,1,000,0,000,-0,068,-0,255,35,953,4,512,-3,965,0,948,270,194,359,653,359,856,246,855,Curva 7.,45,66
193,74,-105,017,0,027,-299,873,-35,948,0,011,0,193,0,000,1,000,0,000,0,114,-0,214,35,948,7,023,2,207,-0,274,270,118,359,646,1,367,247,565,Curva 7.,45,68
193,76,-105,736,0,027,-299,887,-35,945,0,015,-0,022,0,000,1,000,0,000,-0,076,-0,213,35,944,-10,710,0,083,-0,169,270,091,359,639,359,279,248,278,Curva 7.,45,70
193,78,-106,455,0,027,-299,889,-35,960,-0,034,-0,063,0,000,1,000,0,000,-0,129,-0,250,35,959,-2,014,-2,484,0,710,270,112,359,660,359,085,248,990,Curva 7.,45,72
193,80,-107,174,0,027,-299,870,-35,949,0,043,0,205,0,000,1,000,0,000,0,150,-0,192,35,949,13,479,3,520,-0,478,270,081,359,631,1,379,249,700,Curva 7.,45,74
193,82,-107,894,0,027,-299,876,-35,967,-0,035,0,107,0,000,1,000,0,000,0,056,-0,254,35,966,-4,935,-3,902,0,850,270,080,359,652,0,086,250,412,Curva 7.,45,76
193,84,-108,613,0,027,-299,887,-35,962,0,007,-0,027,0,003,1,000,0,000,-0,121,-0,217,35,961,-6,717,1,972,-0,258,270,158,359,648,358,628,251,126,Curva 7.,45,78
193,86,-109,332,0,027,-299,869,-35,958,0,018,0,202,0,051,1,000,0,000,0,085,-0,210,35,957,11,461,0,399,-0,173,270,182,359,638,0,797,251,835,Curva 7.,45,80
193,88,-110,051,0,027,-299,864,-35,971,-0,038,0,237,0,109,1,000,0,000,0,136,-0,252,35,971,1,696,-2,864,0,661,270,155,359,663,0,882,252,547,Curva 7.,45,82
193,90,-110,771,0,027,-299,879,-35,963,0,044,-0,035,0,109,1,000,0,000,-0,143,-0,191,35,962,-13,702,3,762,-0,439,270,179,359,632,358,561,253,261,Curva 7.,45,84
193,92,-111,490,0,027,-299,869,-35,977,-0,034,0,074,0,109,1,000,0,000,-0,038,-0,252,35,976,5,435,-3,888,0,708,270,177,359,653,359,975,253,972,Curva 7.,45,86
193,94,-112,210,0,027,-299,855,-35,972,0,004,0,225,0,109,1,000,0,000,0,136,-0,219,35,972,7,596,1,697,-0,216,270,132,359,651,1,445,254,683,Curva 7.,45,88
193,96,-112,929,0,027,-299,869,-35,968,0,022,0,021,0,109,1,000,0,000,-0,096,-0,206,35,967,-10,184,0,787,-0,220,270,191,359,639,359,201,255,397,Curva 7.,45,90
193,98,-113,649,0,027,-299,870,-35,982,-0,038,0,031,0,109,1,000,0,000,-0,150,-0,250,35,981,0,517,-3,021,0,665,270,293,359,666,359,163,256,110,Curva 7.,45,92
194,00,-114,368,0,027,-299,847,-35,969,0,042,0,368,0,109,1,000,0,000,0,156,-0,191,35,970,16,947,3,554,-0,511,270,328,359,636,1,578,256,819,Curva 7.,45,94
194,02,-115,088,0,027,-299,851,-35,986,-0,038,0,314,0,109,1,000,0,000,0,073,-0,254,35,987,-2,687,-4,008,0,817,270,384,359,657,0,075,257,533,Curva 7.,45,96
194,04,-115,808,0,027,-299,857,-35,985,0,009,0,219,0,119,1,000,0,000,-0,095,-0,214,35,985,-4,829,2,204,-0,093,270,508,359,650,358,565,258,247,Curva 7.,45,98
194,06,-116,527,0,027,-299,832,-35,974,0,022,0,526,0,119,1,000,0,000,0,157,-0,208,35,977,15,365,0,428,-0,399,270,582,359,637,0,994,258,956,Curva 7.,46,00
194,08,-117,247,0,026,-299,822,-35,991,-0,056,0,557,0,158,1,000,0,000,0,177,-0,264,35,994,1,505,-3,933,0,858,270,599,359,673,0,867,259,667,Curva 7.,46,02
194,10,-117,967,0,027,-299,831,-35,983,0,047,0,308,0,158,1,000,0,000,-0,110,-0,182,35,984,-12,570,4,814,-0,493,270,674,359,640,358,464,260,382,Curva 7.,46,04
194,12,-118,686,0,027,-299,812,-35,983,-0,028,0,484,0,158,1,000,0,000,0,020,-0,241,35,986,8,793,-3,794,0,092,270,738,359,661,0,156,261,092,Curva 7.,46,06
194,14,-119,406,0,027,-299,791,-35,978,-0,005,0,622,0,158,1,000,0,000,0,149,-0,219,35,982,6,917,0,987,-0,177,270,744,359,665,1,448,261,802,Curva 7.,46,08
194,16,-120,125,0,027,-299,800,-35,977,0,039,0,382,0,225,1,000,0,000,-0,132,-0,189,35,978,-12,020,1,982,-0,217,270,824,359,640,358,984,262,517,Curva 7.,46,10
194,18,-120,845,0,026,-299,788,-35,992,-0,043,0,474,0,283,1,000,0,000,-0,114,-0,252,35,994,4,618,-4,061,0,789,270,940,359,669,359,418,263,228,Curva 7.,46,12
194,20,-121,565,0,027,-299,758,-35,976,0,037,0,815,0,332,1,000,0,000,0,166,-0,193,35,984,17,154,3,524,-0,450,271,025,359,641,1,697,263,937,Curva 7.,46,14
194,22,-122,285,0,027,-299,757,-35,989,-0,016,0,730,0,332,1,000,0,000,0,005,-0,237,35,995,-4,222,-2,684,0,539,271,156,359,648,359,797,264,650,Curva 7.,46,16
194,24,-123,005,0,027,-299,752,-35,994,-0,006,0,698,0,390,1,000,0,000,-0,133,-0,226,36,000,-1,655,0,456,0,220,271,330,359,655,358,698,265,363,Curva 7.,46,18
194,26,-123,724,0,027,-299,713,-35,964,0,037,1,120,0,390,1,000,0,000,0,198,-0,196,35,981,21,206,1,642,-0,936,271,461,359,636,1,430,266,071,Curva 7.,46,20
194,28,-124,443,0,026,-299,697,-35,988,-0,076,1,138,0,390,1,000,0,000,0,127,-0,276,36,005,0,784,-5,691,1,197,271,604,359,684,0,595,266,782,Curva 7.,46,22
194,30,-125,164,0,027,-299,691,-35,988,0,036,1,028,0,390,1,000,0,000,-0,121,-0,183,36,002,-5,626,5,486,-0,137,271,836,359,656,358,504,267,495,Curva 7.,46,24
194,32,-125,882,0,027,-299,651,-35,965,0,000,1,392,0,390,1,000,0,000,0,088,-0,217,35,991,18,199,-2,069,-0,527,272,073,359,657,0,753,268,203,Curva 7.,46,26
194,34,-126,601,0,026,-299,616,-35,962,-0,041,1,615,0,390,1,000,0,000,0,166,-0,247,35,997,11,104,-2,333,0,311,272,298,359,679,1,452,268,911,Curva 7.,46,28
194,36,-127,322,0,027,-299,606,-35,958,0,075,1,482,0,400,1,000,0,000,-0,135,-0,160,35,988,-6,773,5,660,-0,478,272,580,359,630,358,778,269,624,Curva 7.,46,30
194,38,-128,040,0,027,-299,567,-35,938,-0,034,1,737,0,400,1,000,0,000,-0,045,-0,243,35,979,12,794,-5,408,-0,394,272,840,359,668,359,824,270,331,Curva 7.,46,32
194,40,-128,758,0,027,-299,513,-35,907,0,027,2,136,0,400,1,000,0,000,0,194,-0,201,35,969,20,129,2,385,-0,466,273,085,359,648,1,908,271,036,Curva 7.,46,34
194,42,-129,477,0,028,-299,489,-35,917,0,045,2,086,0,400,1,000,0,000,-0,020,-0,207,35,977,-2,526,0,890,0,342,273,359,359,600,359,515,271,746,Curva 7.,46,36
194,44,-130,197,0,028,-299,453,-35,921,0,033,2,145,0,400,1,000,0,000,-0,130,-0,247,35,984,2,918,-0,543,0,422,273,632,359,559,358,799,8,665,Curva 8.,46,38
194,46,-130,913,0,029,-299,382,-35,866,0,109,2,665,0,400,1,000,0,000,0,260,-0,230,35,964,26,245,3,001,-0,976,273,825,359,473,1,811,8,642,Curva 8.,46,40
194,48,-131,633,0,031,-299,334,-35,899,0,139,2,697,0,400,1,000,0,000,0,164,-0,296,35,999,1,473,1,440,1,779,274,025,359,313,1,182,8,701,Curva 8.,46,42
194,50,-132,353,0,035,-299,302,-35,908,0,278,2,632,0,400,1,000,0,000,-0,083,-0,232,36,004,-3,469,6,840,0,262,274,335,359,193,358,267,8,833,Curva 8.,46,44
194,52,-133,070,0,039,-299,237,-35,859,0,232,3,041,0,429,1,000,0,000,0,172,-0,315,35,987,20,589,-2,058,-0,804,274,579,359,125,359,347,8,990,Curva 8.,46,46
194,54,-133,784,0,043,-299,160,-35,770,0,143,3,229,0,429,1,000,0,000,0,280,-0,342,35,913,9,660,-4,642,-3,730,274,698,359,238,1,482,9,189,Curva 8.,46,48
194,56,-134,500,0,045,-299,107,-35,767,0,068,3,077,0,467,1,000,0,000,-0,036,-0,348,35,897,-7,622,-3,680,-0,865,274,969,359,336,0,435,9,460,Curva 8.,46,50
194,58,-135,214,0,047,-299,060,-35,724,0,004,3,040,0,467,1,000,0,000,-0,214,-0,332,35,851,-1,562,-3,216,-2,359,275,218,359,471,358,624,9,781,Curva 8.,46,52
194,60,-135,926,0,046,-298,981,-35,677,-0,107,3,408,0,526,1,000,0,000,0,065,-0,349,35,838,18,510,-5,770,-0,622,275,348,359,615,0,584,10,116,Curva 8.,46,54
194,62,-136,638,0,044,-298,905,-35,647,-0,129,3,633,0,584,1,000,0,000,0,181,-0,324,35,830,11,295,-1,329,-0,438,275,518,359,694,1,300,10,492,Curva 8.,46,56
194,64,-137,354,0,044,-298,852,-35,661,0,052,3,570,0,632,1,000,0,000,-0,068,-0,190,35,839,-3,379,8,965,0,446,275,832,359,615,358,807,10,921,Curva 8.,46,58
194,66,-138,067,0,045,-298,773,-35,638,0,062,3,848,0,661,1,000,0,000,-0,044,-0,221,35,845,13,925,0,583,0,370,276,236,359,548,359,667,11,359,Curva 8.,46,60
194,68,-138,778,0,048,-298,675,-35,582,0,175,4,368,0,739,1,000,0,000,0,225,-0,174,35,848,26,323,4,786,0,259,276,629,359,454,1,907,11,810,Curva 8.,46,62
194,70,-139,493,0,052,-298,601,-35,599,0,324,4,432,0,739,1,000,0,000,0,023,-0,143,35,875,3,095,7,389,1,326,277,059,359,255,0,216,12,303,Curva 8.,46,64
194,72,-140,207,0,058,-298,523,-35,605,0,343,4,551,0,797,1,000,0,000,-0,138,-0,195,35,895,5,864,1,071,1,101,277,512,359,148,358,656,12,816,Curva 8.,46,66
194,74,-140,916,0,063,-298,407,-35,526,0,212,5,157,0,797,1,000,0,000,0,269,-0,312,35,897,30,379,-7,130,0,113,277,819,359,173,1,152,13,322,Curva 8.,46,68
194,76,-141,625,0,065,-298,301,-35,445,0,117,5,328,0,797,1,000,0,000,0,288,-0,390,35,840,8,933,-4,943,-2,880,278,073,359,202,1,384,13,852,Curva 8.,46,70
194,78,-142,338,0,070,-298,219,-35,468,0,264,5,241,0,797,1,000,0,000,-0,011,-0,294,35,853,-4,672,7,225,0,604,278,438,359,108,358,241,14,414,Curva 8.,46,72
194,80,-143,046,0,073,-298,107,-35,383,0,186,5,600,0,797,1,000,0,000,0,069,-0,401,35,821,18,452,-3,531,-1,492,278,896,359,059,358,839,14,971,Curva 8.,46,74
194,82,-143,751,0,077,-297,974,-35,407,0,203,5,889,0,797,1,000,0,000,0,260,-0,389,35,891,14,098,0,413,3,477,279,013,359,067,1,501,15,529,Curva 8.,46,76
194,84,-144,457,0,081,-297,862,-35,274,0,166,5,876,0,797,1,000,0,000,0,079,-0,381,35,759,0,410,-1,736,-6,662,279,322,359,127,0,954,16,109,Curva 8.,46,78
194,86,-145,165,0,086,-297,767,-35,232,0,229,5,805,0,797,1,000,0,000,-0,178,-0,269,35,706,-3,279,3,091,-2,639,279,656,359,210,358,081,16,708,Curva 8.,46,80
194,88,-145,865,0,090,-297,637,-35,083,0,132,6,260,0,797,1,000,0,000,0,133,-0,306,35,635,23,763,-4,506,-3,510,279,909,359,293,359,290,17,295,Curva 8.,46,82
194,90,-146,567,0,093,-297,495,-35,178,0,161,6,447,0,797,1,000,0,000,0,271,-0,307,35,762,8,435,1,187,6,311,279,940,359,260,1,299,17,889,Curva 8.,46,84
194,92,-147,272,0,095,-297,384,-35,100,0,160,6,364,0,797,1,000,0,000,0,001,-0,321,35,671,-3,377,-0,051,-4,566,280,283,359,227,359,254,18,504,Curva 8.,46,86
194,94,-147,974,0,099,-297,266,-35,002,0,214,6,343,0,719,1,000,0,000,-0,164,-0,308,35,571,-0,255,2,777,-4,954,280,551,359,167,358,169,19,122,Curva 8.,46,88
194,96,-148,670,0,105,-297,109,-34,900,0,334,6,950,0,719,1,000,0,000,0,238,-0,271,35,585,30,897,5,225,0,822,280,868,359,035,1,395,19,728,Curva 8.,46,90
194,98,-149,371,0,112,-296,974,-34,939,0,430,7,067,0,632,1,000,0,000,0,131,-0,302,35,648,5,438,4,657,3,149,281,217,358,826,0,897,20,352,Curva 8.,46,92
195,00,-150,076,0,124,-296,856,-34,968,0,656,7,047,0,555,1,000,0,000,-0,160,-0,184,35,676,-1,721,11,215,1,468,281,663,358,662,357,659,20,990,Curva 8.,46,94
195,02,-150,772,0,135,-296,699,-34,833,0,621,7,645,0,555,1,000,0,000,0,193,-0,259,35,666,30,687,-1,197,-0,412,282,077,358,581,358,937,21,614,Curva 8.,46,96
195,04,-151,464,0,146,-296,531,-34,744,0,483,7,894,0,448,1,000,0,000,0,325,-0,321,35,630,13,002,-7,042,-1,846,282,271,358,714,0,833,22,237,Curva 8.,46,98
195,06,-152,161,0,155,-296,386,-34,739,0,443,7,803,0,448,1,000,0,000,0,027,-0,318,35,606,-4,353,-1,995,-1,270,282,620,358,775,359,573,22,874,Curva 8.,47,00
195,08,-152,857,0,163,-296,243,-34,670,0,352,7,785,0,448,1,000,0,000,-0,140,-0,365,35,533,0,015,-4,508,-3,647,282,903,358,853,357,932,23,516,Curva 8.,47,02
195,10,-153,546,0,168,-296,069,-34,574,0,243,8,169,0,400,1,000,0,000,0,118,-0,434,35,524,19,824,-5,362,-0,441,283,105,358,906,359,852,24,149,Curva 8.,47,04
195,12,-154,236,0,173,-295,902,-34,549,0,238,8,358,0,390,1,000,0,000,0,181,-0,427,35,544,9,488,-0,291,0,983,283,305,358,929,0,171,24,789,Curva 8.,47,06
195,14,-154,932,0,182,-295,752,-34,564,0,472,8,313,0,400,1,000,0,000,-0,018,-0,253,35,552,-2,851,11,582,0,430,283,568,358,833,357,757,25,441,Curva 8.,47,08
195,16,-155,622,0,192,-295,577,-34,513,0,542,8,596,0,477,1,000,0,000,0,084,-0,224,35,571,14,311,3,786,0,996,283,860,358,763,358,717,26,085,Curva 8.,47,10
195,18,-156,310,0,205,-295,389,-34,430,0,687,8,990,0,477,1,000,0,000,0,287,-0,141,35,589,20,148,7,050,0,937,284,169,358,671,0,462,26,728,Curva 8.,47,12
195,20,-157,005,0,220,-295,228,-34,488,0,766,8,913,0,477,1,000,0,000,0,002,-0,128,35,629,-4,573,3,773,1,950,284,494,358,562,357,987,27,387,Curva 8.,47,14
195,22,-157,696,0,233,-295,053,-34,503,0,709,8,996,0,506,1,000,0,000,-0,098,-0,231,35,662,3,948,-2,756,1,692,284,787,358,497,357,634,28,042,Curva 8.,47,16
195,24,-158,380,0,247,-294,849,-34,354,0,722,9,481,0,506,1,000,0,000,0,274,-0,225,35,644,25,319,0,610,-0,878,284,986,358,480,0,187,28,689,Curva 8.,47,18
195,26,-159,070,0,262,-294,665,-34,368,0,753,9,543,0,506,1,000,0,000,0,200,-0,257,35,675,2,828,1,552,1,508,285,202,358,373,359,407,29,347,Curva 8.,47,20
195,28,-159,763,0,278,-294,494,-34,377,0,813,9,498,0,506,1,000,0,000,-0,030,-0,248,35,673,-2,480,2,851,-0,083,285,515,358,299,356,718,30,012,Curva 8.,47,22
195,30,-160,447,0,291,-294,292,-34,239,0,702,9,880,0,496,1,000,0,000,0,196,-0,354,35,641,20,474,-4,708,-1,568,285,804,358,290,357,767,30,668,Curva 8.,47,24
195,32,-161,129,0,304,-294,082,-34,255,0,597,10,051,0,496,1,000,0,000,0,308,-0,414,35,700,8,053,-5,267,2,924,285,867,358,373,359,338,31,323,Curva 8.,47,26
195,34,-161,816,0,317,-293,895,-34,193,0,620,9,915,0,496,1,000,0,000,0,036,-0,367,35,605,-5,713,1,099,-4,803,286,134,358,410,357,870,31,987,Curva 8.,47,28
195,36,-162,500,0,330,-293,706,-34,101,0,596,9,896,0,496,1,000,0,000,-0,099,-0,352,35,511,0,440,-1,038,-4,749,286,375,358,479,356,687,32,651,Curva 8.,47,30
195,38,-163,177,0,341,-293,490,-34,023,0,580,10,291,0,496,1,000,0,000,0,176,-0,335,35,548,20,080,-0,434,1,905,286,558,358,520,358,692,33,308,Curva 8.,47,32
195,40,-163,858,0,353,-293,287,-33,987,0,553,10,376,0,496,1,000,0,000,0,168,-0,316,35,538,4,618,-1,153,-0,530,286,723,358,591,358,146,33,971,Curva 8.,47,34
195,42,-164,542,0,368,-293,094,-34,022,0,719,10,344,0,496,1,000,0,000,-0,022,-0,167,35,567,-2,567,8,119,1,415,286,964,358,575,356,225,34,641,Curva 8.,47,36
195,44,-165,219,0,381,-292,872,-33,934,0,686,10,703,0,496,1,000,0,000,0,159,-0,170,35,588,18,478,-1,003,1,083,287,260,358,613,357,920,35,302,Curva 8.,47,38
195,46,-165,895,0,394,-292,651,-33,868,0,618,11,011,0,496,1,000,0,000,0,271,-0,179,35,617,15,770,-3,044,1,417,287,582,358,707,358,470,35,966,Curva 8.,47,40
195,48,-166,579,0,409,-292,449,-33,887,0,701,10,972,0,496,1,000,0,000,0,009,-0,099,35,626,-2,424,3,971,0,393,287,938,358,714,356,056,36,638,Curva 8.,47,42
195,50,-167,254,0,421,-292,224,-33,817,0,562,11,199,0,496,1,000,0,000,0,058,-0,193,35,627,12,260,-6,266,0,099,288,249,358,781,356,737,37,304,Curva 8.,47,44
195,52,-167,925,0,431,-291,984,-33,679,0,518,11,568,0,448,1,000,0,000,0,278,-0,211,35,612,19,734,-1,634,-0,768,288,519,358,815,358,434,37,967,Curva 8.,47,46
195,54,-168,603,0,441,-291,765,-33,681,0,562,11,570,0,448,1,000,0,000,0,095,-0,252,35,616,-0,063,2,194,0,186,288,828,358,684,356,816,38,639,Curva 8.,47,48
195,56,-169,280,0,451,-291,542,-33,664,0,495,11,636,0,448,1,000,0,000,-0,033,-0,341,35,620,3,631,-3,063,0,225,289,163,358,661,355,613,39,312,Curva 8.,47,50
195,58,-169,947,0,459,-291,293,-33,524,0,371,12,026,0,438,1,000,0,000,0,220,-0,366,35,615,20,997,-5,295,-0,252,289,408,358,800,357,450,39,975,Curva 8.,47,52
195,60,-170,617,0,468,-291,054,-33,481,0,338,12,090,0,438,1,000,0,000,0,192,-0,296,35,596,3,792,-1,440,-1,021,289,569,358,966,357,241,40,643,Curva 8.,47,54
195,62,-171,293,0,478,-290,829,-33,519,0,477,12,060,0,438,1,000,0,000,0,002,-0,173,35,625,-2,690,6,720,1,402,289,809,358,955,354,841,41,318,Curva 8.,47,56
195,64,-171,959,0,484,-290,575,-33,451,0,305,12,337,0,438,1,000,0,000,0,129,-0,304,35,653,14,714,-7,729,1,421,290,068,359,010,356,366,41,986,Curva 8.,47,58
195,66,-172,623,0,489,-290,319,-33,288,0,225,12,605,0,438,1,000,0,000,0,223,-0,322,35,593,15,536,-3,299,-3,030,290,403,359,106,357,551,42,652,Curva 8.,47,60
195,68,-173,296,0,497,-290,085,-33,318,0,371,12,542,0,438,1,000,0,000,-0,074,-0,222,35,601,-4,072,7,006,0,410,290,776,359,057,355,174,43,329,Curva 8.,47,62
195,70,-173,962,0,503,-289,833,-33,260,0,301,12,730,0,438,1,000,0,000,-0,061,-0,247,35,613,10,081,-2,673,0,639,291,075,359,128,355,158,44,000,Curva 8.,47,64
195,72,-174,620,0,509,-289,558,-33,141,0,265,13,173,0,438,1,000,0,000,0,310,-0,213,35,662,22,886,-0,743,2,444,291,196,359,209,357,237,44,666,Curva 8.,47,66
195,74,-175,285,0,515,-289,303,-33,107,0,278,13,180,0,438,1,000,0,000,0,212,-0,196,35,634,0,855,0,718,-1,449,291,387,359,216,356,175,45,339,Curva 8.,47,68
195,76,-175,954,0,521,-289,054,-33,132,0,258,13,152,0,438,1,000,0,000,-0,001,-0,205,35,647,-1,638,-1,184,0,625,291,686,359,259,354,077,46,016,Curva 8.,47,70
195,78,-176,611,0,524,-288,780,-33,001,0,134,13,468,0,438,1,000,0,000,0,171,-0,269,35,642,17,582,-4,787,-0,233,291,963,359,332,355,361,46,685,Curva 8.,47,72
195,80,-177,267,0,524,-288,503,-32,913,-0,012,13,606,0,438,1,000,0,000,0,212,-0,331,35,612,8,469,-6,750,-1,554,292,152,359,467,356,471,47,353,Curva 8.,47,74
195,82,-177,931,0,525,-288,244,-32,966,0,000,13,572,0,448,1,000,0,000,-0,013,-0,333,35,649,-2,659,0,311,1,822,292,445,359,470,354,781,48,031,Curva 8.,47,76
195,84,-178,589,0,524,-287,975,-32,846,-0,094,13,631,0,448,1,000,0,000,-0,026,-0,369,35,561,5,481,-4,142,-4,435,292,638,359,565,354,331,48,703,Curva 8.,47,78
195,86,-179,240,0,522,-287,687,-32,747,-0,112,13,973,0,448,1,000,0,000,0,250,-0,309,35,601,17,719,0,367,1,998,292,742,359,655,355,983,49,371,Curva 8.,47,80
195,88,-179,897,0,521,-287,415,-32,739,-0,095,14,000,0,448,1,000,0,000,0,181,-0,238,35,606,1,335,0,962,0,197,292,896,359,745,354,951,50,046,Curva 8.,47,82
195,90,-180,557,0,522,-287,144,-32,778,0,012,14,000,0,438,1,000,0,000,0,009,-0,166,35,642,-1,349,5,193,1,795,293,144,359,715,353,626,50,724,Curva 8.,47,84
195,92,-181,207,0,520,-286,849,-32,652,-0,018,14,346,0,448,1,000,0,000,0,191,-0,208,35,663,18,419,-0,045,1,078,293,439,359,671,355,473,51,394,Curva 8.,47,86
195,94,-181,861,0,518,-286,561,-32,598,-0,096,14,544,0,448,1,000,0,000,0,215,-0,283,35,693,10,458,-3,084,1,503,293,738,359,674,355,368,52,069,Curva 8.,47,88
195,96,-182,520,0,520,-286,285,-32,614,0,012,14,513,0,438,1,000,0,000,-0,018,-0,199,35,697,-2,398,5,191,0,165,294,054,359,666,353,273,52,749,Curva 8.,47,90
195,98,-183,167,0,518,-285,985,-32,500,-0,101,14,775,0,448,1,000,0,000,0,118,-0,225,35,699,14,760,-4,278,0,123,294,293,359,784,354,497,53,421,Curva 8.,47,92
196,00,-183,812,0,515,-285,679,-32,373,-0,164,15,069,0,448,1,000,0,000,0,307,-0,206,35,707,16,219,-1,880,0,362,294,496,359,895,355,599,54,092,Curva 8.,47,94
196,02,-184,467,0,514,-285,394,-32,407,-0,134,15,022,0,448,1,000,0,000,0,080,-0,176,35,719,-2,994,1,111,0,538,294,775,359,920,353,343,54,772,Curva 8.,47,96
196,04,-185,115,0,510,-285,093,-32,355,-0,238,15,137,0,448,1,000,0,000,0,020,-0,260,35,721,6,854,-4,389,0,079,295,088,359,963,353,359,55,448,Curva 8.,47,98
196,06,-185,753,0,504,-284,774,-32,159,-0,243,15,493,0,448,1,000,0,000,0,244,-0,238,35,696,20,235,1,345,-1,204,295,362,359,978,355,427,56,118,Curva 8.,48,00
196,08,-186,401,0,500,-284,470,-32,150,-0,194,15,550,0,448,1,000,0,000,0,130,-0,245,35,713,2,493,2,692,0,821,295,641,359,901,354,407,56,795,Curva 8.,48,02
196,10,-187,050,0,498,-284,172,-32,136,-0,148,15,578,0,448,1,000,0,000,-0,025,-0,245,35,713,1,267,2,502,-0,006,295,952,359,852,352,506,57,475,Curva 8.,48,04
196,12,-187,685,0,491,-283,845,-31,956,-0,322,15,929,0,448,1,000,0,000,0,232,-0,324,35,705,20,509,-6,717,-0,368,296,176,359,963,354,305,58,145,Curva 8.,48,06
196,14,-188,320,0,484,-283,524,-31,811,-0,434,16,079,0,448,1,000,0,000,0,302,-0,305,35,644,10,407,-4,616,-3,151,296,377,0,164,354,638,58,815,Curva 8.,48,08
196,16,-188,965,0,480,-283,219,-31,852,-0,294,16,015,0,448,1,000,0,000,0,031,-0,172,35,652,-4,709,6,409,0,362,296,680,0,192,352,211,59,494,Curva 8.,48,10
196,18,-189,599,0,471,-282,891,-31,760,-0,396,16,231,0,448,1,000,0,000,0,087,-0,268,35,669,12,234,-3,700,0,857,296,982,0,193,353,194,60,165,Curva 8.,48,12
196,20,-190,228,0,462,-282,553,-31,589,-0,383,16,566,0,448,1,000,0,000,0,245,-0,256,35,670,18,669,2,329,0,079,297,318,0,170,354,879,60,834,Curva 8.,48,14
196,22,-190,867,0,458,-282,234,-31,604,-0,240,16,569,0,448,1,000,0,000,0,017,-0,209,35,685,-1,062,7,100,0,746,297,680,0,049,353,030,61,513,Curva 8.,48,16
196,24,-191,503,0,453,-281,909,-31,568,-0,246,16,684,0,448,1,000,0,000,-0,059,-0,240,35,706,5,887,0,492,1,083,298,004,0,027,352,050,62,189,Curva 8.,48,18
196,26,-192,125,0,445,-281,555,-31,359,-0,334,17,128,0,448,1,000,0,000,0,327,-0,258,35,730,24,831,-1,899,1,254,298,163,0,072,354,179,62,856,Curva 8.,48,20
196,28,-192,753,0,439,-281,217,-31,308,-0,365,17,140,0,438,1,000,0,000,0,266,-0,278,35,692,1,925,-1,318,-1,940,298,324,0,096,353,674,63,528,Curva 8.,48,22
196,30,-193,389,0,434,-280,890,-31,359,-0,316,17,082,0,390,1,000,0,000,0,019,-0,274,35,710,-4,118,1,839,0,858,298,615,0,068,351,256,64,207,Curva 8.,48,24
196,32,-194,012,0,425,-280,541,-31,220,-0,436,17,333,0,390,1,000,0,000,0,124,-0,371,35,709,15,047,-3,980,-0,034,298,922,0,082,352,234,64,878,Curva 8.,48,26
196,34,-194,629,0,415,-280,184,-31,087,-0,488,17,475,0,332,1,000,0,000,0,171,-0,349,35,663,9,628,-1,615,-2,332,299,128,0,198,353,934,65,545,Curva 8.,48,28
196,36,-195,257,0,407,-279,844,-31,127,-0,458,17,469,0,332,1,000,0,000,-0,033,-0,313,35,695,-1,404,1,353,1,590,299,419,0,242,352,624,66,221,Curva 8.,48,30
196,38,-195,882,0,399,-279,504,-31,017,-0,456,17,472,0,216,1,000,0,000,-0,089,-0,280,35,601,2,790,0,465,-4,700,299,603,0,311,351,205,66,895,Curva 8.,48,32
196,40,-196,493,0,388,-279,137,-30,846,-0,538,17,839,0,109,1,000,0,000,0,251,-0,284,35,635,20,533,-1,610,1,681,299,696,0,363,353,107,67,560,Curva 8.,48,34
196,42,-197,110,0,376,-278,781,-30,792,-0,593,17,904,0,000,1,000,0,000,0,292,-0,302,35,621,4,478,-2,220,-0,706,299,770,0,413,352,863,68,231,Curva 8.,48,36
196,44,-197,735,0,368,-278,438,-30,868,-0,476,17,815,0,000,1,000,0,000,0,070,-0,238,35,642,-6,640,4,819,1,005,299,942,0,369,350,655,68,908,Curva 8.,48,38
196,46,-198,348,0,357,-278,073,-30,814,-0,510,17,965,0,000,1,000,0,000,0,141,-0,262,35,671,7,991,-0,567,1,469,300,077,0,372,351,958,69,577,Curva 8.,48,40
196,48,-198,960,0,347,-277,704,-30,755,-0,437,18,106,0,000,1,000,0,000,0,247,-0,191,35,691,7,111,4,528,0,986,300,128,0,350,353,170,70,247,Curva 8.,48,42
196,50,-199,586,0,342,-277,360,-30,881,-0,327,17,910,0,000,1,000,0,000,-0,029,-0,152,35,700,-12,397,3,574,0,447,300,197,0,291,350,703,70,928,Curva 8.,48,44
196,52,-200,205,0,334,-277,002,-30,913,-0,412,17,918,0,051,1,000,0,000,-0,035,-0,262,35,732,0,269,-4,266,1,624,300,222,0,256,350,610,71,604,Curva 8.,48,46
196,54,-200,812,0,324,-276,625,-30,753,-0,386,18,175,0,051,1,000,0,000,0,281,-0,215,35,723,14,850,3,124,-0,452,300,177,0,222,352,995,72,274,Curva 8.,48,48
196,56,-201,432,0,317,-276,269,-30,826,-0,321,18,071,0,129,1,000,0,000,0,162,-0,218,35,733,-6,716,2,326,0,524,300,171,0,132,351,984,72,953,Curva 8.,48,50
196,58,-202,058,0,314,-275,921,-30,873,-0,261,18,000,0,129,1,000,0,000,-0,001,-0,225,35,737,-4,748,2,224,0,220,300,309,0,063,349,796,73,636,Curva 8.,48,52
196,60,-202,669,0,303,-275,551,-30,783,-0,457,18,175,0,216,1,000,0,000,0,184,-0,361,35,748,11,227,-8,180,0,540,300,356,0,114,351,225,74,311,Curva 8.,48,54
196,62,-203,278,0,293,-275,182,-30,652,-0,530,18,245,0,264,1,000,0,000,0,271,-0,332,35,673,6,783,-2,782,-3,831,300,404,0,264,352,130,74,984,Curva 8.,48,56
196,64,-203,901,0,288,-274,833,-30,744,-0,388,18,092,0,332,1,000,0,000,-0,020,-0,212,35,674,-10,052,5,448,0,039,300,567,0,292,349,967,75,666,Curva 8.,48,58
196,66,-204,516,0,279,-274,468,-30,737,-0,428,18,207,0,332,1,000,0,000,0,000,-0,263,35,726,5,396,-1,110,2,613,300,711,0,270,350,266,76,345,Curva 8.,48,60
196,68,-205,122,0,268,-274,089,-30,565,-0,415,18,508,0,487,1,000,0,000,0,266,-0,246,35,733,17,076,3,067,0,360,300,830,0,215,351,931,77,020,Curva 8.,48,62
196,70,-205,741,0,262,-273,730,-30,591,-0,384,18,497,0,487,1,000,0,000,0,155,-0,251,35,749,-1,397,1,364,0,799,300,985,0,176,350,093,77,703,Curva 8.,48,64
196,72,-206,357,0,257,-273,365,-30,593,-0,299,18,538,0,535,1,000,0,000,0,051,-0,203,35,772,0,876,4,498,1,141,301,193,0,143,349,354,78,385,Curva 8.,48,66
196,74,-206,958,0,248,-272,976,-30,362,-0,318,18,902,0,535,1,000,0,000,0,346,-0,190,35,765,21,461,2,196,-0,345,301,401,0,127,351,593,79,058,Curva 8.,48,68
196,76,-207,571,0,241,-272,606,-30,387,-0,419,18,924,0,526,1,000,0,000,0,225,-0,282,35,799,1,142,-4,920,1,647,301,635,0,165,350,298,79,740,Curva 8.,48,70
196,78,-208,187,0,236,-272,240,-30,406,-0,351,18,895,0,448,1,000,0,000,-0,001,-0,245,35,799,-2,380,2,987,0,008,301,938,0,178,348,530,80,423,Curva 8.,48,72
196,80,-208,783,0,226,-271,844,-30,154,-0,409,19,257,0,448,1,000,0,000,0,237,-0,221,35,779,22,229,0,614,-0,988,302,245,0,245,350,936,81,096,Curva 8.,48,74
196,82,-209,385,0,217,-271,459,-30,059,-0,510,19,416,0,264,1,000,0,000,0,264,-0,260,35,787,9,923,-3,530,0,333,302,509,0,338,350,856,81,773,Curva 8.,48,76
196,84,-209,998,0,213,-271,087,-30,067,-0,337,19,383,0,167,1,000,0,000,0,001,-0,163,35,774,-3,325,8,127,-0,647,302,860,0,283,348,211,82,457,Curva 8.,48,78
196,86,-210,593,0,201,-270,689,-29,871,-0,484,19,628,0,167,1,000,0,000,0,127,-0,282,35,745,16,678,-4,432,-1,423,303,190,0,294,349,618,83,130,Curva 8.,48,80
196,88,-211,181,0,190,-270,283,-29,664,-0,419,19,919,0,158,1,000,0,000,0,272,-0,230,35,731,17,186,5,853,-0,644,303,504,0,243,351,551,83,801,Curva 8.,48,82
196,90,-211,788,0,187,-269,901,-29,744,-0,242,19,818,0,167,1,000,0,000,-0,049,-0,203,35,741,-7,994,7,435,0,501,303,815,0,084,348,979,84,483,Curva 8.,48,84
196,92,-212,386,0,181,-269,508,-29,748,-0,250,19,829,0,167,1,000,0,000,-0,126,-0,305,35,750,0,393,-0,310,0,490,303,981,359,962,348,519,85,161,Curva 8.,48,86
196,94,-212,966,0,173,-269,088,-29,500,-0,149,20,166,0,235,1,000,0,000,0,239,-0,294,35,732,19,959,8,010,-0,819,304,045,359,717,351,698,85,829,Curva 8.,48,88
196,96,-213,561,0,170,-268,689,-29,579,-0,147,20,124,0,322,1,000,0,000,0,119,-0,329,35,774,-3,904,-0,531,2,091,304,123,359,685,351,097,86,506,Curva 8.,48,90
196,98,-214,165,0,174,-268,305,-29,717,-0,011,19,920,0,400,1,000,0,000,-0,229,-0,211,35,774,-13,440,4,211,-0,026,304,261,359,760,348,481,87,188,Curva 8.,48,92
197,00,-214,751,0,172,-267,893,-29,568,0,049,20,157,0,400,1,000,0,000,-0,017,-0,156,35,785,13,281,5,345,0,562,304,353,359,681,350,189,87,862,Curva 8.,48,94
197,02,-215,332,0,170,-267,474,-29,497,0,045,20,295,0,419,1,000,0,000,0,181,-0,173,35,804,7,660,0,795,0,982,304,277,359,616,352,620,88,533,Curva 8.,48,96
197,04,-215,931,0,171,-267,081,-29,670,0,001,20,074,0,419,1,000,0,000,-0,158,-0,286,35,821,-13,495,-4,345,0,846,304,401,359,585,351,164,89,216,Curva 8.,48,98
197,06,-216,530,0,171,-266,690,-29,658,-0,122,19,972,0,419,1,000,0,000,-0,338,-0,361,35,753,-2,727,-6,716,-3,394,304,591,359,721,349,805,89,897,Curva 8.,49,00
197,08,-217,112,0,166,-266,275,-29,474,-0,177,20,263,0,419,1,000,0,000,-0,022,-0,353,35,766,17,445,-0,254,0,660,304,623,359,729,351,810,90,570,Curva 8.,49,02
197,10,-217,695,0,161,-265,863,-29,322,-0,237,20,380,0,419,1,000,0,000,0,122,-0,355,35,708,9,401,-1,852,-2,918,304,677,359,791,352,813,91,244,Curva 8.,49,04
197,12,-218,294,0,159,-265,470,-29,445,-0,159,20,310,0,419,1,000,0,000,-0,167,-0,326,35,769,-6,916,2,777,3,063,304,946,359,784,350,548,91,928,Curva 8.,49,06
197,14,-218,880,0,155,-265,062,-29,328,-0,215,20,407,0,283,1,000,0,000,-0,207,-0,343,35,728,7,675,-1,586,-1,982,305,246,359,854,350,911,92,605,Curva 8.,49,08
197,16,-219,453,0,151,-264,633,-29,046,-0,091,20,811,0,283,1,000,0,000,0,115,-0,202,35,731,23,815,8,874,0,218,305,474,359,804,353,664,93,275,Curva 8.,49,10
197,18,-220,041,0,151,-264,225,-29,025,-0,027,20,898,0,119,1,000,0,000,0,021,-0,166,35,765,3,665,3,744,1,716,305,758,359,776,352,048,93,954,Curva 8.,49,12
197,20,-220,631,0,153,-263,819,-29,058,0,039,20,889,0,119,1,000,0,000,-0,216,-0,167,35,786,-1,891,3,002,1,069,306,098,359,733,350,204,94,636,Curva 8.,49,14
197,22,-221,196,0,149,-263,379,-28,751,-0,063,21,279,0,090,1,000,0,000,0,157,-0,227,35,768,25,242,-2,126,-0,804,306,300,359,710,353,212,95,304,Curva 8.,49,16
197,24,-221,769,0,147,-262,950,-28,678,-0,134,21,415,0,090,1,000,0,000,0,270,-0,255,35,790,7,974,-2,629,1,057,306,367,359,759,353,492,95,977,Curva 8.,49,18
197,26,-222,361,0,152,-262,547,-28,871,0,083,21,143,0,129,1,000,0,000,-0,155,-0,118,35,785,-18,314,7,723,-0,276,306,495,359,724,349,768,96,661,Curva 8.,49,20
197,28,-222,936,0,150,-262,118,-28,781,0,055,21,246,0,206,1,000,0,000,-0,091,-0,250,35,773,6,957,-0,280,-0,530,306,645,359,541,350,556,97,336,Curva 8.,49,22
197,30,-223,497,0,149,-261,672,-28,716,0,163,21,344,0,206,1,000,0,000,0,090,-0,238,35,779,5,266,5,981,0,321,306,518,359,344,354,043,98,005,Curva 8.,49,24
197,32,-224,078,0,151,-261,252,-28,858,0,145,21,110,0,448,1,000,0,000,-0,128,-0,375,35,753,-13,452,-2,460,-1,222,306,459,359,195,353,320,98,685,Curva 8.,49,26
197,34,-224,669,0,157,-260,846,-28,971,0,195,21,088,0,671,1,000,0,000,-0,294,-0,406,35,830,-4,600,1,694,3,896,306,623,359,127,350,373,99,371,Curva 8.,49,28
197,36,-225,240,0,157,-260,420,-28,648,0,024,21,183,0,671,1,000,0,000,0,075,-0,491,35,625,14,621,-6,150,-10,305,306,487,359,163,350,795,100,044,Curva 8.,49,30
197,38,-225,801,0,155,-259,980,-28,629,-0,051,21,317,0,739,1,000,0,000,0,376,-0,481,35,688,6,375,-3,070,3,142,306,164,359,245,353,200,100,714,Curva 8.,49,32
197,40,-226,375,0,155,-259,562,-28,630,-0,097,21,066,0,739,1,000,0,000,0,160,-0,437,35,542,-9,810,-3,529,-7,357,306,180,359,425,352,571,101,389,Curva 8.,49,34
197,42,-226,964,0,159,-259,158,-28,781,0,064,21,057,0,768,1,000,0,000,-0,125,-0,319,35,660,-6,187,7,002,5,874,306,481,359,430,349,534,102,073,Curva 8.,49,36
197,44,-227,528,0,157,-258,728,-28,508,-0,082,21,198,0,777,1,000,0,000,0,031,-0,360,35,524,14,742,-5,060,-6,800,306,673,359,551,351,154,102,744,Curva 8.,49,38
197,46,-228,085,0,155,-258,287,-28,224,-0,014,21,532,0,777,1,000,0,000,0,219,-0,229,35,498,21,389,5,840,-1,262,307,030,359,616,353,676,103,412,Curva 8.,49,40
197,48,-228,665,0,161,-257,873,-28,248,0,294,21,541,0,777,1,000,0,000,-0,188,-0,115,35,525,-2,796,15,115,1,423,307,656,359,391,350,965,104,093,Curva 8.,49,42
197,50,-229,240,0,168,-257,450,-28,125,0,320,21,759,0,758,1,000,0,000,-0,378,-0,217,35,558,11,902,3,535,1,946,308,391,359,255,349,269,104,772,Curva 8.,49,44
197,52,-229,783,0,168,-256,990,-27,611,0,120,22,402,0,758,1,000,0,000,0,066,-0,308,35,555,42,132,-4,530,0,140,309,013,359,301,352,506,105,434,Curva 8.,49,46
197,54,-230,334,0,171,-256,542,-27,472,0,173,22,500,0,729,1,000,0,000,-0,046,-0,263,35,509,7,781,3,701,-2,216,309,446,359,310,352,601,106,101,Curva 8.,49,48
197,56,-230,901,0,181,-256,110,-27,449,0,358,22,569,0,719,1,000,0,000,-0,310,-0,194,35,536,1,588,9,709,1,454,309,978,359,208,349,243,106,777,Curva 8.,49,50
197,58,-231,444,0,182,-255,653,-27,057,0,080,22,964,0,719,1,000,0,000,-0,041,-0,417,35,486,29,798,-8,611,-2,253,310,510,359,221,349,522,107,440,Curva 8.,49,52
197,60,-231,972,0,180,-255,177,-26,857,-0,029,23,255,0,719,1,000,0,000,0,236,-0,444,35,523,18,166,-2,897,1,824,310,613,359,284,351,859,108,095,Curva 8.,49,54
197,62,-232,509,0,180,-254,716,-26,760,-0,057,23,235,0,719,1,000,0,000,0,161,-0,418,35,437,2,591,-1,026,-4,341,310,809,359,386,351,490,108,756,Curva 8.,49,56
197,64,-233,058,0,184,-254,267,-26,753,0,010,23,183,0,758,1,000,0,000,-0,028,-0,364,35,399,-2,356,3,007,-1,933,311,072,359,415,348,664,109,422,Curva 8.,49,58
197,66,-233,584,0,179,-253,797,-26,507,-0,245,23,376,0,835,1,000,0,000,0,120,-0,463,35,340,17,342,-9,841,-2,955,311,348,359,624,349,836,110,076,Curva 8.,49,60
197,68,-234,105,0,175,-253,316,-26,382,-0,155,23,687,0,835,1,000,0,000,0,237,-0,313,35,454,15,002,6,657,5,684,311,613,359,696,351,792,110,729,Curva 8.,49,62
197,70,-234,645,0,178,-252,857,-26,320,0,052,23,636,0,893,1,000,0,000,-0,083,-0,164,35,375,-1,736,10,252,-3,973,312,105,359,680,349,371,111,393,Curva 8.,49,64
197,72,-235,178,0,180,-252,388,-26,255,0,086,23,798,0,893,1,000,0,000,-0,272,-0,213,35,434,7,676,3,276,3,122,312,690,359,612,348,502,112,055,Curva 8.,49,66
197,74,-235,682,0,178,-251,888,-25,730,0,072,24,350,0,893,1,000,0,000,0,111,-0,179,35,425,37,814,4,675,-0,189,313,285,359,572,351,921,112,700,Curva 8.,49,68
197,76,-236,200,0,182,-251,402,-25,618,0,249,24,541,0,893,1,000,0,000,-0,008,-0,117,35,476,9,310,10,318,2,649,313,811,359,412,351,448,113,356,Curva 8.,49,70
197,78,-236,732,0,193,-250,927,-25,557,0,440,24,644,0,835,1,000,0,000,-0,290,-0,085,35,505,3,715,10,539,1,555,314,444,359,253,347,992,114,019,Curva 8.,49,72
197,80,-237,232,0,194,-250,424,-25,029,0,145,25,101,0,748,1,000,0,000,0,093,-0,369,35,446,36,983,-7,813,-2,669,315,049,359,151,349,003,114,666,Curva 8.,49,74
197,82,-237,721,0,191,-249,908,-24,865,-0,048,25,358,0,748,1,000,0,000,0,277,-0,515,35,509,16,179,-7,322,3,172,315,247,359,188,351,269,115,306,Curva 8.,49,76
197,84,-238,221,0,190,-249,407,-24,840,-0,125,25,252,0,671,1,000,0,000,0,019,-0,515,35,418,-2,211,-4,213,-4,677,315,573,359,376,350,834,115,952,Curva 8.,49,78
197,86,-238,732,0,192,-248,915,-24,910,-0,118,25,308,0,671,1,000,0,000,-0,241,-0,450,35,507,-0,584,0,197,4,431,315,983,359,557,348,346,116,606,Curva 8.,49,80
197,88,-239,222,0,187,-248,407,-24,617,-0,289,25,344,0,671,1,000,0,000,-0,051,-0,470,35,329,13,202,-6,075,-8,902,316,062,359,736,348,873,117,246,Curva 8.,49,82
197,90,-239,701,0,181,-247,884,-24,561,-0,177,25,535,0,671,1,000,0,000,0,178,-0,353,35,428,7,754,6,822,4,952,315,914,359,679,351,466,117,883,Curva 8.,49,84
197,92,-240,197,0,180,-247,381,-24,476,-0,122,25,470,0,680,1,000,0,000,0,094,-0,293,35,322,0,302,2,850,-5,301,316,071,359,704,350,138,118,529,Curva 8.,49,86
197,94,-240,701,0,184,-246,887,-24,500,0,086,25,349,0,680,1,000,0,000,-0,128,-0,163,35,253,-7,223,9,068,-3,454,316,236,359,647,347,413,119,180,Curva 8.,49,88
197,96,-241,172,0,181,-246,360,-24,129,0,007,25,736,0,680,1,000,0,000,0,235,-0,190,35,277,27,090,0,539,1,283,316,521,359,621,350,498,119,812,Curva 8.,49,90
197,98,-241,647,0,179,-245,836,-23,938,-0,009,25,980,0,719,1,000,0,000,0,319,-0,200,35,325,15,269,1,322,2,369,316,876,359,621,351,898,120,448,Curva 8.,49,92
198,00,-242,152,0,189,-245,339,-24,118,0,321,25,826,0,729,1,000,0,000,-0,303,-0,076,35,336,-15,007,13,638,0,533,317,467,359,463,347,873,121,104,Curva 8.,49,94
198,02,-242,631,0,189,-244,819,-23,901,0,042,26,007,0,729,1,000,0,000,-0,364,-0,314,35,319,16,604,-10,862,-0,610,318,097,359,549,348,579,121,744,Curva 8.,49,96
198,04,-243,085,0,186,-244,276,-23,418,0,042,26,486,0,729,1,000,0,000,0,039,-0,215,35,353,33,617,4,577,1,901,318,502,359,578,352,232,122,370,Curva 8.,49,98
198,06,-243,559,0,190,-243,751,-23,244,0,187,26,579,0,729,1,000,0,000,-0,024,-0,161,35,310,8,380,8,635,-2,086,318,907,359,445,351,205,123,008,Curva 8.,50,00
198,08,-244,042,0,198,-243,232,-23,169,0,259,26,692,0,719,1,000,0,000,-0,200,-0,172,35,345,5,628,4,913,1,881,319,417,359,374,347,898,123,654,Curva 8.,50,02
198,10,-244,493,0,196,-242,688,-22,623,-0,047,27,114,0,719,1,000,0,000,0,252,-0,411,35,309,36,766,-8,358,-1,637,319,887,359,343,348,898,124,281,Curva 8.,50,04
198,12,-244,935,0,191,-242,135,-22,529,-0,165,27,304,0,671,1,000,0,000,0,336,-0,503,35,394,10,522,-4,372,4,213,320,064,359,377,350,946,124,903,Curva 8.,50,06
198,14,-245,391,0,189,-241,597,-22,528,-0,194,27,172,0,584,1,000,0,000,0,030,-0,480,35,293,-3,844,-2,086,-5,154,320,423,359,539,350,216,125,534,Curva 8.,50,08
198,16,-245,853,0,189,-241,063,-22,530,-0,169,27,154,0,584,1,000,0,000,-0,215,-0,415,35,281,-0,905,1,079,-0,608,320,795,359,685,348,349,126,169,Curva 8.,50,10
198,18,-246,290,0,183,-240,510,-22,233,-0,262,27,389,0,564,1,000,0,000,0,010,-0,373,35,276,19,460,-1,312,-0,215,321,020,359,826,350,097,126,790,Curva 8.,50,12
198,20,-246,723,0,178,-239,953,-21,924,-0,163,27,630,0,564,1,000,0,000,0,191,-0,212,35,270,18,673,7,725,-0,288,321,312,359,879,351,672,127,409,Curva 8.,50,14
198,22,-247,179,0,182,-239,412,-21,939,0,074,27,678,0,564,1,000,0,000,-0,106,-0,072,35,318,-1,391,11,816,2,417,321,790,359,798,348,960,128,044,Curva 8.,50,16
198,24,-247,618,0,182,-238,857,-21,764,0,006,27,842,0,574,1,000,0,000,-0,193,-0,188,35,338,12,338,-1,104,1,136,322,350,359,751,349,054,128,670,Curva 8.,50,18
198,26,-248,030,0,178,-238,282,-21,232,-0,006,28,218,0,632,1,000,0,000,0,170,-0,178,35,313,32,348,3,788,-1,095,322,806,359,688,352,259,129,280,Curva 8.,50,20
198,28,-248,460,0,180,-237,719,-21,125,0,120,28,357,0,700,1,000,0,000,0,090,-0,145,35,361,7,408,7,508,2,392,323,206,359,551,351,435,129,903,Curva 8.,50,22
198,30,-248,901,0,187,-237,164,-21,081,0,209,28,420,0,768,1,000,0,000,-0,138,-0,133,35,385,2,685,5,054,1,281,323,695,359,496,348,463,130,533,Curva 8.,50,24
198,32,-249,311,0,184,-236,586,-20,619,-0,042,28,722,0,768,1,000,0,000,0,218,-0,360,35,354,29,347,-7,360,-1,457,324,083,359,430,349,657,131,145,Curva 8.,50,26
198,34,-249,708,0,178,-236,002,-20,412,-0,169,28,815,0,835,1,000,0,000,0,317,-0,459,35,308,11,897,-4,749,-2,309,324,279,359,465,352,111,131,749,Curva 8.,50,28
198,36,-250,123,0,176,-235,432,-20,476,-0,224,28,747,0,835,1,000,0,000,0,016,-0,474,35,291,-4,085,-3,380,-0,951,324,629,359,599,351,430,132,365,Curva 8.,50,30
198,38,-250,548,0,176,-234,866,-20,532,-0,184,28,829,0,835,1,000,0,000,-0,264,-0,400,35,391,-0,331,1,911,4,989,325,083,359,743,349,186,132,988,Curva 8.,50,32
198,40,-250,945,0,169,-234,284,-20,159,-0,270,28,903,0,835,1,000,0,000,-0,012,-0,389,35,238,17,876,-1,352,-7,625,325,227,359,818,350,585,133,594,Curva 8.,50,34
198,42,-251,330,0,163,-233,693,-19,893,-0,195,29,062,0,835,1,000,0,000,0,220,-0,310,35,217,14,897,5,580,-1,031,325,313,359,774,353,125,134,195,Curva 8.,50,36
198,44,-251,740,0,162,-233,118,-19,838,-0,124,29,169,0,835,1,000,0,000,0,054,-0,259,35,275,4,690,4,320,2,894,325,758,359,771,351,270,134,811,Curva 8.,50,38
198,46,-252,149,0,164,-232,545,-19,763,-0,030,29,132,0,826,1,000,0,000,-0,183,-0,173,35,202,1,214,5,014,-3,593,326,192,359,826,349,338,135,427,Curva 8.,50,40
198,48,-252,516,0,158,-231,943,-19,196,-0,130,29,504,0,768,1,000,0,000,0,265,-0,203,35,198,34,267,-0,858,-0,111,326,564,359,830,353,046,136,018,Curva 8.,50,42
198,50,-252,897,0,153,-231,349,-19,056,-0,222,29,672,0,768,1,000,0,000,0,353,-0,284,35,262,10,876,-3,369,3,169,326,774,359,835,353,368,136,620,Curva 8.,50,44
198,52,-253,303,0,157,-230,771,-19,160,0,036,29,614,0,661,1,000,0,000,-0,052,-0,099,35,271,-8,130,11,631,0,411,327,210,359,798,349,732,137,238,Curva 8.,50,46
198,54,-253,678,0,154,-230,173,-18,796,-0,036,29,817,0,613,1,000,0,000,0,034,-0,200,35,246,21,111,-0,209,-1,117,327,772,359,728,350,709,137,838,Curva 8.,50,48
198,56,-254,030,0,151,-229,560,-18,437,0,064,30,042,0,613,1,000,0,000,0,243,-0,194,35,247,20,639,6,985,0,114,328,100,359,545,354,515,138,425,Curva 8.,50,50
198,58,-254,404,0,151,-228,960,-18,423,0,058,30,086,0,613,1,000,0,000,0,017,-0,337,35,277,1,769,-0,103,1,495,328,548,359,358,354,188,139,027,Curva 8.,50,52
198,60,-254,792,0,156,-228,371,-18,387,0,131,30,033,0,613,1,000,0,000,-0,225,-0,300,35,213,-0,439,3,641,-3,171,328,961,359,361,351,094,139,637,Curva 8.,50,54
198,62,-255,149,0,153,-227,766,-17,899,-0,137,30,232,0,613,1,000,0,000,0,220,-0,466,35,130,27,752,-9,349,-4,110,329,130,359,418,351,507,140,228,Curva 8.,50,56
198,64,-255,491,0,147,-227,150,-17,774,-0,236,30,408,0,613,1,000,0,000,0,460,-0,542,35,215,10,354,-3,887,4,269,329,043,359,426,353,813,140,812,Curva 8.,50,58
198,66,-255,848,0,141,-226,547,-17,807,-0,363,30,246,0,613,1,000,0,000,0,268,-0,579,35,094,-4,820,-6,908,-6,154,329,180,359,607,353,791,141,404,Curva 8.,50,60
198,68,-256,220,0,138,-225,950,-17,936,-0,312,30,278,0,545,1,000,0,000,-0,034,-0,480,35,190,-5,066,1,852,4,673,329,526,359,742,351,729,142,008,Curva 8.,50,62
198,70,-256,570,0,131,-225,342,-17,776,-0,348,30,285,0,545,1,000,0,000,-0,026,-0,403,35,116,7,227,-0,908,-3,740,329,712,359,920,352,832,142,598,Curva 8.,50,64
198,72,-256,907,0,126,-224,726,-17,434,-0,192,30,473,0,545,1,000,0,000,0,166,-0,220,35,107,18,846,9,339,-0,417,329,985,359,934,355,417,143,181,Curva 8.,50,66
198,74,-257,269,0,125,-224,122,-17,389,-0,062,30,577,0,545,1,000,0,000,-0,026,-0,145,35,176,3,731,6,945,3,455,330,442,359,872,353,461,143,782,Curva 8.,50,68
198,76,-257,628,0,127,-223,514,-17,332,0,041,30,677,0,545,1,000,0,000,-0,229,-0,122,35,233,4,174,5,793,2,984,330,931,359,788,351,998,144,383,Curva 8.,50,70
198,78,-257,945,0,123,-222,883,-16,694,-0,039,31,018,0,545,1,000,0,000,0,254,-0,197,35,224,36,360,-1,281,-0,334,331,323,359,713,355,693,144,959,Curva 8.,50,72
198,80,-258,282,0,120,-222,264,-16,562,-0,158,31,151,0,555,1,000,0,000,0,297,-0,281,35,278,9,470,-5,144,2,648,331,562,359,759,355,021,145,548,Curva 8.,50,74
198,82,-258,635,0,123,-221,652,-16,651,0,047,31,125,0,555,1,000,0,000,-0,027,-0,107,35,298,-5,966,9,481,0,984,331,922,359,758,351,813,146,149,Curva 8.,50,76
198,84,-258,952,0,121,-221,020,-16,215,-0,015,31,338,0,564,1,000,0,000,0,241,-0,209,35,283,24,448,-0,444,-0,700,332,290,359,645,353,786,146,728,Curva 8.,50,78
198,86,-259,261,0,117,-220,384,-16,061,-0,065,31,429,0,564,1,000,0,000,0,333,-0,326,35,292,9,067,-1,899,0,460,332,427,359,541,356,227,147,303,Curva 8.,50,80
198,88,-259,597,0,117,-219,762,-16,237,-0,021,31,369,0,564,1,000,0,000,-0,031,-0,355,35,321,-9,348,1,295,1,390,332,738,359,465,354,644,147,897,Curva 8.,50,82
198,90,-259,931,0,118,-219,143,-16,179,-0,060,31,275,0,555,1,000,0,000,-0,171,-0,329,35,210,0,672,-1,843,-5,548,332,989,359,600,353,034,148,489,Curva 8.,50,84
198,92,-260,232,0,114,-218,506,-15,734,-0,153,31,502,0,555,1,000,0,000,0,293,-0,346,35,211,25,255,-2,691,0,023,333,028,359,651,355,526,149,061,Curva 8.,50,86
198,94,-260,539,0,108,-217,873,-15,556,-0,293,31,576,0,555,1,000,0,000,0,475,-0,413,35,195,10,052,-6,345,-0,789,333,045,359,756,356,275,149,637,Curva 8.,50,88
198,96,-260,873,0,108,-217,251,-15,721,-0,109,31,574,0,545,1,000,0,000,0,119,-0,246,35,271,-8,422,8,234,3,666,333,386,359,759,353,340,150,233,Curva 8.,50,90
198,98,-261,183,0,105,-216,619,-15,548,-0,156,31,579,0,545,1,000,0,000,0,030,-0,246,35,198,8,074,-1,486,-3,642,333,780,359,851,354,039,150,813,Curva 8.,50,92
199,00,-261,467,0,102,-215,974,-15,065,-0,053,31,827,0,555,1,000,0,000,0,311,-0,168,35,211,26,898,6,305,0,673,334,177,359,792,357,574,151,380,Curva 8.,50,94
199,02,-261,779,0,102,-215,340,-15,044,0,070,31,865,0,574,1,000,0,000,0,092,-0,203,35,238,1,339,6,252,1,349,334,599,359,546,356,295,151,966,Curva 8.,50,96
199,04,-262,099,0,106,-214,710,-14,964,0,186,31,933,0,574,1,000,0,000,-0,097,-0,176,35,265,4,371,6,274,1,425,335,081,359,433,353,483,152,557,Curva 8.,50,98
199,06,-262,377,0,104,-214,061,-14,325,0,016,32,214,0,574,1,000,0,000,0,409,-0,343,35,251,35,478,-5,702,-0,621,335,408,359,367,355,492,153,123,Curva 8.,51,00
199,08,-262,651,0,101,-213,413,-14,085,-0,165,32,260,0,574,1,000,0,000,0,556,-0,460,35,194,12,351,-8,396,-2,943,335,550,359,473,356,989,153,686,Curva 8.,51,02
199,10,-262,950,0,101,-212,776,-14,256,-0,120,32,201,0,574,1,000,0,000,0,141,-0,378,35,214,-9,175,1,475,0,821,335,945,359,563,355,013,154,266,Curva 8.,51,04
199,12,-263,239,0,098,-212,136,-14,195,-0,228,32,142,0,555,1,000,0,000,-0,044,-0,357,35,135,2,104,-5,229,-3,984,336,300,359,800,354,588,154,840,Curva 8.,51,06
199,14,-263,501,0,094,-211,483,-13,837,-0,195,32,369,0,448,1,000,0,000,0,246,-0,277,35,201,20,816,2,616,3,286,336,474,359,848,357,374,155,399,Curva 8.,51,08
199,16,-263,781,0,090,-210,836,-13,720,-0,225,32,451,0,448,1,000,0,000,0,239,-0,290,35,231,7,106,-1,095,1,458,336,722,359,872,356,652,155,971,Curva 8.,51,10
199,18,-264,073,0,090,-210,194,-13,736,-0,019,32,473,0,448,1,000,0,000,-0,010,-0,148,35,258,-1,340,10,195,1,363,337,112,359,793,354,275,156,552,Curva 8.,51,12
199,20,-264,327,0,086,-209,535,-13,284,-0,094,32,657,0,438,1,000,0,000,0,211,-0,245,35,254,24,570,-2,394,-0,146,337,544,359,737,356,888,157,111,Curva 8.,51,14
199,22,-264,581,0,083,-208,877,-12,955,-0,146,32,805,0,438,1,000,0,000,0,346,-0,309,35,267,18,058,-2,060,0,638,337,903,359,718,358,243,157,670,Curva 8.,51,16
199,24,-264,868,0,085,-208,231,-13,107,0,072,32,746,0,438,1,000,0,000,-0,058,-0,134,35,271,-9,108,10,079,0,123,338,299,359,675,354,675,158,251,Curva 8.,51,18
199,26,-265,126,0,085,-207,575,-12,934,-0,054,32,794,0,438,1,000,0,000,-0,099,-0,194,35,251,9,410,-5,513,-0,936,338,662,359,786,355,231,158,815,Curva 8.,51,20
199,28,-265,349,0,083,-206,906,-12,315,-0,019,33,010,0,458,1,000,0,000,0,367,-0,166,35,230,32,743,2,030,-1,025,338,946,359,755,359,504,159,357,Curva 8.,51,22
199,30,-265,597,0,087,-206,246,-12,291,0,240,33,040,0,526,1,000,0,000,0,244,0,086,35,251,1,597,12,947,1,019,339,197,359,747,359,597,159,916,Curva 8.,51,24
199,32,-265,863,0,098,-205,593,-12,043,0,502,33,069,0,526,1,000,0,000,0,194,0,308,35,195,11,167,13,951,-2,881,339,640,359,662,355,934,160,488,Curva 8.,51,26
199,34,-266,100,0,098,-204,930,-11,555,0,048,33,197,0,535,1,000,0,000,0,453,-0,214,35,147,26,732,-20,756,-2,427,340,099,359,520,355,714,161,042,Curva 8.,51,28
199,36,-266,316,0,091,-204,258,-11,356,-0,188,33,327,0,535,1,000,0,000,0,584,-0,624,35,199,11,993,-11,366,2,607,340,273,359,255,357,776,161,585,Curva 8.,51,30
199,38,-266,538,0,081,-203,592,-11,282,-0,430,33,191,0,535,1,000,0,000,0,487,-0,913,35,043,1,478,-11,942,-7,846,340,465,359,192,358,679,162,130,Curva 8.,51,32
199,40,-266,779,0,075,-202,933,-11,345,-0,379,33,197,0,535,1,000,0,000,0,251,-0,839,35,073,-3,004,2,385,1,374,340,798,359,227,356,826,162,689,Curva 8.,51,34
199,42,-267,010,0,068,-202,275,-11,313,-0,484,33,143,0,526,1,000,0,000,0,109,-0,724,35,016,0,985,-5,177,-3,138,341,053,359,598,356,224,163,240,Curva 8.,51,36
199,44,-267,213,0,063,-201,605,-11,003,-0,338,33,260,0,487,1,000,0,000,0,432,-0,460,35,028,16,428,7,564,0,515,341,001,359,789,359,003,163,775,Curva 8.,51,38
199,46,-267,436,0,058,-200,941,-10,973,-0,309,33,284,0,467,1,000,0,000,0,397,-0,341,35,044,1,813,1,481,0,668,341,121,359,931,358,489,164,325,Curva 8.,51,40
199,48,-267,676,0,058,-200,280,-11,065,0,007,33,333,0,467,1,000,0,000,0,092,-0,056,35,121,-4,710,15,540,3,801,341,493,359,887,355,977,164,888,Curva 8.,51,42
199,50,-267,880,0,058,-199,607,-10,664,0,089,33,500,0,467,1,000,0,000,0,209,-0,031,35,155,21,500,4,762,1,752,342,004,359,794,358,206,165,430,Curva 8.,51,44
199,52,-268,078,0,059,-198,930,-10,261,0,070,33,679,0,467,1,000,0,000,0,345,-0,136,35,206,21,921,-1,020,2,507,342,494,359,666,0,044,165,970,Curva 8.,51,46
199,54,-268,306,0,062,-198,262,-10,387,0,255,33,650,0,467,1,000,0,000,-0,060,-0,095,35,218,-6,890,8,975,0,548,342,949,359,434,357,378,166,531,Curva 8.,51,48
199,56,-268,516,0,064,-197,589,-10,212,0,107,33,698,0,467,1,000,0,000,-0,101,-0,232,35,210,9,450,-6,953,-0,311,343,324,359,457,357,039,167,080,Curva 8.,51,50
199,58,-268,691,0,063,-196,906,-9,638,-0,047,33,899,0,467,1,000,0,000,0,429,-0,354,35,238,30,347,-7,751,1,403,343,429,359,502,0,132,167,607,Curva 8.,51,52
199,60,-268,886,0,061,-196,229,-9,550,-0,097,33,896,0,487,1,000,0,000,0,404,-0,405,35,211,4,196,-2,488,-1,408,343,610,359,497,359,724,168,149,Curva 8.,51,54
199,62,-269,099,0,062,-195,558,-9,578,0,002,33,899,0,496,1,000,0,000,0,147,-0,290,35,225,-1,581,4,856,0,565,344,012,359,512,356,625,168,705,Curva 8.,51,56
199,64,-269,282,0,059,-194,878,-9,234,-0,157,33,992,0,496,1,000,0,000,0,256,-0,422,35,221,18,155,-7,148,-0,203,344,416,359,552,357,500,169,241,Curva 8.,51,58
199,66,-269,448,0,055,-194,191,-9,058,-0,154,34,133,0,506,1,000,0,000,0,361,-0,458,35,310,10,347,0,102,4,446,344,551,359,508,0,102,169,769,Curva 8.,51,60
199,68,-269,636,0,052,-193,512,-9,051,-0,150,34,012,0,496,1,000,0,000,0,151,-0,458,35,193,-1,217,0,217,-5,919,344,860,359,496,359,419,170,310,Curva 8.,51,62
199,70,-269,835,0,053,-192,839,-9,015,-0,017,33,923,0,496,1,000,0,000,-0,017,-0,297,35,099,0,194,6,736,-4,703,345,170,359,545,356,889,170,859,Curva 8.,51,64
199,72,-269,994,0,050,-192,155,-8,578,-0,179,34,044,0,496,1,000,0,000,0,306,-0,372,35,106,22,794,-7,763,0,303,345,367,359,677,359,169,171,382,Curva 8.,51,66
199,74,-270,151,0,046,-191,472,-8,251,-0,246,34,100,0,496,1,000,0,000,0,508,-0,375,35,079,16,513,-3,581,-1,429,345,561,359,801,0,707,171,905,Curva 8.,51,68
199,76,-270,342,0,046,-190,796,-8,392,-0,021,34,091,0,496,1,000,0,000,0,157,-0,157,35,108,-7,478,10,903,1,352,345,927,359,767,357,323,172,454,Curva 8.,51,70
199,78,-270,510,0,046,-190,114,-8,211,-0,001,34,153,0,487,1,000,0,000,0,082,-0,142,35,126,9,483,1,434,0,885,346,359,359,764,357,410,172,987,Curva 8.,51,72
199,80,-270,638,0,046,-189,421,-7,553,0,055,34,309,0,487,1,000,0,000,0,505,-0,167,35,127,33,883,1,811,0,083,346,754,359,662,1,695,173,496,Curva 8.,51,74
199,82,-270,789,0,051,-188,734,-7,502,0,300,34,358,0,487,1,000,0,000,0,363,0,015,35,167,3,469,12,118,1,915,347,093,359,556,2,037,174,021,Curva 8.,51,76
199,84,-270,965,0,062,-188,053,-7,360,0,637,34,330,0,477,1,000,0,000,0,187,0,274,35,115,6,037,17,082,-2,715,347,579,359,398,358,091,174,564,Curva 8.,51,78
199,86,-271,108,0,065,-187,365,-6,846,0,199,34,400,0,467,1,000,0,000,0,425,-0,241,35,072,26,716,-20,837,-2,177,348,066,359,254,357,724,175,086,Curva 8.,51,80
199,88,-271,229,0,061,-186,671,-6,593,-0,085,34,512,0,467,1,000,0,000,0,588,-0,666,35,125,13,583,-14,175,2,663,348,230,359,049,359,741,175,595,Curva 8.,51,82
199,90,-271,354,0,054,-185,982,-6,542,-0,370,34,398,0,467,1,000,0,000,0,500,-0,977,34,999,1,147,-14,174,-6,362,348,389,359,020,0,859,176,106,Curva 8.,51,84
199,92,-271,498,0,046,-185,297,-6,613,-0,397,34,392,0,467,1,000,0,000,0,275,-0,950,35,010,-3,520,-1,367,0,366,348,684,359,090,359,355,176,631,Curva 8.,51,86
199,94,-271,642,0,039,-184,612,-6,627,-0,519,34,463,0,467,1,000,0,000,0,082,-0,843,35,088,0,206,-6,152,3,601,349,029,359,467,358,056,177,156,Curva 8.,51,88
199,96,-271,757,0,033,-183,922,-6,362,-0,458,34,470,0,409,1,000,0,000,0,309,-0,586,35,049,13,076,3,075,-2,189,349,039,359,790,359,964,177,663,Curva 8.,51,90
199,98,-271,873,0,027,-183,232,-6,176,-0,336,34,501,0,409,1,000,0,000,0,476,-0,377,35,045,9,540,5,902,-0,260,349,062,359,948,1,031,178,173,Curva 8.,51,92
200,00,-272,017,0,027,-182,547,-6,253,-0,017,34,439,0,400,1,000,0,000,0,234,-0,059,35,001,-4,779,15,863,-2,285,349,329,359,920,358,487,178,702,Curva 8.,51,94
200,02,-272,140,0,030,-181,856,-6,035,0,207,34,496,0,400,1,000,0,000,0,215,0,083,35,020,10,944,11,437,0,896,349,721,359,789,358,644,179,220,Curva 8.,51,96
200,04,-272,234,0,034,-181,159,-5,464,0,276,34,652,0,400,1,000,0,000,0,545,0,003,35,076,29,579,2,519,2,804,350,149,359,581,1,750,179,719,Curva 8.,51,98
200,06,-272,355,0,037,-180,464,-5,524,0,342,34,707,0,400,1,000,0,000,0,284,-0,155,35,144,-2,499,3,287,3,297,350,490,359,195,0,605,180,240,Curva 8.,52,00
200,08,-272,484,0,043,-179,771,-5,534,0,335,34,734,0,390,1,000,0,000,0,051,-0,258,35,173,-0,261,-0,387,1,391,350,877,359,033,358,224,180,768,Curva 8.,52,02
200,10,-272,578,0,045,-179,074,-5,015,0,121,34,802,0,390,1,000,0,000,0,428,-0,472,35,156,26,232,-10,458,-0,846,351,107,359,028,359,557,181,271,Curva 8.,52,04
200,12,-272,664,0,043,-178,376,-4,822,-0,121,34,902,0,390,1,000,0,000,0,633,-0,654,35,222,10,112,-12,322,3,265,351,085,359,151,1,071,181,771,Curva 8.,52,06
200,14,-272,776,0,042,-177,679,-4,942,-0,087,34,908,0,390,1,000,0,000,0,399,-0,602,35,249,-5,937,1,593,1,248,351,304,359,155,359,368,182,291,Curva 8.,52,08
200,16,-272,885,0,039,-176,985,-5,003,-0,241,34,862,0,390,1,000,0,000,0,172,-0,601,35,214,-3,088,-7,785,-1,929,351,584,359,406,358,254,182,809,Curva 8.,52,10
200,18,-272,967,0,036,-176,286,-4,694,-0,251,34,924,0,409,1,000,0,000,0,339,-0,481,35,234,15,715,-0,615,0,855,351,788,359,631,0,430,183,309,Curva 8.,52,12
200,20,-273,061,0,032,-175,590,-4,600,-0,253,34,874,0,419,1,000,0,000,0,269,-0,373,35,174,4,314,-0,112,-3,088,352,044,359,807,0,309,183,819,Curva 8.,52,14
200,22,-273,171,0,033,-174,896,-4,606,0,015,34,838,0,419,1,000,0,000,0,010,-0,129,35,141,-1,000,13,360,-1,729,352,458,359,766,358,102,184,341,Curva 8.,52,16
200,24,-273,252,0,033,-174,197,-4,269,0,110,34,888,0,438,1,000,0,000,0,097,-0,107,35,148,17,016,4,938,0,428,352,868,359,644,359,443,184,845,Curva 8.,52,18
200,26,-273,319,0,035,-173,495,-3,783,0,135,34,966,0,438,1,000,0,000,0,351,-0,168,35,168,24,592,0,697,1,045,353,247,359,520,1,306,185,341,Curva 8.,52,20
200,28,-273,413,0,040,-172,796,-3,813,0,350,34,997,0,477,1,000,0,000,0,127,-0,111,35,205,-1,509,10,676,1,816,353,577,359,247,359,005,185,857,Curva 8.,52,22
200,30,-273,495,0,045,-172,096,-3,674,0,303,35,030,0,477,1,000,0,000,0,087,-0,207,35,223,7,175,-2,125,0,905,353,883,359,167,357,950,186,367,Curva 8.,52,24
200,32,-273,540,0,047,-171,392,-3,092,0,063,35,112,0,477,1,000,0,000,0,580,-0,410,35,241,29,199,-12,468,0,886,354,014,359,247,0,914,186,851,Curva 8.,52,26
200,34,-273,604,0,047,-170,690,-3,075,-0,019,35,097,0,477,1,000,0,000,0,473,-0,469,35,225,0,707,-4,069,-0,898,354,214,359,277,0,746,187,350,Curva 8.,52,28
200,36,-273,691,0,050,-169,991,-3,135,0,128,35,102,0,487,1,000,0,000,0,126,-0,313,35,240,-3,305,7,208,0,590,354,712,359,275,357,513,187,867,Curva 8.,52,30
200,38,-273,745,0,049,-169,290,-2,825,-0,150,35,102,0,555,1,000,0,000,0,163,-0,456,35,213,15,803,-13,540,-1,387,355,153,359,497,358,556,188,360,Curva 8.,52,32
200,40,-273,779,0,045,-168,586,-2,406,-0,223,35,196,0,555,1,000,0,000,0,366,-0,457,35,274,21,168,-4,094,3,000,355,480,359,633,1,156,188,842,Curva 8.,52,34
200,42,-273,841,0,043,-167,884,-2,359,-0,078,35,104,0,603,1,000,0,000,0,166,-0,352,35,182,1,937,7,343,-4,686,355,891,359,550,359,422,189,344,Curva 8.,52,36
200,44,-273,904,0,045,-167,182,-2,208,0,103,35,128,0,613,1,000,0,000,0,036,-0,217,35,197,7,153,9,383,0,773,356,362,359,477,357,091,189,849,Curva 8.,52,38
200,46,-273,917,0,044,-166,478,-1,499,-0,003,35,179,0,613,1,000,0,000,0,501,-0,312,35,206,35,506,-5,491,0,494,356,741,359,502,0,299,190,319,Curva 8.,52,40
200,48,-273,941,0,042,-165,775,-1,166,-0,177,35,164,0,613,1,000,0,000,0,630,-0,413,35,176,16,508,-8,826,-1,654,357,068,359,626,0,623,190,798,Curva 8.,52,42
200,50,-273,999,0,045,-165,073,-1,401,0,134,35,179,0,613,1,000,0,000,0,115,-0,130,35,207,-12,630,14,806,1,362,357,544,359,560,356,590,191,303,Curva 8.,52,44
200,52,-274,014,0,045,-164,370,-1,091,-0,031,35,166,0,613,1,000,0,000,0,126,-0,221,35,182,15,727,-7,788,-1,227,358,029,359,684,358,320,191,778,Curva 8.,52,46
200,54,-274,006,0,045,-163,666,-0,562,-0,025,35,186,0,613,1,000,0,000,0,325,-0,210,35,189,26,477,-0,649,0,349,358,545,359,718,2,019,192,238,Curva 8.,52,48
200,56,-274,029,0,051,-162,961,-0,579,0,352,35,208,0,603,1,000,0,000,-0,012,0,138,35,214,-0,549,18,881,1,190,359,081,359,651,0,914,192,722,Curva 8.,52,50
200,58,-274,061,0,058,-162,258,-0,312,0,390,35,150,0,574,1,000,0,000,-0,119,0,102,35,154,13,246,2,458,-2,918,359,679,359,537,357,668,193,214,Curva 8.,52,52
200,60,-274,044,0,057,-161,555,0,532,-0,001,35,097,0,574,1,000,0,000,0,384,-0,342,35,098,42,384,-19,137,-2,671,0,247,359,437,359,470,193,670,Curva 8.,52,54
200,62,-274,021,0,051,-160,852,0,810,-0,260,35,144,0,555,1,000,0,000,0,488,-0,663,35,145,13,682,-13,189,2,329,0,508,359,354,0,879,194,124,Curva 8.,52,56
200,64,-274,019,0,046,-160,147,0,831,-0,174,35,185,0,555,1,000,0,000,0,308,-0,646,35,188,0,942,4,298,2,117,0,870,359,222,359,023,194,596,Curva 8.,52,58
200,66,-274,009,0,042,-159,448,0,864,-0,335,35,032,0,555,1,000,0,000,0,200,-0,652,35,038,2,071,-7,957,-7,699,1,120,359,473,358,224,195,059,Curva 8.,52,60
200,68,-273,967,0,036,-158,748,1,276,-0,361,35,081,0,555,1,000,0,000,0,500,-0,574,35,098,20,492,-1,669,2,889,1,249,359,667,1,074,195,501,Curva 8.,52,62
200,70,-273,947,0,030,-158,049,1,308,-0,445,35,048,0,555,1,000,0,000,0,369,-0,486,35,070,1,593,-4,220,-1,590,1,529,359,938,0,402,195,961,Curva 8.,52,64
200,72,-273,941,0,028,-157,347,1,302,-0,129,35,070,0,555,1,000,0,000,0,063,-0,128,35,094,-0,851,15,770,1,083,2,032,-0,002,357,998,196,433,Curva 8.,52,66
200,74,-273,894,0,026,-156,645,1,789,-0,030,35,083,0,555,1,000,0,000,0,213,-0,079,35,128,24,318,4,700,1,721,2,570,359,924,0,560,196,876,Curva 8.,52,68
200,76,-273,841,0,024,-155,942,2,246,-0,060,35,118,0,555,1,000,0,000,0,358,-0,217,35,187,22,653,-2,440,2,970,3,062,359,769,2,382,197,318,Curva 8.,52,70
200,78,-273,826,0,026,-155,236,2,055,0,262,35,133,0,545,1,000,0,000,-0,047,-0,069,35,194,-9,893,15,884,0,316,3,426,359,463,358,862,197,791,Curva 8.,52,72
200,80,-273,783,0,029,-154,534,2,245,0,131,35,103,0,545,1,000,0,000,-0,033,-0,205,35,174,9,701,-6,347,-0,944,3,719,359,454,358,975,198,242,Curva 8.,52,74
200,82,-273,700,0,030,-153,833,2,884,0,041,35,126,0,545,1,000,0,000,0,541,-0,338,35,239,31,533,-6,165,3,260,3,787,359,429,2,972,198,666,Curva 8.,52,76
200,84,-273,649,0,036,-153,132,2,761,0,269,35,066,0,545,1,000,0,000,0,261,-0,023,35,175,-5,377,11,676,-3,353,4,077,359,545,2,687,199,114,Curva 8.,52,78
200,86,-273,625,0,045,-152,429,2,746,0,472,35,020,0,545,1,000,0,000,-0,012,0,188,35,130,-0,832,10,137,-2,301,4,496,359,538,358,489,199,583,Curva 8.,52,80
200,88,-273,563,0,047,-151,729,3,254,0,140,34,950,0,545,1,000,0,000,0,243,-0,237,35,100,26,011,-15,910,-1,442,4,933,359,376,358,500,200,026,Curva 8.,52,82
200,90,-273,479,0,045,-151,028,3,470,0,020,35,039,0,545,1,000,0,000,0,336,-0,484,35,205,10,227,-6,226,5,258,5,093,359,189,1,036,200,454,Curva 8.,52,84
200,92,-273,407,0,041,-150,332,3,441,-0,233,34,819,0,545,1,000,0,000,0,145,-0,757,34,981,-0,818,-12,499,-11,238,5,366,359,150,1,835,200,890,Curva 8.,52,86
200,94,-273,357,0,037,-149,633,3,386,-0,173,34,847,0,535,1,000,0,000,-0,091,-0,714,35,004,-2,864,2,984,1,158,5,709,359,115,359,490,201,344,Curva 8.,52,88
200,96,-273,295,0,032,-148,940,3,490,-0,325,34,691,0,535,1,000,0,000,-0,075,-0,725,34,860,6,155,-7,406,-7,335,5,897,359,347,358,599,201,787,Curva 8.,52,90
200,98,-273,200,0,029,-148,248,3,790,-0,188,34,732,0,438,1,000,0,000,0,249,-0,521,34,934,14,857,6,488,3,662,5,798,359,463,1,416,202,208,Curva 8.,52,92
201,00,-273,125,0,026,-147,555,3,796,-0,223,34,722,0,380,1,000,0,000,0,222,-0,457,34,926,0,332,-1,767,-0,511,5,857,359,625,1,398,202,645,Curva 8.,52,94
201,02,-273,077,0,027,-146,854,3,614,0,018,34,884,0,380,1,000,0,000,-0,154,-0,234,35,070,-10,371,11,630,7,189,6,179,359,598,357,996,203,108,Curva 8.,52,96
201,04,-272,994,0,027,-146,160,3,887,0,050,34,701,0,332,1,000,0,000,0,005,-0,217,34,917,14,565,1,916,-7,605,6,388,359,561,359,106,203,542,Curva 8.,52,98
201,06,-272,895,0,030,-145,470,4,087,0,159,34,631,0,322,1,000,0,000,0,124,-0,132,34,872,10,521,5,068,-2,255,6,519,359,529,2,052,203,965,Curva 8.,53,00
201,08,-272,825,0,032,-144,774,3,976,0,168,34,693,0,322,1,000,0,000,-0,164,-0,197,34,920,-5,866,0,543,2,426,6,801,359,396,0,908,204,413,Curva 8.,53,02
201,10,-272,763,0,035,-144,079,3,958,0,129,34,650,0,332,1,000,0,000,-0,294,-0,240,34,873,-0,566,-1,978,-2,300,7,010,359,406,358,559,204,867,Curva 8.,53,04
201,12,-272,666,0,035,-143,388,4,441,0,013,34,595,0,332,1,000,0,000,0,152,-0,332,34,877,24,297,-5,712,0,220,7,066,359,432,359,873,205,296,Curva 8.,53,06
201,14,-272,565,0,034,-142,698,4,584,-0,129,34,597,0,371,1,000,0,000,0,297,-0,405,34,896,6,927,-7,263,0,922,7,045,359,558,1,270,205,723,Curva 8.,53,08
201,16,-272,488,0,032,-142,004,4,426,-0,149,34,635,0,371,1,000,0,000,0,043,-0,375,34,915,-8,075,-1,049,0,862,7,214,359,629,359,724,206,170,Curva 8.,53,10
201,18,-272,407,0,029,-141,311,4,437,-0,151,34,624,0,448,1,000,0,000,-0,078,-0,349,34,906,0,625,-0,106,-0,465,7,442,359,679,358,887,206,616,Curva 8.,53,12
201,20,-272,299,0,027,-140,620,4,756,-0,068,34,655,0,496,1,000,0,000,0,123,-0,291,34,979,15,693,3,878,3,684,7,605,359,638,1,021,207,044,Curva 8.,53,14
201,22,-272,209,0,026,-139,925,4,837,-0,033,34,648,0,496,1,000,0,000,0,076,-0,286,34,983,4,053,1,683,0,211,7,820,359,587,0,374,207,486,Curva 8.,53,16
201,24,-272,126,0,028,-139,229,4,856,0,173,34,680,0,506,1,000,0,000,-0,104,-0,193,35,018,0,446,10,331,1,812,8,150,359,405,358,472,207,938,Curva 8.,53,18
201,26,-272,013,0,032,-138,537,5,330,0,240,34,634,0,506,1,000,0,000,0,150,-0,159,35,041,23,781,3,306,1,253,8,503,359,347,0,051,208,366,Curva 8.,53,20
201,28,-271,892,0,035,-137,845,5,803,0,147,34,603,0,496,1,000,0,000,0,391,-0,259,35,083,23,525,-5,165,2,076,8,873,359,351,1,234,208,790,Curva 8.,53,22
201,30,-271,796,0,041,-137,148,5,794,0,351,34,643,0,496,1,000,0,000,0,138,-0,155,35,126,-1,041,10,113,2,076,9,275,359,170,358,696,209,237,Curva 8.,53,24
201,32,-271,682,0,046,-136,455,5,982,0,250,34,614,0,496,1,000,0,000,0,107,-0,250,35,127,9,711,-4,735,0,042,9,645,359,179,358,156,209,670,Curva 8.,53,26
201,34,-271,537,0,048,-135,767,6,537,0,073,34,538,0,496,1,000,0,000,0,519,-0,372,35,145,27,848,-9,236,0,909,9,864,359,286,0,771,210,080,Curva 8.,53,28
201,36,-271,411,0,049,-135,075,6,614,0,058,34,529,0,496,1,000,0,000,0,440,-0,418,35,152,3,873,-0,754,0,246,10,125,359,227,0,214,210,507,Curva 8.,53,30
201,38,-271,298,0,052,-134,381,6,637,0,141,34,522,0,496,1,000,0,000,0,207,-0,361,35,152,1,013,4,198,-0,073,10,571,359,168,357,550,210,946,Curva 8.,53,32
201,40,-271,157,0,052,-133,693,6,977,-0,060,34,434,0,496,1,000,0,000,0,290,-0,462,35,130,17,766,-9,578,-1,197,11,000,359,331,358,501,211,362,Curva 8.,53,34
201,42,-271,002,0,050,-133,007,7,339,-0,128,34,413,0,545,1,000,0,000,0,447,-0,445,35,181,17,981,-3,467,2,454,11,310,359,485,0,138,211,771,Curva 8.,53,36
201,44,-270,871,0,051,-132,317,7,338,0,030,34,356,0,545,1,000,0,000,0,218,-0,297,35,129,0,265,7,941,-2,723,11,717,359,456,358,238,212,199,Curva 8.,53,38
201,46,-270,733,0,053,-131,627,7,444,0,112,34,352,0,613,1,000,0,000,0,064,-0,245,35,148,5,026,4,328,0,967,12,145,359,414,357,016,212,624,Curva 8.,53,40
201,48,-270,559,0,054,-130,945,8,007,0,083,34,256,0,613,1,000,0,000,0,418,-0,269,35,176,28,529,-1,295,1,371,12,478,359,423,359,746,213,021,Curva 8.,53,42
201,50,-270,401,0,056,-130,259,8,105,0,155,34,214,0,651,1,000,0,000,0,367,-0,254,35,159,5,175,3,667,-0,890,12,735,359,325,359,293,213,433,Curva 8.,53,44
201,52,-270,260,0,062,-129,569,8,115,0,304,34,230,0,651,1,000,0,000,0,110,-0,183,35,179,-0,153,7,451,0,966,13,177,359,196,356,466,213,861,Curva 8.,53,46
201,54,-270,082,0,063,-128,889,8,525,0,034,34,114,0,651,1,000,0,000,0,247,-0,375,35,160,21,689,-12,893,-0,954,13,646,359,323,358,311,214,258,Curva 8.,53,48
201,56,-269,897,0,062,-128,210,8,950,-0,158,34,074,0,690,1,000,0,000,0,433,-0,451,35,225,21,097,-9,574,3,154,14,014,359,522,359,890,214,651,Curva 8.,53,50
201,58,-269,740,0,064,-127,525,8,934,0,084,33,982,0,690,1,000,0,000,0,127,-0,224,35,136,-0,216,12,169,-4,544,14,542,359,488,357,093,215,069,Curva 8.,53,52
201,60,-269,566,0,065,-126,844,9,120,0,040,33,928,0,710,1,000,0,000,-0,017,-0,244,35,131,9,822,-1,585,-0,234,15,099,359,539,356,437,215,475,Curva 8.,53,54
201,62,-269,352,0,064,-126,174,9,790,-0,036,33,777,0,710,1,000,0,000,0,392,-0,306,35,163,34,261,-3,874,1,658,15,525,359,562,0,027,215,848,Curva 8.,53,56
201,64,-269,159,0,063,-125,497,9,941,0,019,33,689,0,710,1,000,0,000,0,332,-0,334,35,122,8,454,2,878,-2,110,15,903,359,419,359,570,216,240,Curva 8.,53,58
201,66,-268,984,0,068,-124,815,10,043,0,260,33,686,0,710,1,000,0,000,0,104,-0,179,35,152,4,106,12,327,1,462,16,453,359,273,356,037,216,650,Curva 8.,53,60
201,68,-268,769,0,069,-124,146,10,616,0,076,33,480,0,700,1,000,0,000,0,376,-0,363,35,119,30,817,-7,691,-1,600,17,009,359,254,357,230,217,026,Curva 8.,53,62
201,70,-268,540,0,067,-123,480,10,888,-0,070,33,494,0,700,1,000,0,000,0,478,-0,504,35,212,12,843,-7,239,4,581,17,240,359,286,359,325,217,394,Curva 8.,53,64
201,72,-268,332,0,066,-122,809,10,826,-0,087,33,415,0,690,1,000,0,000,0,193,-0,481,35,122,-1,731,-0,816,-4,669,17,657,359,350,358,480,217,779,Curva 8.,53,66
201,74,-268,132,0,067,-122,138,10,832,-0,067,33,329,0,690,1,000,0,000,0,006,-0,352,35,044,1,540,1,130,-3,993,18,031,359,534,356,377,218,170,Curva 8.,53,68
201,76,-267,898,0,064,-121,480,11,230,-0,217,33,153,0,690,1,000,0,000,0,288,-0,350,35,002,21,891,-6,852,-2,143,18,259,359,768,358,286,218,533,Curva 8.,53,70
201,78,-267,660,0,060,-120,821,11,591,-0,261,33,068,0,690,1,000,0,000,0,497,-0,337,35,036,18,482,-2,101,1,647,18,506,359,873,359,755,218,894,Curva 8.,53,72
201,80,-267,448,0,058,-120,152,11,580,-0,084,33,104,0,661,1,000,0,000,0,201,-0,203,35,070,-1,557,8,747,1,586,18,969,359,790,357,032,219,282,Curva 8.,53,74
201,82,-267,217,0,057,-119,489,11,799,-0,024,33,036,0,661,1,000,0,000,0,083,-0,179,35,079,11,274,3,642,0,450,19,535,359,740,356,886,219,655,Curva 8.,53,76
201,84,-266,951,0,056,-118,838,12,443,0,030,32,803,0,555,1,000,0,000,0,427,-0,191,35,081,34,226,2,364,0,150,20,072,359,646,0,511,219,997,Curva 8.,53,78
201,86,-266,706,0,056,-118,177,12,619,0,129,32,812,0,555,1,000,0,000,0,295,-0,246,35,153,8,077,4,975,3,543,20,556,359,387,359,814,220,363,Curva 8.,53,80
201,88,-266,474,0,061,-117,512,12,702,0,257,32,814,0,467,1,000,0,000,0,024,-0,191,35,187,3,475,6,556,1,656,21,139,359,270,356,812,220,742,Curva 8.,53,82
201,90,-266,203,0,061,-116,862,13,295,0,040,32,548,0,467,1,000,0,000,0,405,-0,402,35,154,32,788,-9,835,-1,606,21,579,359,261,358,232,221,085,Curva 8.,53,84
201,92,-265,923,0,058,-116,216,13,574,-0,217,32,530,0,448,1,000,0,000,0,596,-0,595,35,239,13,325,-12,886,4,218,21,682,359,386,359,966,221,422,Curva 8.,53,86
201,94,-265,663,0,054,-115,564,13,462,-0,276,32,513,0,448,1,000,0,000,0,319,-0,530,35,186,-4,835,-2,988,-2,896,21,989,359,575,358,892,221,779,Curva 8.,53,88
201,96,-265,407,0,051,-114,911,13,417,-0,291,32,477,0,448,1,000,0,000,0,090,-0,394,35,138,-1,380,-0,814,-2,545,22,328,359,825,357,385,222,139,Curva 8.,53,90
201,98,-265,121,0,045,-114,269,13,702,-0,303,32,371,0,448,1,000,0,000,0,260,-0,341,35,150,15,232,-0,510,0,563,22,522,359,934,359,704,222,475,Curva 8.,53,92
202,00,-264,840,0,040,-113,626,13,872,-0,293,32,243,0,448,1,000,0,000,0,346,-0,327,35,098,10,281,0,368,-2,622,22,709,359,951,0,540,222,816,Curva 8.,53,94
202,02,-264,583,0,038,-112,971,13,789,-0,037,32,304,0,448,1,000,0,000,0,057,-0,138,35,123,-5,507,12,606,1,214,23,031,359,832,357,768,223,182,Curva 8.,53,96
202,04,-264,301,0,038,-112,326,14,003,0,028,32,219,0,448,1,000,0,000,0,029,-0,130,35,130,11,439,3,528,0,376,23,448,359,742,358,516,223,528,Curva 8.,53,98
202,06,-263,993,0,038,-111,693,14,567,0,048,31,989,0,390,1,000,0,000,0,388,-0,202,35,147,30,441,-0,009,0,870,23,840,359,614,1,946,223,849,Curva 8.,54,00
202,08,-263,710,0,038,-111,047,14,617,0,152,32,013,0,390,1,000,0,000,0,207,-0,251,35,191,1,842,5,119,2,195,24,198,359,349,0,710,224,198,Curva 8.,54,02
202,10,-263,435,0,043,-110,398,14,711,0,225,32,002,0,390,1,000,0,000,0,044,-0,202,35,221,4,415,3,813,1,496,24,629,359,302,357,885,224,557,Curva 8.,54,04
202,12,-263,121,0,043,-109,767,15,299,0,011,31,719,0,390,1,000,0,000,0,545,-0,408,35,210,32,651,-10,512,-0,577,24,866,359,313,359,705,224,878,Curva 8.,54,06
202,14,-262,801,0,038,-109,138,15,540,-0,281,31,709,0,390,1,000,0,000,0,773,-0,644,35,299,10,836,-14,901,4,454,24,832,359,438,1,233,225,196,Curva 8.,54,08
202,16,-262,506,0,033,-108,499,15,353,-0,289,31,710,0,390,1,000,0,000,0,448,-0,551,35,226,-8,469,-0,419,-3,922,25,112,359,569,359,649,225,539,Curva 8.,54,10
202,18,-262,211,0,030,-107,862,15,269,-0,259,31,670,0,438,1,000,0,000,0,197,-0,384,35,157,-2,987,1,426,-3,617,25,437,359,788,358,329,225,882,Curva 8.,54,12
202,20,-261,885,0,027,-107,238,15,565,-0,171,31,590,0,555,1,000,0,000,0,360,-0,284,35,214,15,145,4,097,2,801,25,636,359,828,1,094,226,199,Curva 8.,54,14
202,22,-261,573,0,023,-106,607,15,621,-0,216,31,519,0,555,1,000,0,000,0,320,-0,336,35,175,4,018,-2,322,-1,989,25,829,359,816,1,286,226,530,Curva 8.,54,16
202,24,-261,287,0,023,-105,963,15,351,0,069,31,670,0,555,1,000,0,000,-0,152,-0,125,35,194,-15,956,13,684,0,945,26,115,359,693,357,957,226,889,Curva 8.,54,18
202,26,-260,968,0,025,-105,335,15,614,0,135,31,540,0,555,1,000,0,000,-0,058,-0,078,35,194,14,665,3,428,0,052,26,434,359,654,359,593,227,217,Curva 8.,54,20
202,28,-260,628,0,028,-104,717,16,146,0,120,31,294,0,555,1,000,0,000,0,272,-0,152,35,212,29,191,-2,346,0,989,26,835,359,581,3,118,227,527,Curva 8.,54,22
202,30,-260,321,0,036,-104,082,16,019,0,509,31,377,0,545,1,000,0,000,-0,178,0,191,35,233,-7,030,19,618,0,981,27,343,359,475,1,443,227,871,Curva 8.,54,24
202,32,-260,019,0,044,-103,446,16,083,0,398,31,275,0,458,1,000,0,000,-0,428,0,049,35,168,5,343,-5,419,-3,057,27,910,359,449,358,588,228,222,Curva 8.,54,26
202,34,-259,683,0,048,-102,829,16,709,0,192,30,903,0,458,1,000,0,000,0,031,-0,154,35,132,36,467,-9,961,-1,600,28,352,359,436,359,495,228,538,Curva 8.,54,28
202,36,-259,335,0,045,-102,217,16,974,-0,170,30,824,0,245,1,000,0,000,0,221,-0,515,35,185,13,115,-18,401,2,649,28,462,359,447,1,239,228,845,Curva 8.,54,30
202,38,-259,000,0,037,-101,600,16,912,-0,388,30,784,0,245,1,000,0,000,0,080,-0,707,35,119,-1,908,-10,854,-3,346,28,636,359,483,0,897,229,166,Curva 8.,54,32
202,40,-258,676,0,030,-100,976,16,903,-0,384,30,843,0,090,1,000,0,000,-0,081,-0,669,35,167,-1,819,0,137,2,363,28,880,359,539,358,747,229,500,Curva 8.,54,34
202,42,-258,332,0,023,-100,366,17,007,-0,451,30,682,0,090,1,000,0,000,0,037,-0,592,35,078,8,425,-3,299,-4,556,28,943,359,770,359,729,229,813,Curva 8.,54,36
202,44,-257,975,0,019,-99,759,17,224,-0,223,30,708,0,000,1,000,0,000,0,219,-0,366,35,207,9,239,11,090,6,439,28,913,359,780,1,811,230,119,Curva 8.,54,38
202,46,-257,651,0,018,-99,135,16,984,-0,006,30,762,0,000,1,000,0,000,-0,098,-0,155,35,139,-11,941,10,711,-3,391,29,066,359,761,359,263,230,458,Curva 8.,54,40
202,48,-257,317,0,021,-98,514,17,003,0,190,30,833,0,000,1,000,0,000,-0,245,-0,036,35,211,-1,156,9,787,3,624,29,274,359,642,358,475,230,790,Curva 8.,54,42
202,50,-256,948,0,027,-97,912,17,493,0,349,30,583,0,000,1,000,0,000,0,273,0,050,35,233,27,691,7,077,1,144,29,328,359,528,1,808,231,090,Curva 8.,54,44
202,52,-256,603,0,033,-97,295,17,449,0,397,30,666,0,032,1,000,0,000,0,178,-0,045,35,284,-3,885,2,413,2,566,29,350,359,288,1,012,231,417,Curva 8.,54,46
202,54,-256,272,0,040,-96,669,17,395,0,451,30,721,0,032,1,000,0,000,-0,014,-0,148,35,307,-3,794,2,566,1,115,29,551,359,030,358,155,231,760,Curva 8.,54,48
202,56,-255,915,0,044,-96,059,17,663,0,275,30,555,0,235,1,000,0,000,0,220,-0,399,35,292,15,930,-8,448,-0,723,29,688,358,898,358,854,232,078,Curva 8.,54,50
202,58,-255,550,0,045,-95,454,17,819,0,018,30,520,0,235,1,000,0,000,0,397,-0,612,35,333,7,516,-12,952,2,059,29,626,358,984,0,473,232,388,Curva 8.,54,52
202,60,-255,199,0,045,-94,843,17,715,-0,072,30,500,0,419,1,000,0,000,0,247,-0,616,35,265,-4,017,-4,489,-3,511,29,747,359,118,0,031,232,714,Curva 8.,54,54
202,62,-254,861,0,046,-94,226,17,666,0,011,30,482,0,419,1,000,0,000,0,109,-0,468,35,228,-1,844,4,143,-1,942,29,948,359,214,357,659,233,053,Curva 8.,54,56
202,64,-254,502,0,046,-93,620,17,846,-0,049,30,363,0,516,1,000,0,000,0,242,-0,422,35,216,10,865,-2,662,-0,641,30,073,359,382,358,223,233,373,Curva 8.,54,58
202,66,-254,130,0,047,-93,020,18,157,-0,002,30,302,0,632,1,000,0,000,0,492,-0,346,35,321,14,983,2,308,5,192,30,131,359,441,0,009,233,683,Curva 8.,54,60
202,68,-253,783,0,049,-92,408,18,032,0,105,30,221,0,632,1,000,0,000,0,267,-0,245,35,191,-3,529,5,255,-6,593,30,404,359,416,357,881,234,018,Curva 8.,54,62
202,70,-253,433,0,055,-91,795,18,061,0,320,30,227,0,710,1,000,0,000,0,054,-0,113,35,213,0,366,10,785,1,116,30,784,359,290,356,190,234,354,Curva 8.,54,64
202,72,-253,046,0,060,-91,206,18,626,0,326,29,898,0,710,1,000,0,000,0,437,-0,131,35,224,32,708,0,606,0,562,31,214,359,251,359,492,234,652,Curva 8.,54,66
202,74,-252,668,0,066,-90,608,18,882,0,372,29,791,0,710,1,000,0,000,0,462,-0,225,35,269,13,691,2,288,2,185,31,619,359,028,359,855,234,964,Curva 8.,54,68
202,76,-252,316,0,076,-89,994,18,813,0,646,29,827,0,700,1,000,0,000,0,011,-0,168,35,270,-4,824,13,406,-0,005,32,242,358,677,356,075,235,304,Curva 8.,54,70
202,78,-251,938,0,084,-89,399,19,160,0,391,29,513,0,700,1,000,0,000,0,082,-0,442,35,187,23,956,-10,967,-4,013,32,911,358,636,355,858,235,616,Curva 8.,54,72
202,80,-251,539,0,088,-88,821,19,510,0,161,29,295,0,700,1,000,0,000,0,359,-0,559,35,191,21,022,-10,738,0,165,33,112,358,807,357,923,235,906,Curva 8.,54,74
202,82,-251,145,0,089,-88,239,19,613,-0,020,29,230,0,700,1,000,0,000,0,419,-0,612,35,193,6,329,-8,912,-0,040,33,207,359,019,358,499,236,203,Curva 8.,54,76
202,84,-250,771,0,092,-87,640,19,578,0,074,29,343,0,700,1,000,0,000,0,127,-0,519,35,270,-4,929,4,269,3,780,33,571,359,024,355,636,236,526,Curva 8.,54,78
202,86,-250,387,0,091,-87,056,19,515,-0,174,29,116,0,700,1,000,0,000,0,074,-0,578,35,047,4,736,-11,874,-11,311,33,793,359,332,354,968,236,832,Curva 8.,54,80
202,88,-249,978,0,089,-86,488,19,898,-0,168,28,870,0,700,1,000,0,000,0,400,-0,420,35,059,22,729,1,275,0,518,33,953,359,562,357,476,237,115,Curva 8.,54,82
202,90,-249,587,0,088,-85,907,19,947,-0,124,28,759,0,700,1,000,0,000,0,349,-0,311,34,997,4,995,2,577,-3,208,34,208,359,657,356,252,237,418,Curva 8.,54,84
202,92,-249,203,0,091,-85,319,20,008,0,174,28,781,0,710,1,000,0,000,0,101,-0,140,35,053,0,235,14,992,2,783,34,668,359,471,353,688,237,734,Curva 8.,54,86
202,94,-248,783,0,092,-84,757,20,522,0,169,28,429,0,710,1,000,0,000,0,310,-0,186,35,061,31,087,1,654,0,475,35,336,359,390,356,449,238,011,Curva 8.,54,88
202,96,-248,365,0,095,-84,192,20,912,0,145,28,205,0,739,1,000,0,000,0,351,-0,216,35,109,22,386,-0,119,2,395,35,998,359,383,357,195,238,292,Curva 8.,54,90
202,98,-247,969,0,105,-83,608,20,896,0,499,28,243,0,739,1,000,0,000,-0,083,-0,023,35,137,-3,756,17,380,1,327,36,635,359,165,353,516,238,603,Curva 8.,54,92
203,00,-247,542,0,109,-83,050,21,244,0,217,27,977,0,739,1,000,0,000,0,022,-0,259,35,128,23,129,-12,047,-0,285,37,215,359,222,354,716,238,878,Curva 8.,54,94
203,02,-247,096,0,109,-82,507,21,787,0,010,27,630,0,739,1,000,0,000,0,380,-0,351,35,183,32,509,-8,931,2,757,37,664,359,385,357,428,239,133,Curva 8.,54,96
203,04,-246,674,0,113,-81,944,21,836,0,204,27,547,0,739,1,000,0,000,0,142,-0,222,35,151,3,679,10,057,-1,634,38,202,359,288,355,290,239,417,Curva 8.,54,98
203,06,-246,249,0,118,-81,383,21,985,0,122,27,464,0,739,1,000,0,000,-0,038,-0,280,35,179,8,844,-3,067,1,385,38,794,359,357,353,082,239,701,Curva 8.,55,00
203,08,-245,789,0,114,-80,850,22,546,-0,131,26,992,0,690,1,000,0,000,0,387,-0,427,35,165,37,518,-9,766,-0,607,39,297,359,472,355,600,239,944,Curva 8.,55,02
203,10,-245,335,0,109,-80,314,22,722,-0,328,26,897,0,690,1,000,0,000,0,420,-0,520,35,205,10,448,-9,173,1,895,39,566,359,643,356,133,240,196,Curva 8.,55,04
203,12,-244,897,0,109,-79,760,22,734,-0,086,26,971,0,632,1,000,0,000,0,093,-0,298,35,273,-3,345,11,739,3,288,40,034,359,642,353,168,240,473,Curva 8.,55,06
203,14,-244,440,0,107,-79,227,22,842,-0,125,26,688,0,632,1,000,0,000,0,092,-0,267,35,127,13,425,-0,513,-7,292,40,456,359,756,353,954,240,723,Curva 8.,55,08
203,16,-243,961,0,105,-78,712,23,299,-0,020,26,304,0,603,1,000,0,000,0,393,-0,155,35,136,29,537,6,679,0,493,40,905,359,749,357,251,240,949,Curva 8.,55,10
203,18,-243,504,0,107,-78,174,23,350,0,158,26,314,0,603,1,000,0,000,0,098,-0,136,35,180,0,894,8,975,2,141,41,441,359,509,355,603,241,208,Curva 8.,55,12
203,20,-243,050,0,112,-77,634,23,449,0,237,26,272,0,593,1,000,0,000,-0,142,-0,154,35,215,4,600,4,528,1,775,42,010,359,394,353,105,241,471,Curva 8.,55,14
203,22,-242,561,0,112,-77,126,23,994,0,074,25,765,0,593,1,000,0,000,0,362,-0,308,35,204,37,731,-5,144,-0,442,42,414,359,333,355,433,241,693,Curva 8.,55,16
203,24,-242,076,0,110,-76,618,24,135,-0,143,25,555,0,593,1,000,0,000,0,487,-0,428,35,145,12,967,-10,001,-3,032,42,615,359,485,356,322,241,917,Curva 8.,55,18
203,26,-241,609,0,110,-76,091,24,055,-0,057,25,697,0,593,1,000,0,000,0,074,-0,320,35,198,-8,156,3,424,2,504,43,046,359,561,353,852,242,169,Curva 8.,55,20
203,28,-241,129,0,107,-75,582,24,056,-0,254,25,555,0,593,1,000,0,000,-0,035,-0,376,35,095,5,828,-9,339,-5,158,43,386,359,810,354,390,242,401,Curva 8.,55,22
203,30,-240,629,0,102,-75,087,24,409,-0,193,25,316,0,593,1,000,0,000,0,247,-0,266,35,165,20,858,4,086,3,510,43,574,359,862,357,204,242,612,Curva 8.,55,24
203,32,-240,149,0,100,-74,573,24,471,-0,174,25,224,0,593,1,000,0,000,0,182,-0,238,35,143,5,335,1,352,-1,170,43,867,359,873,355,483,242,852,Curva 8.,55,26
203,34,-239,670,0,100,-74,056,24,525,0,007,25,226,0,487,1,000,0,000,-0,018,-0,131,35,182,0,793,9,198,1,970,44,246,359,780,353,297,243,096,Curva 8.,55,28
203,36,-239,156,0,096,-73,574,24,986,-0,077,24,768,0,487,1,000,0,000,0,380,-0,251,35,179,32,675,-2,487,-0,073,44,655,359,685,357,039,243,295,Curva 8.,55,30
203,38,-238,653,0,092,-73,081,25,193,-0,208,24,609,0,487,1,000,0,000,0,445,-0,373,35,214,13,256,-5,978,1,640,44,978,359,698,357,318,243,511,Curva 8.,55,32
203,40,-238,173,0,096,-72,564,25,055,0,138,24,744,0,400,1,000,0,000,-0,042,-0,089,35,214,-11,671,16,048,-0,058,45,444,359,639,353,111,243,760,Curva 8.,55,34
203,42,-237,664,0,097,-72,076,25,315,0,110,24,431,0,400,1,000,0,000,0,075,-0,162,35,181,20,302,0,683,-1,551,45,924,359,545,354,167,243,972,Curva 8.,55,36
203,44,-237,136,0,097,-71,608,25,532,0,174,24,219,0,390,1,000,0,000,0,289,-0,193,35,190,15,035,3,667,0,462,46,052,359,388,358,065,244,160,Curva 8.,55,38
203,46,-236,629,0,098,-71,118,25,436,0,108,24,338,0,390,1,000,0,000,0,039,-0,377,35,202,-7,467,-3,599,0,614,46,226,359,209,357,636,244,380,Curva 8.,55,40
203,48,-236,137,0,104,-70,615,25,390,0,216,24,311,0,390,1,000,0,000,-0,076,-0,312,35,152,-1,157,5,351,-2,510,46,417,359,154,354,374,244,618,Curva 8.,55,42
203,50,-235,624,0,103,-70,137,25,615,-0,021,23,943,0,390,1,000,0,000,0,348,-0,475,35,058,22,120,-9,756,-4,680,46,438,359,207,354,621,244,827,Curva 8.,55,44
203,52,-235,097,0,100,-69,671,25,788,-0,144,23,896,0,390,1,000,0,000,0,597,-0,571,35,148,8,013,-5,808,4,540,46,260,359,254,356,883,245,021,Curva 8.,55,46
203,54,-234,587,0,095,-69,192,25,581,-0,288,23,946,0,419,1,000,0,000,0,373,-0,628,35,034,-8,569,-7,579,-5,850,46,338,359,411,356,826,245,236,Curva 8.,55,48
203,56,-234,090,0,094,-68,695,25,555,-0,168,24,109,0,419,1,000,0,000,0,028,-0,469,35,130,-7,378,5,216,4,693,46,700,359,509,354,103,245,474,Curva 8.,55,50
203,58,-233,577,0,091,-68,221,25,568,-0,223,23,914,0,419,1,000,0,000,0,044,-0,387,35,007,7,781,-2,077,-6,187,46,898,359,728,355,041,245,687,Curva 8.,55,52
203,60,-233,049,0,089,-67,760,25,840,-0,060,23,640,0,419,1,000,0,000,0,266,-0,190,35,021,18,945,8,845,0,665,47,122,359,772,357,879,245,883,Curva 8.,55,54
203,62,-232,544,0,090,-67,272,25,833,0,019,23,714,0,438,1,000,0,000,0,030,-0,174,35,066,-3,239,3,739,2,245,47,422,359,681,355,457,246,115,Curva 8.,55,56
203,64,-232,036,0,093,-66,786,25,894,0,179,23,738,0,438,1,000,0,000,-0,147,-0,122,35,128,0,269,8,018,3,132,47,748,359,538,353,546,246,347,Curva 8.,55,58
203,66,-231,493,0,094,-66,338,26,392,0,171,23,189,0,477,1,000,0,000,0,393,-0,147,35,130,37,021,1,274,0,174,48,066,359,452,357,458,246,530,Curva 8.,55,60
203,68,-230,963,0,097,-65,872,26,474,0,245,23,178,0,564,1,000,0,000,0,345,-0,202,35,185,2,992,3,772,2,765,48,253,359,247,357,390,246,738,Curva 8.,55,62
203,70,-230,453,0,106,-65,385,26,414,0,465,23,256,0,564,1,000,0,000,-0,067,-0,141,35,195,-6,100,10,387,0,485,48,771,359,027,353,680,246,974,Curva 8.,55,64
203,72,-229,920,0,111,-64,924,26,665,0,258,22,916,0,564,1,000,0,000,0,064,-0,391,35,158,22,032,-8,063,-1,759,49,287,358,936,353,978,247,180,Curva 8.,55,66
203,74,-229,372,0,112,-64,482,26,933,0,117,22,678,0,564,1,000,0,000,0,364,-0,482,35,204,18,180,-5,988,2,286,49,359,358,991,356,523,247,363,Curva 8.,55,68
203,76,-228,835,0,112,-64,031,26,860,-0,038,22,624,0,564,1,000,0,000,0,276,-0,546,35,113,0,089,-7,679,-4,629,49,493,359,148,356,803,247,561,Curva 8.,55,70
203,78,-228,312,0,115,-63,559,26,840,0,020,22,766,0,564,1,000,0,000,-0,057,-0,477,35,192,-6,355,2,200,3,862,49,869,359,205,353,943,247,786,Curva 8.,55,72
203,80,-227,780,0,113,-63,107,26,777,-0,203,22,527,0,564,1,000,0,000,-0,017,-0,582,34,988,8,341,-10,199,-10,228,50,061,359,388,353,613,247,991,Curva 8.,55,74
203,82,-227,228,0,109,-62,674,26,979,-0,145,22,362,0,487,1,000,0,000,0,267,-0,456,35,038,12,634,3,672,2,456,49,958,359,466,356,419,248,172,Curva 8.,55,76
203,84,-226,692,0,107,-62,227,26,928,-0,126,22,259,0,487,1,000,0,000,0,289,-0,402,34,934,2,193,1,131,-5,239,49,994,359,517,356,113,248,374,Curva 8.,55,78
203,86,-226,171,0,112,-61,761,26,844,0,174,22,299,0,477,1,000,0,000,0,059,-0,190,34,897,-6,158,14,330,-1,813,50,230,359,393,352,338,248,601,Curva 8.,55,80
203,88,-225,622,0,110,-61,328,27,109,-0,061,22,031,0,477,1,000,0,000,0,205,-0,373,34,930,19,795,-9,865,1,664,50,625,359,459,354,396,248,790,Curva 8.,55,82
203,90,-225,069,0,109,-60,902,27,325,-0,033,21,739,0,477,1,000,0,000,0,255,-0,283,34,915,18,017,2,430,-0,781,51,102,359,567,356,855,248,971,Curva 8.,55,84
203,92,-224,539,0,115,-60,443,27,248,0,313,21,905,0,477,1,000,0,000,-0,267,-0,094,34,962,-10,781,16,145,2,342,51,656,359,384,353,484,249,194,Curva 8.,55,86
203,94,-223,997,0,121,-59,997,27,424,0,273,21,796,0,496,1,000,0,000,-0,391,-0,199,35,029,9,913,-0,744,3,554,52,200,359,315,352,440,249,401,Curva 8.,55,88
203,96,-223,425,0,121,-59,590,27,926,0,144,21,216,0,496,1,000,0,000,0,162,-0,257,35,070,38,628,-3,982,2,237,52,540,359,329,356,244,249,564,Curva 8.,55,90
203,98,-222,866,0,124,-59,166,27,997,0,171,21,056,0,506,1,000,0,000,0,177,-0,273,35,030,8,364,1,962,-2,011,52,794,359,255,356,215,249,748,Curva 8.,55,92
204,00,-222,323,0,134,-58,720,28,032,0,444,21,055,0,506,1,000,0,000,-0,081,-0,127,35,061,-0,770,13,634,1,566,53,250,359,086,352,090,249,961,Curva 8.,55,94
204,02,-221,759,0,137,-58,303,28,293,0,179,20,645,0,593,1,000,0,000,0,146,-0,405,35,022,25,851,-9,712,-1,835,53,737,359,017,352,027,250,141,Curva 8.,55,96
204,04,-221,179,0,137,-57,909,28,513,0,077,20,406,0,593,1,000,0,000,0,403,-0,498,35,057,16,535,-3,657,1,778,53,828,359,004,354,804,250,296,Curva 8.,55,98
204,06,-220,610,0,136,-57,503,28,401,-0,082,20,370,0,593,1,000,0,000,0,269,-0,611,34,945,-1,209,-7,989,-5,716,53,991,359,100,355,394,250,467,Curva 8.,56,00
204,08,-220,055,0,139,-57,075,28,401,0,054,20,503,0,632,1,000,0,000,-0,063,-0,507,35,025,-6,261,5,965,3,979,54,387,359,103,352,324,250,667,Curva 8.,56,02
204,10,-219,494,0,139,-56,664,28,293,-0,121,20,290,0,651,1,000,0,000,-0,073,-0,557,34,812,6,794,-7,688,-10,675,54,609,359,310,351,470,250,850,Curva 8.,56,04
204,12,-218,912,0,136,-56,279,28,516,-0,049,20,078,0,651,1,000,0,000,0,261,-0,417,34,872,14,688,4,960,2,939,54,488,359,357,354,620,251,003,Curva 8.,56,06
204,14,-218,341,0,134,-55,882,28,485,-0,094,20,005,0,651,1,000,0,000,0,314,-0,433,34,804,2,250,-2,050,-3,394,54,466,359,400,354,990,251,173,Curva 8.,56,08
204,16,-217,787,0,140,-55,453,28,476,0,216,20,215,0,651,1,000,0,000,-0,080,-0,267,34,921,-11,161,13,832,5,863,54,829,359,233,350,863,251,381,Curva 8.,56,10
204,18,-217,221,0,143,-55,052,28,404,0,132,19,901,0,651,1,000,0,000,-0,038,-0,366,34,680,11,324,-2,248,-11,975,55,142,359,196,350,755,251,560,Curva 8.,56,12
204,20,-216,633,0,144,-54,678,28,689,0,261,19,696,0,651,1,000,0,000,0,316,-0,243,34,798,15,876,7,897,5,930,55,049,359,123,354,515,251,708,Curva 8.,56,14
204,22,-216,062,0,148,-54,284,28,508,0,234,19,635,0,651,1,000,0,000,0,186,-0,308,34,615,-2,528,-1,410,-9,182,55,185,359,076,354,631,251,881,Curva 8.,56,16
204,24,-215,506,0,158,-53,863,28,559,0,429,19,844,0,651,1,000,0,000,-0,211,-0,299,34,777,-8,614,8,272,8,192,55,630,358,864,350,716,252,088,Curva 8.,56,18
204,26,-214,941,0,163,-53,467,28,455,0,198,19,490,0,651,1,000,0,000,-0,035,-0,512,34,487,13,509,-9,006,-14,480,55,799,358,845,349,829,252,269,Curva 8.,56,20
204,28,-214,356,0,164,-53,097,28,690,0,181,19,294,0,651,1,000,0,000,0,334,-0,470,34,570,14,711,0,960,4,140,55,630,358,857,352,632,252,422,Curva 8.,56,22
204,30,-213,781,0,165,-52,718,28,592,0,035,19,286,0,651,1,000,0,000,0,332,-0,536,34,483,-1,623,-7,435,-4,399,55,551,358,995,353,638,252,588,Curva 8.,56,24
204,32,-213,224,0,171,-52,306,28,520,0,196,19,546,0,651,1,000,0,000,-0,099,-0,498,34,572,-13,952,5,682,4,467,55,879,358,890,350,187,252,793,Curva 8.,56,26
204,34,-212,661,0,173,-51,911,28,424,-0,019,19,396,0,642,1,000,0,000,-0,151,-0,665,34,404,5,513,-9,750,-8,350,56,150,358,992,349,059,252,982,Curva 8.,56,28
204,36,-212,079,0,172,-51,541,28,622,0,057,19,229,0,642,1,000,0,000,0,069,-0,502,34,478,11,789,5,497,3,613,56,111,359,063,351,819,253,142,Curva 8.,56,30
204,38,-211,504,0,173,-51,164,28,637,0,023,19,106,0,622,1,000,0,000,0,188,-0,431,34,423,5,666,-0,978,-2,792,56,069,359,211,352,731,253,312,Curva 8.,56,32
204,40,-210,946,0,183,-50,753,28,636,0,353,19,332,0,622,1,000,0,000,-0,219,-0,292,34,550,-12,528,14,174,6,453,56,428,359,013,348,566,253,523,Curva 8.,56,34
204,42,-210,377,0,186,-50,366,28,577,0,196,19,072,0,603,1,000,0,000,-0,191,-0,509,34,353,10,688,-5,562,-9,732,56,769,358,907,348,125,253,709,Curva 8.,56,36
204,44,-209,785,0,189,-50,009,28,856,0,418,18,830,0,603,1,000,0,000,0,091,-0,341,34,457,16,056,13,338,5,292,56,803,358,722,352,048,253,861,Curva 8.,56,38
204,46,-209,209,0,195,-49,633,28,762,0,397,18,764,0,603,1,000,0,000,0,006,-0,441,34,342,0,321,-0,895,-5,735,56,969,358,608,352,302,254,037,Curva 8.,56,40
204,48,-208,646,0,210,-49,230,28,852,0,587,18,922,0,603,1,000,0,000,-0,283,-0,447,34,504,-6,028,8,235,8,262,57,352,358,394,348,280,254,246,Curva 8.,56,42
204,50,-208,071,0,218,-48,856,28,804,0,434,18,542,0,603,1,000,0,000,0,037,-0,635,34,253,15,902,-3,988,-12,467,57,393,358,223,347,809,254,425,Curva 8.,56,44
204,52,-207,476,0,224,-48,507,29,061,0,610,18,373,0,603,1,000,0,000,0,391,-0,524,34,380,12,614,10,602,6,494,57,187,358,021,351,260,254,574,Curva 8.,56,46
204,54,-206,897,0,234,-48,145,28,823,0,492,18,408,0,603,1,000,0,000,0,209,-0,579,34,198,-7,085,-6,613,-9,203,57,219,358,167,352,298,254,744,Curva 8.,56,48
204,56,-206,334,0,251,-47,752,28,751,0,611,18,719,0,603,1,000,0,000,-0,332,-0,435,34,309,-15,894,2,930,5,467,57,612,358,367,349,346,254,949,Curva 8.,56,50
204,58,-205,764,0,262,-47,377,28,737,0,419,18,560,0,603,1,000,0,000,-0,363,-0,475,34,207,8,079,-8,102,-5,064,57,894,358,636,348,814,255,137,Curva 8.,56,52
204,60,-205,173,0,267,-47,029,29,009,0,409,18,292,0,603,1,000,0,000,0,003,-0,415,34,295,18,491,1,976,4,371,57,856,358,629,352,060,255,295,Curva 8.,56,54
204,62,-204,591,0,272,-46,671,28,962,0,232,18,118,0,603,1,000,0,000,0,137,-0,533,34,158,7,164,-7,835,-6,845,57,854,358,695,352,830,255,467,Curva 8.,56,56
204,64,-204,024,0,284,-46,285,28,996,0,468,18,264,0,603,1,000,0,000,-0,121,-0,346,34,270,-7,332,10,466,5,580,58,100,358,687,349,404,255,671,Curva 8.,56,58
204,66,-203,444,0,292,-45,924,28,997,0,403,18,000,0,739,1,000,0,000,-0,027,-0,382,34,130,11,637,-0,997,-6,951,58,331,358,701,349,503,255,849,Curva 8.,56,60
204,68,-202,846,0,298,-45,586,29,294,0,520,17,818,0,739,1,000,0,000,0,292,-0,339,34,288,14,723,7,521,7,984,58,276,358,509,352,921,256,002,Curva 8.,56,62
204,70,-202,264,0,307,-45,229,29,122,0,492,17,781,0,739,1,000,0,000,0,159,-0,408,34,121,-2,774,-1,501,-8,334,58,412,358,461,352,869,256,180,Curva 8.,56,64
204,72,-201,689,0,322,-44,852,29,235,0,620,17,951,0,797,1,000,0,000,-0,113,-0,321,34,310,-5,339,5,284,9,422,58,727,358,470,350,065,256,380,Curva 8.,56,66
204,74,-201,104,0,333,-44,500,29,243,0,526,17,676,0,816,1,000,0,000,0,073,-0,331,34,173,12,584,-2,425,-6,860,58,822,358,549,350,337,256,556,Curva 8.,56,68
204,76,-200,506,0,341,-44,162,29,501,0,512,17,605,0,816,1,000,0,000,0,306,-0,349,34,356,9,755,0,256,9,149,58,739,358,505,352,850,256,715,Curva 8.,56,70
204,78,-199,920,0,349,-43,809,29,343,0,378,17,594,0,816,1,000,0,000,0,149,-0,432,34,212,-2,742,-6,945,-7,242,58,896,358,619,352,779,256,895,Curva 8.,56,72
204,80,-199,340,0,361,-43,441,29,431,0,411,17,724,0,816,1,000,0,000,-0,084,-0,364,34,356,-3,525,0,933,7,176,59,180,358,739,350,646,257,092,Curva 8.,56,74
204,82,-198,749,0,367,-43,094,29,467,0,319,17,504,0,806,1,000,0,000,0,025,-0,369,34,273,10,903,-2,909,-4,164,59,338,358,850,351,441,257,267,Curva 8.,56,76
204,84,-198,151,0,372,-42,758,29,597,0,343,17,343,0,806,1,000,0,000,0,132,-0,338,34,304,10,072,2,313,1,539,59,475,358,841,353,699,257,431,Curva 8.,56,78
204,86,-197,563,0,379,-42,403,29,688,0,264,17,264,0,806,1,000,0,000,0,030,-0,381,34,342,6,195,-3,190,1,870,59,857,358,923,352,397,257,619,Curva 8.,56,80
204,88,-196,975,0,389,-42,049,29,701,0,386,17,195,0,806,1,000,0,000,-0,125,-0,219,34,320,2,311,6,526,-1,056,60,195,359,027,350,989,257,807,Curva 8.,56,82
204,90,-196,367,0,395,-41,728,30,023,0,406,16,705,0,777,1,000,0,000,0,238,-0,140,34,359,28,938,4,126,1,984,60,538,359,048,353,761,257,960,Curva 8.,56,84
204,92,-195,764,0,402,-41,394,30,244,0,339,16,520,0,777,1,000,0,000,0,293,-0,200,34,462,13,775,-1,882,5,118,60,909,359,052,353,612,258,129,Curva 8.,56,86
204,94,-195,168,0,414,-41,046,30,282,0,500,16,518,0,710,1,000,0,000,0,000,-0,095,34,497,-0,261,8,043,1,744,61,411,359,014,351,195,258,314,Curva 8.,56,88
204,96,-194,554,0,419,-40,730,30,492,0,336,16,137,0,710,1,000,0,000,0,111,-0,211,34,499,22,572,-5,519,0,189,61,970,359,072,353,130,258,466,Curva 8.,56,90
204,98,-193,938,0,424,-40,418,30,706,0,257,15,761,0,680,1,000,0,000,0,187,-0,234,34,514,21,905,-1,916,0,763,62,556,359,158,354,573,258,615,Curva 8.,56,92
205,00,-193,331,0,433,-40,088,30,749,0,371,15,696,0,680,1,000,0,000,-0,096,-0,139,34,525,3,088,6,162,0,559,63,145,359,177,352,447,258,786,Curva 8.,56,94
205,02,-192,717,0,439,-39,774,30,865,0,242,15,442,0,680,1,000,0,000,-0,112,-0,198,34,512,14,692,-4,532,-0,540,63,649,359,297,352,353,258,940,Curva 8.,56,96
205,04,-192,088,0,441,-39,486,31,137,0,192,14,982,0,690,1,000,0,000,0,236,-0,208,34,553,26,750,-0,045,2,085,63,947,359,302,354,659,259,069,Curva 8.,56,98
205,06,-191,470,0,444,-39,178,31,162,0,077,14,889,0,690,1,000,0,000,0,130,-0,296,34,534,5,380,-5,154,-0,963,64,304,359,360,353,338,259,221,Curva 8.,57,00
205,08,-190,851,0,448,-38,869,31,200,0,111,14,889,0,690,1,000,0,000,-0,071,-0,275,34,570,0,556,1,771,1,772,64,669,359,383,351,895,259,375,Curva 8.,57,02
205,10,-190,217,0,447,-38,592,31,421,0,082,14,449,0,729,1,000,0,000,0,191,-0,267,34,582,24,640,0,908,0,685,65,032,359,394,354,574,259,496,Curva 8.,57,04
205,12,-189,587,0,448,-38,304,31,555,0,009,14,287,0,729,1,000,0,000,0,185,-0,298,34,637,10,462,-2,683,2,698,65,382,359,465,354,582,259,631,Curva 8.,57,06
205,14,-188,964,0,455,-38,000,31,571,0,221,14,304,1,000,1,000,0,000,-0,094,-0,112,34,660,-1,895,10,410,1,163,65,806,359,472,352,163,259,784,Curva 8.,57,08
205,16,-188,325,0,456,-37,730,31,746,0,132,13,901,1,000,1,000,0,000,0,077,-0,157,34,656,22,307,-2,176,-0,139,66,252,359,511,354,063,259,904,Curva 8.,57,10
205,18,-187,683,0,457,-37,466,31,952,0,075,13,466,1,000,1,000,0,000,0,245,-0,206,34,673,24,205,-1,014,0,893,66,768,359,506,355,706,260,018,Curva 8.,57,12
205,20,-187,051,0,461,-37,179,31,976,0,210,13,416,1,000,1,000,0,000,-0,057,-0,141,34,677,1,976,6,994,0,196,67,358,359,433,353,492,260,157,Curva 8.,57,14
205,22,-186,412,0,464,-36,911,32,062,0,076,13,155,1,000,1,000,0,000,-0,091,-0,211,34,655,14,397,-5,054,-1,001,67,881,359,545,353,342,260,280,Curva 8.,57,16
205,24,-185,761,0,463,-36,670,32,307,0,019,12,628,1,000,1,000,0,000,0,290,-0,203,34,685,29,133,-0,671,1,565,68,197,359,598,355,735,260,375,Curva 8.,57,18
205,26,-185,117,0,463,-36,412,32,339,-0,019,12,488,1,000,1,000,0,000,0,169,-0,245,34,666,7,263,-1,291,-1,040,68,643,359,603,354,973,260,490,Curva 8.,57,20
205,28,-184,475,0,465,-36,148,32,399,0,007,12,432,1,000,1,000,0,000,-0,070,-0,238,34,702,3,523,1,764,1,811,69,171,359,612,352,957,260,614,Curva 8.,57,22
205,30,-183,821,0,462,-35,913,32,592,-0,095,11,961,1,000,1,000,0,000,0,142,-0,346,34,715,25,765,-2,705,0,797,69,668,359,566,354,548,260,707,Curva 8.,57,24
205,32,-183,167,0,458,-35,683,32,623,-0,184,11,713,1,000,1,000,0,000,0,134,-0,389,34,660,12,520,-3,520,-2,788,70,077,359,647,355,784,260,798,Curva 8.,57,26
205,34,-182,518,0,456,-35,438,32,711,-0,179,11,604,1,000,1,000,0,000,-0,047,-0,320,34,707,6,546,0,900,2,351,70,599,359,779,354,299,260,906,Curva 8.,57,28
205,36,-181,866,0,454,-35,207,32,716,-0,206,11,377,1,000,1,000,0,000,-0,056,-0,245,34,638,10,885,-0,205,-3,450,70,960,359,946,354,080,261,003,Curva 8.,57,30
205,38,-181,204,0,449,-35,000,32,911,-0,193,10,870,1,000,1,000,0,000,0,275,-0,185,34,659,27,015,2,400,1,083,71,288,359,985,356,289,261,075,Curva 8.,57,32
205,40,-180,547,0,445,-34,774,33,040,-0,232,10,751,0,961,1,000,0,000,0,167,-0,228,34,745,7,797,-1,287,4,260,71,733,359,984,355,159,261,168,Curva 8.,57,34
205,42,-179,888,0,443,-34,552,33,133,-0,153,10,564,0,961,1,000,0,000,-0,018,-0,159,34,777,9,899,4,978,1,613,72,372,-0,005,354,128,261,260,Curva 8.,57,36
205,44,-179,219,0,438,-34,359,33,295,-0,198,10,018,0,777,1,000,0,000,0,155,-0,172,34,770,28,531,-0,380,-0,215,73,017,0,026,356,263,261,323,Curva 8.,57,38
205,46,-178,552,0,433,-34,159,33,427,-0,283,9,725,0,777,1,000,0,000,0,147,-0,222,34,814,16,185,-3,208,2,194,73,563,0,085,356,138,261,394,Curva 8.,57,40
205,48,-177,887,0,430,-33,953,33,490,-0,207,9,556,0,700,1,000,0,000,-0,042,-0,137,34,827,8,597,4,665,0,681,74,166,0,122,354,524,261,474,Curva 8.,57,42
205,50,-177,214,0,423,-33,775,33,585,-0,320,9,106,0,700,1,000,0,000,0,076,-0,190,34,798,23,291,-4,007,-1,315,74,727,0,207,355,899,261,527,Curva 8.,57,44
205,52,-176,539,0,415,-33,603,33,713,-0,394,8,688,0,700,1,000,0,000,0,214,-0,237,34,816,22,001,-2,506,0,894,75,217,0,240,356,924,261,575,Curva 8.,57,46
205,54,-175,869,0,409,-33,415,33,757,-0,382,8,611,0,700,1,000,0,000,-0,027,-0,210,34,839,4,178,0,984,1,149,75,763,0,288,355,040,261,642,Curva 8.,57,48
205,56,-175,193,0,400,-33,246,33,811,-0,469,8,337,0,700,1,000,0,000,-0,080,-0,236,34,826,14,264,-3,246,-0,582,76,309,0,395,355,429,261,691,Curva 8.,57,50
205,58,-174,513,0,391,-33,098,33,922,-0,439,7,864,0,700,1,000,0,000,0,131,-0,190,34,824,24,217,2,570,-0,014,76,746,0,401,357,503,261,720,Curva 8.,57,52
205,60,-173,835,0,382,-32,930,34,005,-0,455,7,731,0,729,1,000,0,000,0,005,-0,207,34,875,7,458,-0,292,2,564,77,206,0,408,356,119,261,771,Curva 8.,57,54
205,62,-173,156,0,374,-32,768,34,063,-0,448,7,607,0,729,1,000,0,000,-0,141,-0,216,34,904,6,611,0,921,1,522,77,673,0,402,355,151,261,818,Curva 8.,57,56
205,64,-172,470,0,363,-32,638,34,167,-0,489,7,071,0,768,1,000,0,000,0,149,-0,228,34,893,27,347,-0,916,-0,451,78,078,0,419,357,581,261,834,Curva 8.,57,58
205,66,-171,786,0,353,-32,495,34,255,-0,567,6,901,0,768,1,000,0,000,0,121,-0,267,34,946,9,396,-3,385,2,621,78,433,0,483,357,160,261,865,Curva 8.,57,60
205,68,-171,104,0,345,-32,343,34,283,-0,437,6,870,0,768,1,000,0,000,-0,093,-0,136,34,967,1,233,6,632,1,051,78,837,0,506,355,329,261,908,Curva 8.,57,62
205,70,-170,415,0,334,-32,223,34,362,-0,500,6,422,0,768,1,000,0,000,0,110,-0,179,34,960,22,906,-2,135,-0,269,79,248,0,518,357,365,261,919,Curva 8.,57,64
205,72,-169,725,0,322,-32,105,34,449,-0,591,6,023,0,768,1,000,0,000,0,232,-0,266,34,975,20,501,-3,908,0,746,79,715,0,521,358,342,261,930,Curva 8.,57,66
205,74,-169,039,0,313,-31,966,34,463,-0,497,5,974,0,710,1,000,0,000,-0,045,-0,175,34,980,2,224,4,839,0,237,80,259,0,534,356,032,261,964,Curva 8.,57,68
205,76,-168,350,0,302,-31,852,34,479,-0,581,5,671,0,710,1,000,0,000,-0,073,-0,198,34,946,15,298,-3,354,-1,612,80,798,0,636,356,713,261,975,Curva 8.,57,70
205,78,-167,657,0,291,-31,762,34,560,-0,513,5,118,0,651,1,000,0,000,0,210,-0,133,34,940,27,884,3,817,-0,200,81,235,0,617,359,205,261,964,Curva 8.,57,72
205,80,-166,966,0,279,-31,646,34,622,-0,576,5,004,0,651,1,000,0,000,0,054,-0,224,34,986,6,254,-2,843,2,270,81,705,0,573,357,261,261,981,Curva 8.,57,74
205,82,-166,275,0,268,-31,536,34,663,-0,599,4,924,0,584,1,000,0,000,-0,138,-0,250,35,015,4,263,-0,861,1,472,82,167,0,587,356,139,261,993,Curva 8.,57,76
205,84,-165,578,0,256,-31,465,34,733,-0,564,4,336,0,584,1,000,0,000,0,219,-0,219,35,006,29,608,2,161,-0,351,82,530,0,560,359,205,261,967,Curva 8.,57,78
205,86,-164,883,0,243,-31,373,34,804,-0,662,4,246,0,516,1,000,0,000,0,118,-0,285,35,067,5,034,-4,723,3,025,82,865,0,611,358,448,261,965,Curva 8.,57,80
205,88,-164,188,0,234,-31,270,34,825,-0,489,4,294,0,516,1,000,0,000,-0,146,-0,138,35,092,-2,844,8,462,1,233,83,223,0,590,356,206,261,976,Curva 8.,57,82
205,90,-163,489,0,221,-31,208,34,871,-0,576,3,792,0,477,1,000,0,000,0,157,-0,232,35,080,25,273,-3,840,-0,514,83,543,0,556,358,898,261,947,Curva 8.,57,84
205,92,-162,790,0,208,-31,140,34,908,-0,639,3,516,0,477,1,000,0,000,0,245,-0,283,35,088,13,979,-3,076,0,376,83,852,0,578,359,627,261,927,Curva 8.,57,86
205,94,-162,094,0,200,-31,045,34,900,-0,441,3,639,0,477,1,000,0,000,-0,105,-0,112,35,092,-6,721,9,562,0,155,84,230,0,547,356,722,261,934,Curva 8.,57,88
205,96,-161,396,0,189,-30,984,34,909,-0,535,3,348,0,477,1,000,0,000,-0,035,-0,166,35,072,14,664,-4,270,-0,907,84,588,0,605,358,129,261,910,Curva 8.,57,90
205,98,-160,695,0,179,-30,939,34,952,-0,466,2,889,0,642,1,000,0,000,0,198,-0,151,35,073,23,070,3,219,0,104,84,948,0,518,0,647,261,872,Curva 8.,57,92
206,00,-159,996,0,170,-30,864,34,965,-0,363,2,944,0,642,1,000,0,000,-0,080,-0,181,35,090,-2,799,5,073,0,838,85,325,0,301,358,612,261,866,Curva 8.,57,94
206,02,-159,297,0,162,-30,795,34,990,-0,396,2,849,0,642,1,000,0,000,-0,214,-0,256,35,106,4,922,-1,390,0,903,85,715,0,245,357,321,261,855,Curva 8.,57,96
206,04,-158,594,0,153,-30,764,35,064,-0,364,2,279,0,642,1,000,0,000,0,250,-0,275,35,138,28,659,1,675,1,668,85,874,0,143,359,835,261,808,Curva 8.,57,98
206,06,-157,894,0,143,-30,717,35,004,-0,545,2,205,0,642,1,000,0,000,0,209,-0,393,35,075,3,551,-9,052,-3,238,86,059,0,245,359,531,261,780,Curva 8.,58,00
206,08,-157,194,0,134,-30,655,35,081,-0,492,2,341,0,651,1,000,0,000,-0,097,-0,333,35,161,-6,619,2,384,4,289,86,364,0,267,357,563,261,768,Curva 8.,58,02
206,10,-156,493,0,124,-30,622,35,039,-0,537,2,061,0,651,1,000,0,000,-0,006,-0,334,35,102,13,885,-2,100,-2,924,86,650,0,331,359,381,261,728,Curva 8.,58,04
206,12,-155,791,0,114,-30,594,35,081,-0,474,1,713,0,651,1,000,0,000,0,103,-0,270,35,125,17,502,2,865,1,174,87,029,0,336,0,882,261,686,Curva 8.,58,06
206,14,-155,089,0,107,-30,541,35,107,-0,306,1,675,0,651,1,000,0,000,-0,159,-0,150,35,148,1,745,8,494,1,198,87,534,0,260,358,467,261,671,Curva 8.,58,08
206,16,-154,386,0,101,-30,512,35,122,-0,289,1,340,0,574,1,000,0,000,-0,139,-0,167,35,148,16,711,1,188,0,151,88,046,0,204,358,773,261,634,Curva 8.,58,10
206,18,-153,683,0,096,-30,511,35,124,-0,203,0,704,0,574,1,000,0,000,0,235,-0,154,35,131,31,902,3,546,-0,743,88,463,0,089,1,355,261,570,Curva 8.,58,12
206,20,-152,978,0,092,-30,487,35,181,-0,114,0,599,0,574,1,000,0,000,0,088,-0,194,35,186,5,302,4,451,2,751,88,880,359,869,0,050,261,531,Curva 8.,58,14
206,22,-152,274,0,090,-30,459,35,211,-0,078,0,529,0,526,1,000,0,000,-0,118,-0,215,35,215,3,489,1,920,1,487,89,343,359,783,358,081,261,497,Curva 8.,58,16
206,24,-151,569,0,086,-30,468,35,225,-0,124,-0,027,0,516,1,000,0,000,0,243,-0,291,35,224,27,800,-2,232,0,518,89,651,359,728,359,788,261,430,Curva 8.,58,18
206,26,-150,866,0,082,-30,477,35,175,-0,302,-0,245,0,516,1,000,0,000,0,338,-0,398,35,173,10,774,-9,029,-2,595,89,840,359,852,0,695,261,364,Curva 8.,58,20
206,28,-150,162,0,076,-30,465,35,209,-0,324,-0,140,0,506,1,000,0,000,0,037,-0,360,35,209,-5,254,-1,189,1,692,90,179,359,940,358,746,261,321,Curva 8.,58,22
206,30,-149,460,0,069,-30,469,35,145,-0,422,-0,254,0,506,1,000,0,000,-0,027,-0,371,35,146,5,812,-4,799,-3,136,90,467,0,082,359,068,261,263,Curva 8.,58,24
206,32,-148,757,0,062,-30,493,35,155,-0,306,-0,604,0,458,1,000,0,000,0,164,-0,272,35,160,17,627,5,397,0,688,90,707,0,062,1,241,261,188,Curva 8.,58,26
206,34,-148,053,0,057,-30,494,35,202,-0,254,-0,652,0,458,1,000,0,000,0,041,-0,251,35,208,2,368,2,625,2,399,90,997,0,005,359,767,261,137,Curva 8.,58,28
206,36,-147,347,0,054,-30,497,35,231,-0,104,-0,693,0,458,1,000,0,000,-0,123,-0,167,35,237,1,792,7,541,1,512,91,333,359,903,358,477,261,087,Curva 8.,58,30
206,38,-146,643,0,053,-30,536,35,209,-0,016,-1,228,0,458,1,000,0,000,0,208,-0,145,35,229,26,841,3,863,-0,319,91,655,359,797,1,133,261,002,Curva 8.,58,32
206,40,-145,937,0,051,-30,558,35,252,-0,081,-1,388,0,458,1,000,0,000,0,210,-0,229,35,278,7,906,-3,328,2,408,91,909,359,763,0,589,260,936,Curva 8.,58,34
206,42,-145,231,0,051,-30,567,35,266,0,024,-1,301,0,400,1,000,0,000,-0,072,-0,165,35,289,-4,534,5,129,0,558,92,237,359,696,358,362,260,885,Curva 8.,58,36
206,44,-144,527,0,049,-30,610,35,247,-0,074,-1,668,0,400,1,000,0,000,0,090,-0,235,35,285,18,380,-5,035,-0,151,92,562,359,739,0,381,260,802,Curva 8.,58,38
206,46,-143,822,0,048,-30,652,35,241,-0,134,-1,924,0,400,1,000,0,000,0,171,-0,251,35,293,12,717,-3,306,0,361,92,839,359,817,1,315,260,721,Curva 8.,58,40
206,48,-143,117,0,046,-30,670,35,247,-0,055,-1,832,0,264,1,000,0,000,-0,103,-0,166,35,294,-4,704,3,837,0,051,93,148,359,824,358,811,260,667,Curva 8.,58,42
206,50,-142,413,0,044,-30,714,35,224,-0,163,-2,064,0,264,1,000,0,000,-0,047,-0,233,35,284,11,705,-5,274,-0,483,93,433,359,887,359,536,260,589,Curva 8.,58,44
206,52,-141,709,0,042,-30,775,35,185,-0,099,-2,473,0,264,1,000,0,000,0,206,-0,189,35,270,20,586,2,577,-0,643,93,676,359,864,1,701,260,495,Curva 8.,58,46
206,54,-141,004,0,039,-30,808,35,204,-0,103,-2,453,0,264,1,000,0,000,0,031,-0,212,35,289,-1,029,-0,195,0,919,93,939,359,823,359,595,260,431,Curva 8.,58,48
206,56,-140,299,0,037,-30,849,35,221,-0,078,-2,485,0,000,1,000,0,000,-0,106,-0,221,35,308,1,479,1,249,0,964,94,217,359,773,358,618,260,361,Curva 8.,58,50
206,58,-139,596,0,036,-30,925,35,178,-0,006,-2,954,0,000,1,000,0,000,0,237,-0,204,35,300,23,666,2,986,-0,332,94,408,359,690,1,500,260,259,Curva 8.,58,52
206,60,-138,891,0,034,-30,976,35,226,-0,122,-2,957,-0,177,1,000,0,000,0,138,-0,313,35,348,-0,107,-5,802,2,369,94,571,359,693,0,400,260,183,Curva 8.,58,54
206,62,-138,184,0,034,-31,016,35,256,0,005,-2,773,-0,177,1,000,0,000,-0,128,-0,210,35,364,-9,492,6,036,0,770,94,716,359,659,358,115,260,120,Curva 8.,58,56
206,64,-137,480,0,035,-31,088,35,244,0,090,-3,026,-0,971,1,000,0,000,0,122,-0,184,35,373,12,647,4,262,0,478,94,709,359,556,359,980,260,027,Curva 8.,58,58
206,66,-136,775,0,036,-31,158,35,268,0,055,-3,076,-0,971,1,000,0,000,0,247,-0,233,35,401,2,354,-1,795,1,407,94,577,359,541,1,199,259,937,Curva 8.,58,60
206,68,-136,067,0,036,-31,196,35,339,0,006,-2,684,-0,971,1,000,0,000,-0,131,-0,256,35,440,-19,735,-2,938,1,949,94,565,359,582,358,703,259,881,Curva 8.,58,62
206,70,-135,364,0,034,-31,254,35,251,-0,181,-2,671,-1,000,1,000,0,000,-0,105,-0,315,35,351,-0,197,-9,321,-4,478,94,509,359,784,359,353,259,808,Curva 8.,58,64
206,72,-134,660,0,033,-31,325,35,254,-0,088,-2,795,-1,000,1,000,0,000,0,110,-0,192,35,364,6,284,4,504,0,648,94,348,359,836,1,412,259,724,Curva 8.,58,66
206,74,-133,953,0,031,-31,361,35,284,-0,112,-2,399,-1,000,1,000,0,000,-0,079,-0,215,35,365,-19,836,-1,521,0,103,94,024,359,835,359,167,259,676,Curva 8.,58,68
206,76,-133,247,0,028,-31,399,35,306,-0,111,-2,004,-1,000,1,000,0,000,-0,146,-0,244,35,362,-19,810,-0,600,-0,100,93,497,359,793,358,100,259,628,Curva 8.,58,70
206,78,-132,542,0,028,-31,460,35,294,0,071,-1,876,-1,000,1,000,0,000,0,168,-0,135,35,343,-6,224,9,180,-0,886,92,768,359,670,0,746,259,560,Curva 8.,58,72
206,80,-131,836,0,028,-31,491,35,264,0,017,-1,414,-0,884,1,000,0,000,0,167,-0,198,35,291,-23,013,-2,620,-2,348,92,025,359,653,0,147,259,523,Curva 8.,58,74
206,82,-131,131,0,030,-31,495,35,246,0,057,-0,707,-0,884,1,000,0,000,-0,148,-0,178,35,253,-35,380,0,626,-1,708,91,401,359,628,357,745,259,515,Curva 8.,58,76
206,84,-130,424,0,031,-31,519,35,292,0,180,-0,498,-0,884,1,000,0,000,0,007,-0,163,35,296,-10,601,6,006,2,202,90,800,359,443,359,195,259,488,Curva 8.,58,78
206,86,-129,718,0,034,-31,541,35,316,0,163,-0,271,-0,884,1,000,0,000,0,143,-0,214,35,317,-11,326,-0,683,1,156,90,203,359,393,0,979,259,466,Curva 8.,58,80
206,88,-129,012,0,036,-31,526,35,302,0,052,0,418,-0,729,1,000,0,000,-0,247,-0,311,35,303,-34,390,-5,973,-0,590,89,729,359,415,359,265,259,483,Curva 8.,58,82
206,90,-128,307,0,034,-31,514,35,301,-0,167,0,643,-0,729,1,000,0,000,-0,288,-0,421,35,304,-11,059,-11,183,-0,034,89,435,359,597,359,009,259,498,Curva 8.,58,84
206,92,-127,601,0,032,-31,516,35,341,-0,126,0,653,-0,622,1,000,0,000,-0,081,-0,331,35,346,-0,431,2,069,2,025,89,065,359,666,0,842,259,502,Curva 8.,58,86
206,94,-126,896,0,029,-31,497,35,250,-0,202,0,846,-0,419,1,000,0,000,-0,078,-0,335,35,259,-9,776,-3,759,-4,353,88,751,359,784,0,136,259,528,Curva 8.,58,88
206,96,-126,191,0,027,-31,465,35,259,-0,118,1,205,-0,419,1,000,0,000,-0,215,-0,257,35,278,-18,059,3,705,0,941,88,402,359,784,358,412,259,570,Curva 8.,58,90
206,98,-125,484,0,025,-31,454,35,304,-0,041,1,285,-0,303,1,000,0,000,-0,022,-0,218,35,326,-3,883,3,816,2,413,87,951,359,713,0,113,259,592,Curva 8.,58,92
207,00,-124,777,0,025,-31,435,35,335,0,038,1,406,-0,303,1,000,0,000,0,140,-0,192,35,362,-5,893,4,064,1,834,87,491,359,631,0,894,259,625,Curva 8.,58,94
207,02,-124,071,0,027,-31,385,35,307,0,099,1,893,-0,303,1,000,0,000,-0,138,-0,171,35,358,-24,472,2,428,-0,123,87,161,359,568,358,596,259,689,Curva 8.,58,96
207,04,-123,363,0,027,-31,354,35,361,0,026,1,997,-0,303,1,000,0,000,-0,093,-0,234,35,417,-5,003,-3,711,2,929,86,921,359,581,359,545,259,738,Curva 8.,58,98
207,06,-122,655,0,029,-31,327,35,381,0,085,1,970,-0,177,1,000,0,000,0,086,-0,178,35,436,1,423,2,924,0,949,86,668,359,579,1,192,259,784,Curva 8.,59,00
207,08,-121,949,0,030,-31,269,35,361,0,020,2,330,-0,177,1,000,0,000,-0,135,-0,214,35,437,-17,964,-3,488,0,092,86,452,359,624,359,212,259,862,Curva 8.,59,02
207,10,-121,242,0,029,-31,220,35,376,-0,065,2,476,-0,177,1,000,0,000,-0,192,-0,258,35,461,-7,139,-4,382,1,181,86,315,359,693,358,992,259,935,Curva 8.,59,04
207,12,-120,533,0,029,-31,188,35,385,0,011,2,333,-0,177,1,000,0,000,0,043,-0,191,35,462,7,234,3,626,0,018,86,153,359,676,1,180,259,991,Curva 8.,59,06
207,14,-119,826,0,028,-31,133,35,382,-0,067,2,469,-0,177,1,000,0,000,-0,015,-0,257,35,468,-6,819,-3,879,0,299,86,031,359,693,0,136,260,073,Curva 8.,59,08
207,16,-119,119,0,027,-31,071,35,370,-0,014,2,676,-0,177,1,000,0,000,-0,166,-0,226,35,470,-10,433,2,400,0,149,85,949,359,665,358,575,260,164,Curva 8.,59,10
207,18,-118,410,0,027,-31,034,35,385,0,005,2,532,-0,177,1,000,0,000,0,045,-0,221,35,475,7,255,0,852,0,209,85,831,359,636,0,586,260,231,Curva 8.,59,12
207,20,-117,702,0,027,-30,986,35,403,-0,020,2,547,-0,051,1,000,0,000,0,109,-0,243,35,493,-0,709,-1,217,0,935,85,703,359,643,0,876,260,312,Curva 8.,59,14
207,22,-116,995,0,028,-30,914,35,374,0,052,2,884,0,000,1,000,0,000,-0,187,-0,190,35,490,-16,981,3,156,-0,133,85,648,359,618,358,575,260,418,Curva 8.,59,16
207,24,-116,286,0,027,-30,866,35,417,-0,025,2,853,0,000,1,000,0,000,-0,102,-0,246,35,531,1,718,-3,842,2,009,85,561,359,645,359,820,260,503,Curva 8.,59,18
207,26,-115,577,0,028,-30,822,35,432,0,025,2,756,0,000,1,000,0,000,0,093,-0,199,35,539,4,957,2,360,0,382,85,395,359,643,1,337,260,585,Curva 8.,59,20
207,28,-114,869,0,028,-30,749,35,412,0,018,3,018,0,000,1,000,0,000,-0,097,-0,204,35,539,-13,126,-0,504,0,050,85,290,359,645,359,205,260,698,Curva 8.,59,22
207,30,-114,161,0,028,-30,688,35,429,-0,044,3,033,0,000,1,000,0,000,-0,124,-0,247,35,558,-0,666,-3,137,0,903,85,312,359,676,359,201,260,801,Curva 8.,59,24
207,32,-113,451,0,028,-30,646,35,443,0,032,2,785,0,000,1,000,0,000,0,109,-0,189,35,551,12,506,3,530,-0,301,85,323,359,649,1,370,260,887,Curva 8.,59,26
207,34,-112,743,0,027,-30,579,35,450,-0,033,2,890,0,000,1,000,0,000,-0,012,-0,243,35,566,-5,183,-3,241,0,743,85,358,359,660,-0,004,260,999,Curva 8.,59,28
207,36,-112,035,0,027,-30,510,35,442,0,002,2,985,0,000,1,000,0,000,-0,154,-0,217,35,566,-4,794,1,606,-0,010,85,441,359,654,358,744,261,115,Curva 8.,59,30
207,38,-111,324,0,028,-30,469,35,459,0,024,2,731,0,000,1,000,0,000,0,087,-0,202,35,563,12,737,0,939,-0,126,85,450,359,638,0,890,261,206,Curva 8.,59,32
207,40,-110,615,0,027,-30,414,35,486,-0,036,2,718,0,000,1,000,0,000,0,131,-0,250,35,589,0,688,-3,059,1,262,85,403,359,660,0,716,261,313,Curva 8.,59,34
207,42,-109,906,0,028,-30,341,35,466,0,041,2,966,0,000,1,000,0,000,-0,111,-0,191,35,589,-12,530,3,589,0,016,85,406,359,631,358,584,261,439,Curva 8.,59,36
207,44,-109,196,0,027,-30,294,35,494,-0,021,2,849,0,000,1,000,0,000,0,013,-0,241,35,607,5,977,-3,132,0,906,85,390,359,646,0,115,261,541,Curva 8.,59,38
207,46,-108,485,0,027,-30,247,35,507,-0,004,2,754,0,000,1,000,0,000,0,142,-0,224,35,613,4,778,0,744,0,297,85,328,359,651,1,256,261,646,Curva 8.,59,40
207,48,-107,776,0,028,-30,172,35,479,0,027,3,014,0,000,1,000,0,000,-0,113,-0,199,35,606,-13,076,1,295,-0,363,85,331,359,640,359,012,261,779,Curva 8.,59,42
207,50,-107,066,0,027,-30,115,35,506,-0,047,2,982,0,000,1,000,0,000,-0,097,-0,253,35,630,1,736,-3,647,1,225,85,360,359,670,359,423,261,898,Curva 8.,59,44
207,52,-106,355,0,028,-30,073,35,522,0,030,2,756,0,000,1,000,0,000,0,126,-0,194,35,628,11,435,3,549,-0,089,85,353,359,645,1,413,262,003,Curva 8.,59,46
207,54,-105,645,0,027,-30,004,35,523,-0,012,2,894,0,000,1,000,0,000,-0,009,-0,231,35,639,-6,868,-2,156,0,553,85,359,359,649,359,748,262,136,Curva 8.,59,48
207,56,-104,935,0,027,-29,938,35,523,-0,008,2,983,0,000,1,000,0,000,-0,122,-0,227,35,647,-4,447,0,110,0,362,85,404,359,653,358,802,262,269,Curva 8.,59,50
207,58,-104,223,0,028,-29,898,35,535,0,036,2,729,0,000,1,000,0,000,0,133,-0,195,35,638,12,742,1,992,-0,413,85,389,359,633,1,061,262,378,Curva 8.,59,52
207,60,-103,513,0,027,-29,839,35,556,-0,041,2,792,0,000,1,000,0,000,0,079,-0,253,35,664,-3,091,-3,856,1,293,85,381,359,661,0,451,262,508,Curva 8.,59,54
207,62,-102,803,0,028,-29,767,35,540,0,027,2,993,0,000,1,000,0,000,-0,141,-0,200,35,665,-10,143,3,152,0,055,85,422,359,641,358,623,262,652,Curva 8.,59,56
207,64,-102,091,0,027,-29,721,35,562,-0,004,2,830,0,000,1,000,0,000,0,012,-0,226,35,674,8,173,-1,578,0,410,85,428,359,644,0,390,262,772,Curva 8.,59,58
207,66,-101,379,0,027,-29,671,35,580,-0,018,2,750,0,000,1,000,0,000,0,117,-0,235,35,685,4,072,-0,769,0,581,85,386,359,655,1,113,262,898,Curva 8.,59,60
207,68,-100,669,0,028,-29,597,35,554,0,037,2,996,0,235,1,000,0,000,-0,136,-0,195,35,679,-12,448,2,492,-0,292,85,407,359,632,358,870,263,050,Curva 8.,59,62
207,70,-99,957,0,027,-29,543,35,586,-0,041,2,932,0,438,1,000,0,000,-0,074,-0,255,35,706,3,373,-3,905,1,328,85,412,359,657,359,641,263,184,Curva 8.,59,64
207,72,-99,243,0,028,-29,499,35,602,0,021,2,754,0,438,1,000,0,000,0,137,-0,206,35,707,9,010,2,898,0,074,85,350,359,640,1,355,263,310,Curva 8.,59,66
207,74,-98,533,0,027,-29,429,35,591,0,001,2,931,0,477,1,000,0,000,-0,023,-0,223,35,711,-8,874,-1,073,0,193,85,332,359,641,359,519,263,464,Curva 8.,59,68
207,76,-97,821,0,027,-29,366,35,602,-0,022,2,971,0,477,1,000,0,000,-0,102,-0,239,35,725,-1,937,-1,209,0,671,85,399,359,656,359,027,263,612,Curva 8.,59,70
207,78,-97,107,0,028,-29,329,35,621,0,037,2,598,0,342,1,000,0,000,0,180,-0,198,35,714,18,728,2,481,-0,496,85,531,359,631,1,463,263,738,Curva 8.,59,72
207,80,-96,395,0,027,-29,269,35,648,-0,053,2,563,0,342,1,000,0,000,0,072,-0,264,35,739,1,814,-4,520,1,227,85,770,359,663,0,400,263,887,Curva 8.,59,74
207,82,-95,683,0,027,-29,203,35,640,0,028,2,614,0,342,1,000,0,000,-0,162,-0,195,35,735,-2,654,4,025,-0,230,86,073,359,648,358,671,264,044,Curva 8.,59,76
207,84,-94,969,0,028,-29,172,35,649,0,007,2,173,0,196,1,000,0,000,0,092,-0,211,35,714,22,029,-1,455,-0,962,86,359,359,653,1,026,264,168,Curva 8.,59,78
207,86,-94,256,0,027,-29,132,35,669,-0,064,1,958,0,080,1,000,0,000,0,158,-0,259,35,722,10,690,-3,801,0,381,86,595,359,694,1,226,264,303,Curva 8.,59,80
207,88,-93,544,0,028,-29,072,35,657,0,068,2,057,0,080,1,000,0,000,-0,094,-0,156,35,716,-5,107,6,490,-0,310,86,855,359,645,358,695,264,459,Curva 8.,59,82
207,90,-92,831,0,027,-29,042,35,656,-0,030,1,805,0,000,1,000,0,000,0,007,-0,235,35,701,12,573,-4,904,-0,710,87,091,359,672,0,002,264,588,Curva 8.,59,84
207,92,-92,117,0,027,-29,019,35,671,0,006,1,577,0,000,1,000,0,000,0,150,-0,208,35,705,11,481,1,509,0,181,87,219,359,663,1,524,264,712,Curva 8.,59,86
207,94,-91,404,0,028,-28,969,35,666,0,027,1,770,0,000,1,000,0,000,-0,077,-0,200,35,709,-9,666,0,934,0,218,87,288,359,637,359,172,264,866,Curva 8.,59,88
207,96,-90,691,0,027,-28,933,35,685,-0,042,1,748,0,000,1,000,0,000,-0,086,-0,255,35,727,1,183,-3,469,0,882,87,340,359,660,359,144,265,006,Curva 8.,59,90
207,98,-89,976,0,028,-28,919,35,691,0,043,1,465,0,000,1,000,0,000,0,203,-0,192,35,720,14,220,3,896,-0,337,87,316,359,631,1,481,265,127,Curva 8.,59,92
208,00,-89,262,0,027,-28,877,35,710,-0,034,1,602,0,000,1,000,0,000,0,077,-0,251,35,745,-6,746,-3,870,1,252,87,308,359,653,359,940,265,277,Curva 8.,59,94
208,02,-88,549,0,027,-28,833,35,709,-0,003,1,734,0,000,1,000,0,000,-0,091,-0,221,35,750,-6,674,1,383,0,278,87,374,359,655,358,585,265,431,Curva 8.,59,96
208,04,-87,833,0,027,-28,818,35,723,0,028,1,497,0,000,1,000,0,000,0,129,-0,200,35,754,11,932,1,361,0,159,87,389,359,638,0,936,265,558,Curva 8.,59,98
208,06,-87,119,0,027,-28,787,35,747,-0,044,1,523,0,000,1,000,0,000,0,124,-0,254,35,778,-1,318,-3,601,1,218,87,357,359,666,0,735,265,704,Curva 8.,60,00
208,08,-86,404,0,027,-28,736,35,729,0,042,1,799,0,000,1,000,0,000,-0,146,-0,188,35,773,-13,930,3,965,-0,233,87,359,359,637,358,477,265,869,Curva 8.,60,02
208,10,-85,689,0,027,-28,714,35,748,-0,022,1,660,0,000,1,000,0,000,0,001,-0,239,35,786,6,973,-3,247,0,623,87,338,359,652,0,170,266,010,Curva 8.,60,04
208,12,-84,974,0,027,-28,691,35,756,-0,006,1,562,0,000,1,000,0,000,0,138,-0,222,35,789,4,957,0,688,0,176,87,270,359,659,1,336,266,153,Curva 8.,60,06
208,14,-84,260,0,028,-28,638,35,736,0,035,1,842,0,000,1,000,0,000,-0,138,-0,193,35,783,-14,097,1,772,-0,331,87,276,359,640,358,908,266,326,Curva 8.,60,08
208,16,-83,544,0,027,-28,606,35,762,-0,050,1,788,0,000,1,000,0,000,-0,101,-0,256,35,805,2,820,-4,242,1,138,87,304,359,672,359,442,266,482,Curva 8.,60,10
208,18,-82,828,0,027,-28,588,35,768,0,033,1,557,0,000,1,000,0,000,0,129,-0,192,35,802,11,638,3,871,-0,182,87,292,359,646,1,499,266,625,Curva 8.,60,12
208,20,-82,113,0,027,-28,542,35,767,-0,008,1,714,0,000,1,000,0,000,-0,022,-0,228,35,807,-7,824,-2,109,0,261,87,294,359,649,359,671,266,798,Curva 8.,60,14
208,22,-81,398,0,027,-28,500,35,769,-0,012,1,796,0,000,1,000,0,000,-0,127,-0,229,35,813,-4,109,-0,279,0,324,87,336,359,657,358,772,266,968,Curva 8.,60,16
208,24,-80,682,0,028,-28,485,35,772,0,042,1,521,0,000,1,000,0,000,0,155,-0,190,35,804,13,834,2,431,-0,475,87,312,359,633,1,174,267,114,Curva 8.,60,18
208,26,-79,967,0,027,-28,448,35,795,-0,046,1,597,0,000,1,000,0,000,0,088,-0,257,35,829,-3,792,-4,404,1,270,87,302,359,663,0,412,267,283,Curva 8.,60,20
208,28,-79,251,0,027,-28,400,35,784,0,025,1,795,0,000,1,000,0,000,-0,139,-0,201,35,829,-10,014,3,329,-0,031,87,358,359,644,358,551,267,466,Curva 8.,60,22
208,30,-78,535,0,027,-28,380,35,795,0,000,1,614,0,000,1,000,0,000,0,023,-0,223,35,831,9,056,-1,356,0,126,87,378,359,645,0,475,267,622,Curva 8.,60,24
208,32,-77,819,0,027,-28,353,35,809,-0,022,1,539,0,000,1,000,0,000,0,117,-0,238,35,841,3,789,-1,187,0,500,87,346,359,659,1,133,267,787,Curva 8.,60,26
208,34,-77,103,0,028,-28,302,35,788,0,043,1,801,0,000,1,000,0,000,-0,154,-0,190,35,832,-13,232,2,987,-0,434,87,371,359,632,358,766,267,977,Curva 8.,60,28
208,36,-76,387,0,027,-28,273,35,817,-0,044,1,729,0,000,1,000,0,000,-0,090,-0,258,35,858,3,707,-4,313,1,258,87,382,359,659,359,667,268,148,Curva 8.,60,30
208,38,-75,670,0,027,-28,254,35,824,0,022,1,553,0,000,1,000,0,000,0,123,-0,206,35,857,8,858,3,043,-0,018,87,313,359,642,1,422,268,311,Curva 8.,60,32
208,40,-74,954,0,027,-28,207,35,815,0,005,1,741,0,000,1,000,0,000,-0,040,-0,221,35,857,-9,376,-0,943,-0,030,87,285,359,640,359,461,268,503,Curva 8.,60,34
208,42,-74,238,0,027,-28,167,35,824,-0,026,1,807,0,000,1,000,0,000,-0,119,-0,242,35,868,-3,269,-1,576,0,582,87,309,359,658,358,932,268,690,Curva 8.,60,36
208,44,-73,520,0,028,-28,151,35,827,0,043,1,544,0,000,1,000,0,000,0,155,-0,191,35,859,13,207,3,124,-0,454,87,277,359,632,1,266,268,855,Curva 8.,60,38
208,46,-72,804,0,027,-28,113,35,847,-0,042,1,621,0,000,1,000,0,000,0,091,-0,257,35,883,-3,801,-4,200,1,194,87,263,359,657,0,274,269,044,Curva 8.,60,40
208,48,-72,088,0,027,-28,066,35,839,0,018,1,786,0,000,1,000,0,000,-0,113,-0,209,35,883,-8,326,2,781,-0,018,87,335,359,643,358,594,269,243,Curva 8.,60,42
208,50,-71,370,0,027,-28,046,35,845,0,007,1,595,0,000,1,000,0,000,0,052,-0,219,35,880,9,563,-0,628,-0,129,87,366,359,639,0,586,269,417,Curva 8.,60,44
208,52,-70,653,0,027,-28,018,35,860,-0,028,1,537,0,000,1,000,0,000,0,121,-0,244,35,892,2,879,-1,832,0,607,87,346,359,658,1,024,269,602,Curva 8.,60,46
208,54,-69,937,0,028,-27,967,35,838,0,043,1,800,0,000,1,000,0,000,-0,156,-0,192,35,882,-13,280,3,230,-0,487,87,380,359,631,358,706,269,810,Curva 8.,60,48
208,56,-69,219,0,027,-27,940,35,864,-0,040,1,722,0,000,1,000,0,000,-0,087,-0,256,35,905,4,017,-4,121,1,103,87,391,359,656,359,774,269,998,Curva 8.,60,50
208,58,-68,501,0,027,-27,919,35,869,0,015,1,565,0,000,1,000,0,000,0,110,-0,210,35,902,7,911,2,584,-0,128,87,318,359,644,1,397,270,180,Curva 8.,60,52
208,60,-67,785,0,027,-27,871,35,857,0,010,1,763,0,000,1,000,0,000,-0,061,-0,216,35,899,-9,914,-0,362,-0,142,87,287,359,639,359,366,270,390,Curva 8.,60,54
208,62,-67,068,0,027,-27,833,35,868,-0,030,1,817,0,000,1,000,0,000,-0,125,-0,246,35,913,-2,632,-2,079,0,686,87,306,359,659,359,008,270,594,Curva 8.,60,56
208,64,-66,349,0,028,-27,817,35,870,0,043,1,550,0,000,1,000,0,000,0,155,-0,192,35,903,13,419,3,357,-0,499,87,272,359,631,1,329,270,778,Curva 8.,60,58
208,66,-65,632,0,027,-27,777,35,887,-0,039,1,637,0,000,1,000,0,000,0,077,-0,256,35,923,-4,329,-4,106,1,017,87,264,359,655,0,180,270,986,Curva 8.,60,60
208,68,-64,915,0,027,-27,730,35,876,0,013,1,784,0,000,1,000,0,000,-0,112,-0,212,35,919,-7,433,2,416,-0,193,87,339,359,646,358,609,271,202,Curva 8.,60,62
208,70,-64,197,0,027,-27,712,35,883,0,013,1,575,0,000,1,000,0,000,0,071,-0,214,35,917,10,440,-0,103,-0,123,87,369,359,639,0,688,271,393,Curva 8.,60,64
208,72,-63,479,0,027,-27,683,35,901,-0,033,1,529,0,000,1,000,0,000,0,129,-0,249,35,932,2,294,-2,341,0,773,87,349,359,660,0,957,271,596,Curva 8.,60,66
208,74,-62,762,0,027,-27,632,35,878,0,044,1,799,0,000,1,000,0,000,-0,154,-0,192,35,922,-13,612,3,508,-0,494,87,381,359,630,358,630,271,822,Curva 8.,60,68
208,76,-62,043,0,027,-27,606,35,902,-0,038,1,707,0,000,1,000,0,000,-0,067,-0,255,35,941,4,677,-4,068,0,932,87,386,359,654,359,871,272,026,Curva 8.,60,70
208,78,-61,325,0,027,-27,585,35,903,0,010,1,569,0,000,1,000,0,000,0,113,-0,214,35,936,6,947,2,215,-0,251,87,310,359,648,1,388,272,227,Curva 8.,60,72
208,80,-60,608,0,027,-27,536,35,890,0,016,1,790,0,000,1,000,0,000,-0,084,-0,211,35,934,-11,066,0,183,-0,125,87,284,359,639,359,248,272,456,Curva 8.,60,74
208,82,-59,890,0,027,-27,498,35,902,-0,036,1,828,0,000,1,000,0,000,-0,135,-0,250,35,948,-1,844,-2,655,0,698,87,307,359,662,359,085,272,677,Curva 8.,60,76
208,84,-59,171,0,027,-27,482,35,905,0,044,1,553,0,000,1,000,0,000,0,149,-0,190,35,938,13,827,3,673,-0,465,87,278,359,632,1,419,272,878,Curva 8.,60,78
208,86,-58,453,0,027,-27,440,35,917,-0,036,1,654,0,000,1,000,0,000,0,053,-0,253,35,954,-5,021,-3,998,0,810,87,278,359,654,0,072,273,105,Curva 8.,60,80
208,88,-57,735,0,027,-27,394,35,906,0,007,1,785,0,000,1,000,0,000,-0,121,-0,216,35,950,-6,595,1,971,-0,246,87,355,359,650,358,606,273,338,Curva 8.,60,82
208,90,-57,016,0,027,-27,378,35,914,0,020,1,547,0,000,1,000,0,000,0,096,-0,208,35,946,11,902,0,493,-0,158,87,375,359,638,0,832,273,545,Curva 8.,60,84
208,92,-56,298,0,027,-27,348,35,929,-0,041,1,520,0,000,1,000,0,000,0,141,-0,253,35,960,1,332,-3,067,0,689,87,346,359,665,0,873,273,767,Curva 8.,60,86
208,94,-55,580,0,027,-27,297,35,907,0,045,1,799,0,000,1,000,0,000,-0,142,-0,189,35,951,-14,073,3,908,-0,443,87,367,359,634,358,519,274,010,Curva 8.,60,88
208,96,-54,861,0,027,-27,272,35,925,-0,034,1,688,0,000,1,000,0,000,-0,033,-0,251,35,964,5,591,-3,924,0,645,87,363,359,655,-0,001,274,229,Curva 8.,60,90
208,98,-54,142,0,027,-27,250,35,928,0,003,1,568,0,000,1,000,0,000,0,127,-0,218,35,961,6,044,1,678,-0,158,87,292,359,653,1,400,274,448,Curva 8.,60,92
209,00,-53,425,0,027,-27,199,35,911,0,025,1,826,0,000,1,000,0,000,-0,118,-0,204,35,956,-12,962,0,916,-0,232,87,282,359,638,359,068,274,697,Curva 8.,60,94
209,02,-52,706,0,027,-27,163,35,928,-0,046,1,825,0,000,1,000,0,000,-0,142,-0,257,35,973,0,115,-3,545,0,859,87,323,359,667,359,220,274,932,Curva 8.,60,96
209,04,-51,987,0,027,-27,147,35,932,0,043,1,543,0,000,1,000,0,000,0,137,-0,189,35,965,14,256,4,058,-0,430,87,316,359,636,1,545,275,151,Curva 8.,60,98
209,06,-51,269,0,027,-27,103,35,936,-0,027,1,673,0,000,1,000,0,000,0,003,-0,245,35,974,-6,523,-3,519,0,471,87,330,359,653,359,877,275,398,Curva 8.,61,00
209,08,-50,550,0,027,-27,059,35,931,-0,004,1,777,0,000,1,000,0,000,-0,137,-0,223,35,974,-5,229,1,026,-0,024,87,395,359,657,358,621,275,646,Curva 8.,61,02
209,10,-49,831,0,027,-27,045,35,935,0,033,1,492,0,000,1,000,0,000,0,143,-0,197,35,965,14,296,1,587,-0,418,87,389,359,638,1,077,275,868,Curva 8.,61,04
209,12,-49,112,0,026,-27,011,35,952,-0,051,1,544,0,000,1,000,0,000,0,115,-0,259,35,984,-2,592,-4,202,0,953,87,353,359,671,0,606,276,110,Curva 8.,61,06
209,14,-48,394,0,027,-26,961,35,933,0,036,1,798,0,000,1,000,0,000,-0,134,-0,191,35,977,-12,837,4,029,-0,352,87,357,359,644,358,448,276,368,Curva 8.,61,08
209,16,-47,675,0,027,-26,940,35,944,-0,011,1,647,0,000,1,000,0,000,0,014,-0,231,35,981,7,554,-2,419,0,198,87,353,359,650,0,297,276,602,Curva 8.,61,10
209,18,-46,955,0,027,-26,916,35,952,-0,010,1,559,0,000,1,000,0,000,0,126,-0,229,35,985,4,413,-0,042,0,176,87,309,359,657,1,294,276,840,Curva 8.,61,12
209,20,-46,237,0,027,-26,863,35,927,0,043,1,843,0,000,1,000,0,000,-0,166,-0,191,35,973,-14,319,2,367,-0,565,87,334,359,633,358,814,277,107,Curva 8.,61,14
209,22,-45,518,0,027,-26,832,35,953,-0,050,1,763,0,000,1,000,0,000,-0,096,-0,260,35,995,4,087,-4,611,1,098,87,348,359,666,359,557,277,354,Curva 8.,61,16
209,24,-44,798,0,027,-26,814,35,959,0,027,1,550,0,000,1,000,0,000,0,140,-0,199,35,992,10,752,3,572,-0,186,87,301,359,645,1,502,277,592,Curva 8.,61,18
209,26,-44,080,0,027,-26,767,35,951,-0,001,1,732,0,000,1,000,0,000,-0,025,-0,224,35,992,-9,079,-1,496,-0,005,87,285,359,646,359,534,277,858,Curva 8.,61,20
209,28,-43,361,0,027,-26,726,35,954,-0,021,1,809,0,000,1,000,0,000,-0,120,-0,237,35,998,-3,840,-1,083,0,323,87,318,359,660,358,821,278,120,Curva 8.,61,22
209,30,-42,641,0,027,-26,711,35,955,0,046,1,534,0,000,1,000,0,000,0,162,-0,189,35,987,13,812,3,052,-0,570,87,292,359,632,1,264,278,359,Curva 8.,61,24
209,32,-41,922,0,027,-26,673,35,975,-0,046,1,612,0,000,1,000,0,000,0,095,-0,260,36,010,-3,865,-4,554,1,156,87,281,359,660,0,352,278,622,Curva 8.,61,26
209,34,-41,203,0,027,-26,625,35,963,0,024,1,794,0,000,1,000,0,000,-0,124,-0,205,36,007,-9,191,3,230,-0,127,87,351,359,642,358,535,278,895,Curva 8.,61,28
209,36,-40,483,0,027,-26,606,35,970,0,005,1,602,0,000,1,000,0,000,0,042,-0,222,36,005,9,591,-1,046,-0,128,87,380,359,640,0,545,279,144,Curva 8.,61,30
209,38,-39,764,0,027,-26,579,35,982,-0,026,1,535,0,000,1,000,0,000,0,122,-0,243,36,014,3,323,-1,608,0,471,87,356,359,659,1,103,279,401,Curva 8.,61,32
209,40,-39,045,0,027,-26,527,35,958,0,045,1,806,0,000,1,000,0,000,-0,161,-0,191,36,003,-13,655,3,240,-0,562,87,389,359,631,358,701,279,683,Curva 8.,61,34
209,42,-38,325,0,027,-26,499,35,984,-0,044,1,730,0,000,1,000,0,000,-0,097,-0,259,36,025,3,885,-4,416,1,109,87,404,359,658,359,713,279,944,Curva 8.,61,36
209,44,-37,605,0,027,-26,479,35,990,0,019,1,561,0,000,1,000,0,000,0,112,-0,208,36,023,8,539,2,948,-0,078,87,331,359,642,1,446,280,199,Curva 8.,61,38
209,46,-36,886,0,027,-26,431,35,977,0,008,1,756,0,000,1,000,0,000,-0,057,-0,220,36,019,-9,788,-0,683,-0,199,87,300,359,639,359,404,280,483,Curva 8.,61,40
209,48,-36,166,0,027,-26,392,35,985,-0,029,1,815,0,000,1,000,0,000,-0,126,-0,246,36,030,-2,878,-1,880,0,524,87,320,359,658,358,947,280,759,Curva 8.,61,42
209,50,-35,446,0,027,-26,377,35,986,0,045,1,541,0,000,1,000,0,000,0,161,-0,192,36,018,13,760,3,354,-0,582,87,285,359,630,1,330,281,015,Curva 8.,61,44
209,52,-34,726,0,027,-26,337,36,003,-0,042,1,623,0,000,1,000,0,000,0,092,-0,258,36,039,-4,063,-4,320,1,023,87,272,359,657,0,235,281,295,Curva 8.,61,46
209,54,-34,007,0,027,-26,290,35,992,0,016,1,782,0,000,1,000,0,000,-0,109,-0,210,36,035,-8,068,2,726,-0,168,87,346,359,644,358,565,281,584,Curva 8.,61,48
209,56,-33,286,0,027,-26,272,35,997,0,011,1,579,0,000,1,000,0,000,0,068,-0,217,36,031,10,180,-0,398,-0,199,87,377,359,639,0,648,281,848,Curva 8.,61,50
209,58,-32,566,0,027,-26,244,36,012,-0,031,1,527,0,000,1,000,0,000,0,131,-0,248,36,043,2,600,-2,162,0,597,87,357,359,659,1,017,282,122,Curva 8.,61,52
209,60,-31,847,0,027,-26,192,35,987,0,045,1,803,0,000,1,000,0,000,-0,159,-0,192,36,031,-13,934,3,491,-0,597,87,392,359,630,358,631,282,420,Curva 8.,61,54
209,62,-31,126,0,027,-26,165,36,010,-0,041,1,717,0,000,1,000,0,000,-0,082,-0,258,36,050,4,360,-4,299,0,917,87,401,359,656,359,814,282,696,Curva 8.,61,56
209,64,-30,405,0,027,-26,145,36,012,0,013,1,568,0,000,1,000,0,000,0,110,-0,212,36,045,7,518,2,548,-0,247,87,325,359,646,1,428,282,968,Curva 8.,61,58
209,66,-29,686,0,027,-26,096,35,998,0,014,1,783,0,000,1,000,0,000,-0,080,-0,214,36,041,-10,766,-0,113,-0,172,87,296,359,639,359,293,283,268,Curva 8.,61,60
209,68,-28,966,0,027,-26,058,36,010,-0,034,1,829,0,000,1,000,0,000,-0,137,-0,251,36,055,-2,258,-2,450,0,688,87,317,359,660,359,021,283,559,Curva 8.,61,62
209,70,-28,245,0,027,-26,042,36,011,0,046,1,547,0,225,1,000,0,000,0,156,-0,191,36,043,14,172,3,660,-0,593,87,284,359,630,1,415,283,832,Curva 8.,61,64
209,72,-27,525,0,027,-26,001,36,023,-0,040,1,642,0,254,1,000,0,000,0,070,-0,257,36,060,-4,704,-4,269,0,825,87,278,359,655,0,133,284,129,Curva 8.,61,66
209,74,-26,805,0,027,-25,955,36,010,0,011,1,781,0,254,1,000,0,000,-0,112,-0,214,36,054,-7,063,2,336,-0,314,87,354,359,649,358,570,284,432,Curva 8.,61,68
209,76,-26,084,0,027,-25,938,36,017,0,017,1,552,0,254,1,000,0,000,0,094,-0,211,36,050,11,474,0,190,-0,170,87,378,359,639,0,778,284,711,Curva 8.,61,70
209,78,-25,364,0,026,-25,909,36,031,-0,038,1,517,0,254,1,000,0,000,0,144,-0,252,36,062,1,751,-2,812,0,578,87,354,359,664,0,937,285,001,Curva 8.,61,72
209,80,-24,644,0,027,-25,857,36,006,0,046,1,803,0,254,1,000,0,000,-0,153,-0,189,36,050,-14,480,3,863,-0,566,87,383,359,632,358,527,285,314,Curva 8.,61,74
209,82,-23,923,0,027,-25,832,36,025,-0,038,1,702,0,000,1,000,0,000,-0,056,-0,254,36,064,5,119,-4,208,0,683,87,385,359,656,359,930,285,605,Curva 8.,61,76
209,84,-23,202,0,027,-25,814,36,027,0,007,1,456,0,000,1,000,0,000,0,157,-0,217,36,055,12,350,1,879,-0,438,87,426,359,651,1,704,285,890,Curva 8.,61,78
209,86,-22,483,0,027,-25,765,36,019,0,019,1,603,0,000,1,000,0,000,-0,101,-0,208,36,054,-7,344,0,526,-0,075,87,617,359,641,359,300,286,205,Curva 8.,61,80
209,88,-21,763,0,027,-25,729,36,021,-0,040,1,578,0,000,1,000,0,000,-0,197,-0,247,36,054,1,292,-2,940,0,009,87,812,359,676,358,974,286,509,Curva 8.,61,82
209,90,-21,041,0,027,-25,722,36,016,0,046,1,216,0,000,1,000,0,000,0,147,-0,179,36,036,18,201,3,771,-0,871,87,826,359,650,1,596,286,790,Curva 8.,61,84
209,92,-20,321,0,026,-25,687,36,033,-0,052,1,289,0,000,1,000,0,000,0,098,-0,257,36,055,-3,657,-4,881,0,964,87,795,359,675,0,161,287,096,Curva 8.,61,86
209,94,-19,601,0,027,-25,647,36,025,0,013,1,425,0,000,1,000,0,000,-0,055,-0,206,36,052,-6,910,3,049,-0,142,87,830,359,656,358,420,287,409,Curva 8.,61,88
209,96,-18,880,0,027,-25,639,36,032,0,021,1,185,0,000,1,000,0,000,0,176,-0,211,36,050,12,053,0,253,-0,118,87,832,359,636,0,821,287,694,Curva 8.,61,90
