Time,PosX,PosY,PosZ,VelX,VelY,VelZ,Steering,Throttle,Brake,LocalVelX,LocalVelY,LocalVelZ,AccLat,AccLong,AccVert,Yaw,Pitch,Roll,DistFromIdeal,Curva,LapTime
271.94,-18.294,0.026,-24.348,36.067,-0.043,1.768,0.000,1.000,0.000,0.150,-0.255,36.109,1.321,-3.186,0.481,86.949,359.666,0.911,4.260,,0.02
271.96,-17.573,0.027,-24.291,36.040,0.047,2.061,0.000,1.000,0.000,-0.149,-0.187,36.098,-14.813,4.104,-0.575,86.972,359.634,358.465,4.497,,0.04
271.98,-16.852,0.026,-24.262,36.056,-0.037,1.949,0.167,1.000,0.000,-0.041,-0.253,36.108,5.635,-4.205,0.516,86.971,359.657,359.987,4.811,,0.06
272.00,-16.130,0.027,-24.235,36.057,0.004,1.825,0.167,1.000,0.000,0.123,-0.217,36.102,6.248,1.868,-0.287,86.899,359.655,1.456,5.204,,0.08
272.02,-15.410,0.027,-24.178,36.038,0.026,2.091,0.167,1.000,0.000,-0.129,-0.204,36.097,-13.371,0.912,-0.252,86.889,359.638,359.045,5.683,,0.10
272.04,-14.689,0.026,-24.137,36.052,-0.048,2.089,0.235,1.000,0.000,-0.152,-0.259,36.111,0.196,-3.722,0.700,86.929,359.669,359.185,6.199,,0.12
272.06,-13.967,0.027,-24.117,36.056,0.046,1.776,0.235,1.000,0.000,0.148,-0.187,36.099,15.781,4.261,-0.597,86.937,359.636,1.641,6.742,,0.14
272.08,-13.247,0.026,-24.069,36.060,-0.031,1.846,0.167,1.000,0.000,0.027,-0.247,36.106,-3.479,-3.877,0.321,87.027,359.657,0.013,7.329,,0.16
272.10,-12.526,0.027,-24.020,36.054,0.009,1.919,0.167,1.000,0.000,-0.142,-0.212,36.104,-3.732,1.936,-0.091,87.186,359.655,358.586,7.940,,0.18
272.12,-11.804,0.027,-24.006,36.062,0.030,1.522,0.167,1.000,0.000,0.164,-0.202,36.094,19.897,0.611,-0.501,87.317,359.638,1.238,8.552,,0.20
272.14,-11.083,0.026,-23.973,36.081,-0.072,1.479,0.000,1.000,0.000,0.172,-0.275,36.110,2.088,-5.129,0.812,87.373,359.681,0.797,9.189,,0.22
272.16,-10.362,0.027,-23.924,36.064,0.047,1.632,0.000,1.000,0.000,-0.057,-0.178,36.100,-7.826,5.749,-0.501,87.507,359.646,358.508,9.843,,0.24
272.18,-9.640,0.026,-23.906,36.063,-0.014,1.421,0.000,1.000,0.000,0.061,-0.230,36.090,10.531,-3.075,-0.479,87.644,359.658,0.274,10.495,,0.26
272.20,-8.919,0.026,-23.887,36.068,-0.004,1.278,0.000,1.000,0.000,0.153,-0.222,36.089,7.157,0.285,-0.054,87.720,359.661,1.386,11.155,,0.28
272.22,-8.198,0.027,-23.840,36.051,0.049,1.524,0.000,1.000,0.000,-0.146,-0.187,36.082,-12.375,2.413,-0.371,87.816,359.631,358.893,11.832,,0.30
272.24,-7.477,0.026,-23.813,36.070,-0.044,1.465,0.000,1.000,0.000,-0.116,-0.258,36.099,3.038,-4.594,0.835,87.863,359.662,359.421,12.508,,0.32
272.26,-6.755,0.027,-23.803,36.073,0.037,1.209,0.000,1.000,0.000,0.152,-0.196,36.092,12.928,3.693,-0.314,87.831,359.636,1.567,13.184,,0.34
272.28,-6.034,0.027,-23.764,36.075,-0.014,1.369,0.000,1.000,0.000,0.013,-0.238,36.100,-7.970,-2.600,0.376,87.809,359.644,359.661,13.872,,0.36
272.30,-5.313,0.027,-23.728,36.078,-0.021,1.465,0.000,1.000,0.000,-0.098,-0.240,36.107,-4.827,-0.464,0.335,87.839,359.656,358.685,14.563,,0.38
272.32,-4.590,0.027,-23.720,36.077,0.038,1.193,0.000,1.000,0.000,0.180,-0.198,36.096,13.663,2.669,-0.523,87.814,359.631,1.196,15.250,,0.40
272.34,-3.869,0.026,-23.690,36.096,-0.055,1.281,0.000,1.000,0.000,0.104,-0.267,36.117,-4.383,-4.602,1.058,87.799,359.665,0.448,15.946,,0.42
272.36,-3.147,0.027,-23.647,36.082,0.027,1.501,0.000,1.000,0.000,-0.138,-0.201,36.112,-11.130,3.768,-0.258,87.846,359.644,358.470,16.646,,0.44
272.38,-2.425,0.027,-23.633,36.087,0.000,1.319,0.000,1.000,0.000,0.027,-0.223,36.111,9.099,-1.394,-0.072,87.861,359.646,0.470,17.342,,0.46
272.40,-1.703,0.026,-23.613,36.096,-0.018,1.242,0.000,1.000,0.000,0.123,-0.235,36.116,3.813,-1.010,0.269,87.826,359.660,1.198,18.042,,0.48
272.42,-0.982,0.027,-23.567,36.072,0.050,1.525,0.361,1.000,0.000,-0.168,-0.186,36.103,-14.218,3.099,-0.633,87.853,359.631,358.712,18.748,,0.50
272.44,-0.260,0.026,-23.544,36.097,-0.045,1.446,0.361,1.000,0.000,-0.100,-0.260,36.125,3.991,-4.727,1.077,87.866,359.660,359.648,19.452,,0.52
272.46,0.462,0.027,-23.531,36.100,0.025,1.262,0.361,1.000,0.000,0.123,-0.205,36.121,9.317,3.238,-0.199,87.796,359.642,1.489,20.155,,0.54
272.48,1.184,0.027,-23.489,36.088,0.005,1.457,0.361,1.000,0.000,-0.046,-0.223,36.117,-9.753,-1.100,-0.205,87.766,359.640,359.442,20.864,,0.56
272.50,1.905,0.026,-23.455,36.093,-0.028,1.522,0.526,1.000,0.000,-0.125,-0.246,36.124,-3.237,-1.710,0.366,87.790,359.659,358.885,21.573,,0.58
272.52,2.628,0.027,-23.447,36.090,0.045,1.189,0.516,1.000,0.000,0.184,-0.193,36.109,16.746,3.231,-0.744,87.814,359.630,1.458,22.278,,0.60
272.54,3.350,0.026,-23.416,36.109,-0.056,1.171,0.516,1.000,0.000,0.117,-0.268,36.127,0.896,-5.047,0.877,87.954,359.665,0.465,22.988,,0.62
272.56,4.071,0.027,-23.376,36.101,0.034,1.280,0.245,1.000,0.000,-0.139,-0.195,36.123,-5.614,4.348,-0.209,88.197,359.644,358.526,23.700,,0.64
272.58,4.794,0.027,-23.371,36.099,0.002,0.881,0.245,1.000,0.000,0.086,-0.222,36.109,19.918,-1.880,-0.644,88.460,359.646,0.922,24.407,,0.66
272.60,5.515,0.026,-23.361,36.104,-0.064,0.598,0.245,1.000,0.000,0.170,-0.266,36.107,14.093,-3.679,-0.084,88.770,359.686,1.526,25.116,,0.68
272.62,6.237,0.027,-23.326,36.089,0.077,0.682,0.245,1.000,0.000,-0.134,-0.156,36.095,-4.399,6.931,-0.639,89.134,359.635,358.738,25.829,,0.70
272.64,6.958,0.027,-23.323,36.068,-0.042,0.379,0.000,1.000,0.000,-0.058,-0.244,36.070,15.183,-5.914,-1.193,89.491,359.680,359.878,26.537,,0.72
272.66,7.680,0.027,-23.333,36.059,0.010,0.000,0.000,1.000,0.000,0.168,-0.203,36.058,19.025,1.986,-0.553,89.724,359.671,1.875,27.243,,0.74
272.68,8.402,0.028,-23.317,36.066,0.108,0.117,0.000,1.000,0.000,-0.053,-0.181,36.065,-5.861,4.907,0.385,89.900,359.541,359.829,27.956,,0.76
272.70,9.124,0.029,-23.307,36.081,0.059,0.088,0.000,1.000,0.000,-0.128,-0.262,36.080,1.498,-2.466,0.749,90.072,359.495,358.859,28.667,,0.78
272.72,9.846,0.029,-23.327,36.115,0.031,-0.235,0.000,1.000,0.000,0.229,-0.291,36.114,16.087,-1.708,1.692,89.999,359.497,1.119,29.375,,0.80
272.74,10.566,0.028,-23.325,36.038,-0.116,-0.162,0.000,1.000,0.000,0.156,-0.336,36.037,-3.656,-7.310,-3.887,90.008,359.652,0.376,30.084,,0.82
272.76,11.286,0.028,-23.312,36.057,-0.056,0.050,0.000,1.000,0.000,-0.103,-0.240,36.056,-10.694,2.707,0.940,90.094,359.713,358.520,30.797,,0.84
272.78,12.008,0.026,-23.325,36.075,-0.062,-0.096,0.000,1.000,0.000,0.008,-0.233,36.075,7.312,-0.366,0.918,90.137,359.730,0.417,31.507,,0.86
272.80,12.730,0.025,-23.334,36.094,-0.044,-0.167,0.000,1.000,0.000,0.090,-0.231,36.094,3.554,0.836,0.969,90.115,359.707,1.193,32.218,,0.88
272.82,13.452,0.026,-23.317,36.087,0.048,0.096,0.000,1.000,0.000,-0.169,-0.186,36.087,-13.255,4.321,-0.344,90.121,359.634,358.791,32.934,,0.90
272.84,14.174,0.025,-23.322,36.109,-0.011,0.011,0.000,1.000,0.000,-0.083,-0.250,36.109,4.291,-2.939,1.095,90.117,359.622,359.645,33.647,,0.92
272.86,14.897,0.026,-23.338,36.106,0.061,-0.193,0.000,1.000,0.000,0.155,-0.200,36.106,10.242,3.354,-0.129,90.052,359.593,1.453,34.358,,0.94
272.88,15.619,0.027,-23.325,36.109,0.034,0.009,0.000,1.000,0.000,-0.035,-0.216,36.109,-10.061,-1.449,0.144,90.045,359.604,359.435,35.074,,0.96
272.90,16.341,0.027,-23.319,36.121,-0.015,0.083,0.000,1.000,0.000,-0.138,-0.239,36.120,-3.654,-2.535,0.574,90.094,359.649,358.914,35.790,,0.98
272.92,17.063,0.028,-23.339,36.110,0.042,-0.192,0.000,1.000,0.000,0.146,-0.188,36.110,13.802,2.550,-0.520,90.066,359.640,1.313,36.502,,1.00
272.94,17.785,0.027,-23.335,36.130,-0.059,-0.120,0.000,1.000,0.000,0.089,-0.263,36.129,-3.607,-5.050,0.957,90.047,359.678,0.284,37.218,,1.02
272.96,18.508,0.027,-23.322,36.125,0.001,0.038,0.000,1.000,0.000,-0.105,-0.216,36.124,-7.989,2.819,-0.272,90.114,359.661,358.559,37.935,,1.04
272.98,19.230,0.027,-23.338,36.115,-0.007,-0.160,0.000,1.000,0.000,0.067,-0.229,36.114,9.880,-0.476,-0.477,90.142,359.648,0.600,38.649,,1.06
273.00,19.953,0.026,-23.346,36.120,-0.035,-0.214,0.000,1.000,0.000,0.132,-0.254,36.120,2.712,-1.479,0.280,90.124,359.657,1.050,39.365,,1.08
273.02,20.675,0.027,-23.329,36.107,0.046,0.065,-0.216,1.000,0.000,-0.162,-0.196,36.106,-14.048,3.719,-0.683,90.161,359.623,358.655,40.083,,1.10
273.04,21.397,0.026,-23.336,36.126,-0.035,-0.017,-0.409,1.000,0.000,-0.091,-0.257,36.125,4.126,-4.014,0.970,90.174,359.647,359.774,40.799,,1.12
273.06,22.120,0.027,-23.351,36.121,0.025,-0.180,-0.409,1.000,0.000,0.114,-0.206,36.121,8.193,2.782,-0.235,90.097,359.638,1.445,41.514,,1.14
273.08,22.842,0.027,-23.337,36.118,0.019,0.030,-0.448,1.000,0.000,-0.068,-0.212,36.117,-10.475,-0.422,-0.163,90.065,359.636,359.329,42.232,,1.16
273.10,23.565,0.027,-23.331,36.127,-0.029,0.183,-0.448,1.000,0.000,-0.166,-0.247,36.126,-7.603,-2.584,0.437,89.982,359.661,358.763,42.950,,1.18
273.12,24.287,0.028,-23.346,36.114,0.054,0.070,0.000,1.000,0.000,0.125,-0.180,36.114,5.729,4.069,-0.649,89.685,359.632,1.049,43.666,,1.20
273.14,25.009,0.027,-23.338,36.114,-0.032,0.291,0.000,1.000,0.000,0.116,-0.246,36.115,-11.090,-4.262,0.115,89.353,359.660,0.131,44.384,,1.22
273.16,25.731,0.027,-23.313,36.103,0.005,0.717,0.000,1.000,0.000,-0.138,-0.222,36.109,-21.343,1.145,-0.226,89.092,359.647,358.195,45.104,,1.24
273.18,26.454,0.028,-23.312,36.110,0.091,0.736,0.000,1.000,0.000,0.016,-0.207,36.117,-0.918,4.301,0.419,88.809,359.528,359.857,45.823,,1.26
273.20,27.177,0.029,-23.305,36.112,0.076,0.817,0.000,1.000,0.000,0.120,-0.255,36.120,-4.078,-0.676,0.192,88.506,359.480,1.063,46.542,,1.28
273.22,27.899,0.029,-23.268,36.109,0.009,1.222,0.000,1.000,0.000,-0.206,-0.303,36.128,-20.194,-3.737,0.402,88.398,359.512,358.933,47.263,,1.30
273.24,28.619,0.028,-23.248,36.040,-0.127,1.231,0.000,1.000,0.000,-0.192,-0.336,36.059,-0.483,-6.741,-3.497,88.353,359.670,359.473,47.981,,1.32
273.26,29.340,0.028,-23.240,36.061,-0.054,1.042,0.000,1.000,0.000,0.035,-0.232,36.075,9.549,3.403,0.789,88.280,359.718,1.428,48.698,,1.34
273.28,30.061,0.026,-23.207,36.070,-0.072,1.151,0.000,1.000,0.000,-0.051,-0.240,36.087,-5.434,-0.947,0.601,88.253,359.734,359.793,49.419,,1.36
273.30,30.783,0.025,-23.176,36.079,-0.028,1.219,0.000,1.000,0.000,-0.136,-0.221,36.099,-3.385,2.118,0.575,88.289,359.698,358.799,50.139,,1.38
273.32,31.505,0.026,-23.171,36.078,0.044,0.941,0.000,1.000,0.000,0.133,-0.192,36.090,13.932,3.338,-0.434,88.289,359.631,1.082,50.858,,1.40
273.34,32.227,0.025,-23.147,36.100,-0.006,1.001,0.000,1.000,0.000,0.069,-0.248,36.113,-2.961,-2.475,1.175,88.300,359.617,0.450,51.579,,1.42
273.36,32.949,0.027,-23.111,36.091,0.066,1.215,0.000,1.000,0.000,-0.171,-0.198,36.111,-10.798,3.352,-0.124,88.352,359.587,358.596,52.300,,1.44
273.38,33.671,0.027,-23.102,36.107,0.027,1.029,0.000,1.000,0.000,0.012,-0.224,36.121,9.276,-2.039,0.522,88.345,359.603,0.452,53.020,,1.46
273.40,34.393,0.027,-23.088,36.121,-0.010,0.940,0.000,1.000,0.000,0.138,-0.238,36.132,4.439,-1.955,0.519,88.283,359.643,1.117,53.740,,1.48
273.42,35.115,0.028,-23.049,36.103,0.035,1.200,0.000,1.000,0.000,-0.126,-0.195,36.123,-13.067,2.019,-0.460,88.302,359.639,358.798,54.461,,1.50
273.44,35.838,0.027,-23.032,36.127,-0.060,1.136,0.000,1.000,0.000,-0.067,-0.265,36.143,3.292,-4.770,1.039,88.309,359.676,359.651,55.182,,1.52
273.46,36.560,0.027,-23.024,36.123,0.002,0.970,0.000,1.000,0.000,0.135,-0.217,36.135,8.362,2.925,-0.398,88.240,359.658,1.388,55.902,,1.54
273.48,37.282,0.027,-22.989,36.108,-0.011,1.160,0.000,1.000,0.000,-0.032,-0.233,36.126,-9.545,-0.764,-0.468,88.214,359.649,359.477,56.624,,1.56
273.50,38.004,0.026,-22.960,36.109,-0.030,1.233,0.000,1.000,0.000,-0.118,-0.249,36.129,-3.609,-0.985,0.156,88.239,359.656,358.930,57.345,,1.58
273.52,38.727,0.027,-22.956,36.104,0.044,0.973,0.000,1.000,0.000,0.155,-0.197,36.116,13.072,3.409,-0.657,88.204,359.623,1.248,58.065,,1.60
273.54,39.449,0.026,-22.929,36.123,-0.032,1.051,0.000,1.000,0.000,0.087,-0.257,36.137,-3.894,-3.779,1.060,88.194,359.644,0.275,58.786,,1.62
273.56,40.171,0.027,-22.893,36.114,0.028,1.223,0.000,1.000,0.000,-0.127,-0.208,36.134,-8.713,2.767,-0.181,88.269,359.632,358.597,59.508,,1.64
273.58,40.894,0.027,-22.885,36.117,0.015,1.027,0.000,1.000,0.000,0.044,-0.217,36.131,9.811,-0.755,-0.132,88.297,359.633,0.596,60.228,,1.66
273.60,41.616,0.027,-22.869,36.128,-0.026,0.964,0.000,1.000,0.000,0.121,-0.245,36.140,3.137,-2.082,0.464,88.272,359.656,1.027,60.949,,1.68
273.62,42.338,0.027,-22.829,36.107,0.041,1.227,0.000,1.000,0.000,-0.154,-0.194,36.127,-13.267,3.062,-0.654,88.305,359.632,358.699,61.672,,1.70
273.64,43.061,0.027,-22.813,36.127,-0.044,1.147,0.000,1.000,0.000,-0.084,-0.261,36.144,4.044,-4.275,0.847,88.315,359.658,359.775,62.393,,1.72
273.66,43.784,0.027,-22.804,36.124,0.011,0.990,0.000,1.000,0.000,0.113,-0.216,36.137,7.907,2.556,-0.370,88.241,359.645,1.404,63.113,,1.74
273.68,44.506,0.027,-22.767,36.110,0.007,1.192,0.000,1.000,0.000,-0.062,-0.222,36.129,-10.100,-0.298,-0.359,88.212,359.639,359.357,63.835,,1.76
273.70,45.228,0.026,-22.740,36.119,-0.032,1.246,0.000,1.000,0.000,-0.127,-0.251,36.139,-2.671,-1.998,0.490,88.232,359.657,359.001,64.557,,1.78
273.72,45.951,0.027,-22.736,36.114,0.044,0.975,0.000,1.000,0.000,0.158,-0.195,36.126,13.660,3.491,-0.637,88.197,359.627,1.348,65.278,,1.80
273.74,46.673,0.026,-22.707,36.129,-0.038,1.064,0.000,1.000,0.000,0.078,-0.258,36.144,-4.458,-4.072,0.877,88.189,359.651,0.175,65.999,,1.82
273.76,47.395,0.027,-22.672,36.118,0.015,1.214,0.000,1.000,0.000,-0.115,-0.213,36.137,-7.550,2.434,-0.341,88.267,359.643,358.592,66.722,,1.84
273.78,48.118,0.027,-22.665,36.120,0.016,0.999,0.000,1.000,0.000,0.074,-0.214,36.133,10.748,-0.086,-0.225,88.295,359.636,0.710,67.442,,1.86
273.80,48.840,0.027,-22.648,36.134,-0.033,0.952,0.000,1.000,0.000,0.132,-0.251,36.145,2.290,-2.492,0.622,88.274,359.659,0.962,68.164,,1.88
273.82,49.562,0.027,-22.608,36.112,0.045,1.228,0.000,1.000,0.000,-0.156,-0.193,36.132,-13.909,3.558,-0.636,88.307,359.629,358.599,68.886,,1.90
273.84,50.285,0.027,-22.594,36.131,-0.039,1.132,0.000,1.000,0.000,-0.066,-0.258,36.147,4.851,-4.183,0.753,88.311,359.653,359.882,69.608,,1.92
273.86,51.008,0.027,-22.584,36.127,0.008,0.992,-0.090,1.000,0.000,0.117,-0.217,36.139,7.033,2.203,-0.408,88.233,359.648,1.414,70.329,,1.94
273.88,51.730,0.027,-22.546,36.114,0.017,1.222,-0.090,1.000,0.000,-0.090,-0.213,36.134,-11.506,0.269,-0.247,88.209,359.638,359.215,71.051,,1.96
273.90,52.452,0.026,-22.520,36.123,-0.039,1.259,-0.177,1.000,0.000,-0.142,-0.254,36.144,-1.787,-2.800,0.471,88.235,359.663,359.077,71.773,,1.98
273.92,53.175,0.027,-22.516,36.120,0.046,0.983,-0.177,1.000,0.000,0.148,-0.190,36.133,13.884,3.875,-0.559,88.200,359.631,1.447,72.494,,2.00
273.94,53.897,0.026,-22.484,36.129,-0.035,1.119,0.000,1.000,0.000,0.042,-0.254,36.145,-6.797,-4.042,0.624,88.160,359.653,359.992,73.216,,2.02
273.96,54.619,0.027,-22.448,36.114,0.001,1.324,0.000,1.000,0.000,-0.139,-0.223,36.137,-10.319,1.526,-0.400,88.129,359.651,358.427,73.939,,2.04
273.98,55.342,0.027,-22.441,36.117,0.025,1.142,0.000,1.000,0.000,0.112,-0.206,36.134,9.121,1.057,-0.158,88.006,359.636,0.807,74.660,,2.06
274.00,56.065,0.026,-22.419,36.122,-0.041,1.184,0.000,1.000,0.000,0.159,-0.253,36.140,-2.126,-3.283,0.325,87.864,359.669,0.862,75.382,,2.08
274.02,56.786,0.027,-22.372,36.090,0.043,1.558,0.000,1.000,0.000,-0.174,-0.188,36.123,-18.889,3.690,-0.832,87.812,359.641,358.322,76.104,,2.10
274.04,57.509,0.026,-22.354,36.111,-0.042,1.457,0.000,1.000,0.000,-0.072,-0.255,36.139,5.097,-4.288,0.791,87.803,359.663,0.040,76.826,,2.12
274.06,58.231,0.026,-22.337,36.111,-0.003,1.348,0.000,1.000,0.000,0.073,-0.219,36.136,5.514,1.830,-0.183,87.737,359.660,1.528,77.547,,2.14
274.08,58.953,0.027,-22.289,36.091,0.031,1.624,0.000,1.000,0.000,-0.196,-0.200,36.126,-13.857,1.438,-0.459,87.741,359.639,358.969,78.270,,2.16
274.10,59.675,0.026,-22.259,36.107,-0.052,1.572,-0.429,1.000,0.000,-0.171,-0.261,36.140,2.673,-4.113,0.701,87.783,359.673,359.262,78.992,,2.18
274.12,60.397,0.027,-22.249,36.106,0.047,1.249,-0.429,1.000,0.000,0.145,-0.183,36.127,16.288,4.458,-0.637,87.780,359.642,1.705,79.714,,2.20
274.14,61.119,0.026,-22.209,36.104,-0.021,1.394,-0.429,1.000,0.000,-0.003,-0.236,36.130,-7.269,-3.399,0.142,87.795,359.658,359.774,80.436,,2.22
274.16,61.841,0.026,-22.171,36.100,-0.007,1.491,-0.429,1.000,0.000,-0.132,-0.221,36.130,-4.863,0.565,-0.016,87.853,359.665,358.541,81.158,,2.24
274.18,62.563,0.027,-22.165,36.102,0.045,1.173,-0.293,1.000,0.000,0.191,-0.187,36.120,15.961,2.256,-0.507,87.830,359.639,1.245,81.879,,2.26
274.20,63.285,0.026,-22.134,36.113,-0.061,1.317,-0.070,1.000,0.000,0.106,-0.265,36.136,-7.212,-5.263,0.844,87.740,359.678,0.411,82.602,,2.28
274.22,64.007,0.026,-22.086,36.083,0.024,1.707,-0.070,1.000,0.000,-0.164,-0.200,36.123,-19.674,3.600,-0.647,87.563,359.654,358.029,83.324,,2.30
274.24,64.730,0.027,-22.065,36.086,0.113,1.677,0.000,1.000,0.000,0.046,-0.192,36.125,1.489,4.440,0.112,87.268,359.516,359.643,84.047,,2.32
274.26,65.453,0.029,-22.045,36.086,0.119,1.707,0.000,1.000,0.000,0.220,-0.231,36.126,-1.498,0.352,0.088,86.934,359.453,1.310,84.769,,2.34
274.28,66.174,0.031,-21.992,36.073,0.100,2.096,-0.555,1.000,0.000,-0.138,-0.278,36.133,-19.465,-1.153,0.375,86.896,359.404,359.540,85.492,,2.36
274.30,66.892,0.031,-21.944,35.975,-0.053,2.197,-0.555,1.000,0.000,-0.272,-0.352,36.040,-5.176,-7.665,-4.665,86.947,359.532,359.027,86.212,,2.38
274.32,67.613,0.030,-21.919,36.041,-0.061,1.955,-0.555,1.000,0.000,0.021,-0.309,36.093,12.244,-0.670,2.596,86.852,359.607,1.153,86.933,,2.40
274.34,68.332,0.028,-21.875,35.991,-0.179,1.986,-0.555,1.000,0.000,0.002,-0.339,36.044,-1.690,-5.863,-2.441,86.835,359.745,0.382,87.653,,2.42
274.36,69.051,0.026,-21.822,36.000,-0.087,2.091,-0.555,1.000,0.000,-0.151,-0.244,36.059,-5.334,4.440,0.745,86.924,359.756,358.717,88.374,,2.44
274.38,69.773,0.025,-21.795,36.022,-0.051,1.892,-0.555,1.000,0.000,0.004,-0.230,36.071,10.009,1.707,0.604,86.985,359.716,0.476,89.095,,2.46
274.40,70.494,0.024,-21.761,36.046,-0.009,1.865,-0.342,1.000,0.000,0.068,-0.228,36.093,1.431,2.066,1.111,86.923,359.655,0.919,89.817,,2.48
274.42,71.214,0.025,-21.701,36.013,0.084,2.272,-0.342,1.000,0.000,-0.205,-0.187,36.083,-20.523,4.136,-0.436,86.723,359.578,358.477,90.539,,2.50
274.44,71.935,0.026,-21.666,36.043,0.017,2.316,0.000,1.000,0.000,-0.045,-0.245,36.116,-2.074,-3.358,1.612,86.397,359.585,359.666,91.261,,2.52
274.46,72.657,0.027,-21.634,36.047,0.080,2.267,0.000,1.000,0.000,0.223,-0.186,36.117,2.514,3.073,0.050,86.041,359.587,1.309,91.983,,2.54
274.48,73.376,0.028,-21.567,35.996,0.038,2.699,0.000,1.000,0.000,-0.061,-0.199,36.096,-21.689,-2.491,-0.967,85.814,359.627,358.947,92.705,,2.56
274.50,74.095,0.028,-21.509,35.989,-0.069,2.908,0.000,1.000,0.000,-0.181,-0.258,36.105,-10.313,-5.571,0.415,85.676,359.706,358.841,93.426,,2.58
274.52,74.817,0.028,-21.470,35.986,0.042,2.810,0.000,1.000,0.000,0.039,-0.165,36.095,4.979,5.434,-0.510,85.467,359.673,1.306,94.148,,2.60
274.54,75.535,0.027,-21.405,35.951,-0.061,2.984,-0.148,1.000,0.000,-0.024,-0.253,36.074,-8.827,-5.092,-1.049,85.292,359.695,0.118,94.869,,2.62
274.56,76.253,0.027,-21.333,35.933,-0.011,3.132,-0.148,1.000,0.000,-0.140,-0.225,36.068,-7.472,2.300,-0.293,85.250,359.666,358.629,95.590,,2.64
274.58,76.973,0.027,-21.288,35.944,0.007,2.904,-0.535,1.000,0.000,0.078,-0.226,36.060,11.414,0.744,-0.391,85.252,359.632,0.777,96.312,,2.66
274.60,77.692,0.026,-21.230,35.958,-0.035,2.923,-0.535,1.000,0.000,0.081,-0.264,36.076,-0.911,-2.099,0.790,85.219,359.639,0.773,97.033,,2.68
274.62,78.410,0.027,-21.152,35.928,0.047,3.222,-0.245,1.000,0.000,-0.193,-0.205,36.071,-15.131,3.750,-0.218,85.190,359.607,358.533,8.727,"Curva 1.",2.70
274.64,79.130,0.026,-21.098,35.957,-0.016,3.208,-0.245,1.000,0.000,-0.065,-0.249,36.098,0.835,-3.169,1.338,85.006,359.630,359.852,8.856,"Curva 1.",2.72
274.66,79.850,0.027,-21.043,35.956,0.030,3.244,-0.245,1.000,0.000,0.128,-0.204,36.101,-1.787,2.306,0.166,84.636,359.632,1.027,9.042,"Curva 1.",2.74
274.68,80.567,0.028,-20.959,35.899,0.028,3.689,-0.245,1.000,0.000,-0.079,-0.204,36.088,-22.417,-0.511,-0.609,84.264,359.634,358.837,9.307,"Curva 1.",2.76
274.70,81.285,0.027,-20.886,35.901,-0.049,3.878,0.000,1.000,0.000,-0.101,-0.262,36.109,-9.320,-4.038,1.042,84.001,359.665,359.152,9.610,"Curva 1.",2.78
274.72,82.005,0.028,-20.824,35.900,0.048,3.834,0.000,1.000,0.000,0.096,-0.188,36.104,2.261,4.851,-0.246,83.745,359.628,1.185,9.946,"Curva 1.",2.80
274.74,82.721,0.027,-20.734,35.856,-0.020,4.094,0.000,0.885,0.000,-0.056,-0.244,36.088,-13.134,-3.487,-0.741,83.577,359.645,359.730,10.344,"Curva 1.",2.82
274.76,83.437,0.027,-20.643,35.834,-0.021,4.272,0.000,0.885,0.000,-0.196,-0.243,36.086,-8.963,-0.229,-0.117,83.521,359.655,358.764,10.778,"Curva 1.",2.84
274.78,84.156,0.027,-20.577,35.856,0.024,4.037,0.000,0.710,0.000,0.054,-0.209,36.081,11.869,2.046,-0.233,83.486,359.631,1.053,11.222,"Curva 1.",2.86
274.80,84.873,0.026,-20.493,35.855,-0.051,4.069,0.000,0.710,0.000,0.027,-0.265,36.084,-1.675,-3.776,0.124,83.478,359.661,0.551,11.707,"Curva 1.",2.88
274.82,85.587,0.027,-20.395,35.797,0.028,4.249,0.000,0.570,0.000,-0.184,-0.198,36.047,-9.315,3.769,-1.834,83.531,359.648,358.642,12.224,"Curva 1.",2.90
274.84,86.304,0.027,-20.325,35.772,-0.006,4.056,0.000,0.570,0.000,0.001,-0.212,36.001,9.433,-1.730,-2.320,83.527,359.672,0.364,12.742,"Curva 1.",2.92
274.86,87.018,0.027,-20.252,35.701,-0.010,3.940,0.000,0.570,0.000,0.135,-0.193,35.917,5.313,-0.284,-4.186,83.480,359.711,1.164,13.279,"Curva 1.",2.94
274.88,87.728,0.028,-20.153,35.561,0.046,4.183,0.000,0.480,0.000,-0.141,-0.133,35.806,-12.904,2.542,-5.569,83.521,359.718,358.860,13.847,"Curva 1.",2.96
274.90,88.437,0.028,-20.076,35.452,-0.030,4.100,0.400,0.276,0.000,-0.070,-0.174,35.688,3.556,-3.738,-5.902,83.519,359.770,359.616,14.414,"Curva 1.",2.98
274.92,89.145,0.029,-20.010,35.335,0.033,3.889,0.400,0.276,0.000,0.159,-0.113,35.548,9.884,2.937,-7.017,83.458,359.770,1.402,14.985,"Curva 1.",3.00
274.94,89.847,0.029,-19.917,35.153,0.012,4.055,0.400,0.276,0.000,-0.035,-0.124,35.385,-9.284,-1.132,-8.129,83.478,359.781,359.509,15.579,"Curva 1.",3.02
274.96,90.545,0.029,-19.831,34.953,-0.011,4.107,0.400,0.276,0.000,-0.122,-0.131,35.193,-3.706,-1.181,-9.634,83.500,359.809,358.916,16.176,"Curva 1.",3.04
274.98,91.242,0.030,-19.769,34.773,0.050,3.830,1.000,0.137,0.000,0.168,-0.074,34.983,12.810,2.814,-10.521,83.437,359.803,1.213,16.766,"Curva 1.",3.06
275.00,91.932,0.030,-19.688,34.543,-0.026,3.789,1.000,0.137,0.000,0.130,-0.119,34.750,0.715,-3.780,-11.659,83.524,359.850,0.501,17.369,"Curva 1.",3.08
275.02,92.617,0.031,-19.600,34.302,0.046,3.796,1.000,0.042,0.000,-0.062,-0.044,34.511,-1.726,3.637,-11.944,83.789,359.852,358.906,17.979,"Curva 1.",3.10
275.04,93.299,0.031,-19.541,34.085,0.020,3.407,1.000,0.042,0.000,0.114,-0.063,34.255,18.223,-1.494,-12.754,84.100,359.864,0.735,18.576,"Curva 1.",3.12
275.06,93.976,0.031,-19.481,33.843,-0.016,2.999,1.000,0.000,0.000,0.180,-0.085,33.975,19.126,-2.311,-14.003,84.629,359.892,1.511,19.175,"Curva 1.",3.14
275.08,94.646,0.033,-19.405,33.594,0.080,2.835,1.000,0.000,0.000,-0.108,0.002,33.713,7.094,4.894,-13.055,85.360,359.870,359.416,19.782,"Curva 1.",3.16
275.10,95.313,0.033,-19.354,33.349,0.016,2.425,1.000,0.000,0.000,-0.118,-0.049,33.437,19.603,-3.138,-13.610,86.043,359.890,359.921,20.377,"Curva 1.",3.18
275.12,95.976,0.034,-19.323,33.129,0.023,1.841,1.000,0.000,0.000,0.064,-0.050,33.180,28.550,-0.519,-12.689,86.707,359.878,1.780,20.964,"Curva 1.",3.20
275.14,96.633,0.033,-19.274,32.881,0.008,1.608,1.000,0.000,0.000,-0.119,-0.066,32.920,11.057,-0.729,-12.920,87.408,359.872,0.075,21.559,"Curva 1.",3.22
275.16,97.283,0.034,-19.236,32.571,0.024,1.333,1.000,0.000,0.000,-0.225,-0.037,32.598,13.191,1.019,-15.935,88.052,359.898,359.250,22.146,"Curva 1.",3.24
275.18,97.930,0.035,-19.232,32.315,0.019,0.700,1.000,0.000,0.000,0.049,-0.034,32.322,31.330,-1.079,-13.545,88.671,359.909,1.563,22.718,"Curva 1.",3.26
275.20,98.570,0.034,-19.208,32.040,-0.063,0.539,1.000,0.000,0.000,-0.144,-0.091,32.044,7.848,-4.174,-13.854,89.293,359.948,0.439,23.297,"Curva 1.",3.28
275.22,99.205,0.034,-19.188,31.740,0.028,0.310,1.000,0.000,0.000,-0.309,-0.002,31.740,11.397,4.707,-14.964,89.998,359.954,359.229,23.873,"Curva 1.",3.30
275.24,99.834,0.035,-19.201,31.455,0.026,-0.279,1.000,0.000,0.000,-0.091,-0.001,31.457,29.601,-0.712,-13.901,90.673,359.947,1.207,24.432,"Curva 1.",3.32
275.26,100.457,0.035,-19.208,31.155,-0.019,-0.676,1.000,0.000,0.000,-0.077,-0.043,31.162,20.182,-2.649,-14.558,91.384,359.954,1.170,24.992,"Curva 1.",3.34
275.28,101.075,0.036,-19.208,30.868,0.110,-0.908,1.000,0.000,0.000,-0.268,0.061,30.880,12.025,6.623,-13.888,92.179,359.914,359.384,25.553,"Curva 1.",3.36
275.30,101.687,0.037,-19.237,30.582,0.042,-1.412,1.000,0.000,0.000,-0.140,-0.003,30.615,25.909,-3.611,-12.974,92.907,359.914,0.483,26.099,"Curva 1.",3.38
275.32,102.292,0.038,-19.274,30.272,0.006,-1.899,1.000,0.000,0.000,-0.043,-0.034,30.331,25.204,-2.446,-13.943,93.668,359.923,1.515,26.638,"Curva 1.",3.40
275.34,102.894,0.038,-19.299,30.012,0.051,-2.109,1.000,0.000,0.000,-0.223,-0.001,30.086,11.500,2.332,-12.111,94.446,359.903,359.791,27.182,"Curva 1.",3.42
275.36,103.488,0.038,-19.342,29.712,0.003,-2.440,1.000,0.000,0.000,-0.226,-0.036,29.811,17.838,-2.313,-13.485,95.130,359.927,359.757,27.716,"Curva 1.",3.44
275.38,104.076,0.039,-19.405,29.410,-0.005,-2.937,1.000,0.000,0.000,-0.062,-0.038,29.556,26.207,-1.047,-12.492,95.821,359.934,1.446,28.238,"Curva 1.",3.46
275.40,104.660,0.038,-19.453,29.150,-0.039,-3.099,1.000,0.000,0.000,-0.233,-0.066,29.314,9.513,-1.734,-11.996,96.524,359.946,0.213,28.765,"Curva 1.",3.48
275.42,105.238,0.038,-19.509,28.834,0.006,-3.336,1.000,0.000,0.000,-0.336,-0.016,29.025,13.716,2.394,-14.175,97.263,359.963,359.485,29.285,"Curva 1.",3.50
275.44,105.808,0.038,-19.590,28.508,0.011,-3.827,1.000,0.000,0.000,-0.167,-0.003,28.763,26.601,-0.304,-12.760,97.979,359.966,1.197,29.791,"Curva 1.",3.52
275.46,106.373,0.038,-19.663,28.208,-0.023,-4.102,1.000,0.000,0.000,-0.201,-0.032,28.504,15.807,-1.924,-12.763,98.676,359.976,0.780,30.298,"Curva 1.",3.54
275.48,106.933,0.039,-19.737,27.899,0.077,-4.351,1.000,0.000,0.000,-0.279,0.053,28.235,14.824,5.110,-13.180,99.431,359.956,359.615,30.803,"Curva 1.",3.56
275.50,107.485,0.040,-19.833,27.563,0.044,-4.788,1.000,0.000,0.000,-0.143,0.023,27.975,24.401,-1.896,-12.686,100.146,359.954,0.656,31.294,"Curva 1.",3.58
275.52,108.029,0.041,-19.932,27.209,0.010,-5.161,1.000,0.000,0.000,-0.088,-0.004,27.694,21.627,-2.120,-13.825,100.922,359.967,1.136,31.780,"Curva 1.",3.60
275.54,108.571,0.042,-20.024,26.933,0.061,-5.345,1.000,0.000,0.000,-0.233,0.035,27.457,11.821,2.607,-11.660,101.710,359.948,359.792,32.268,"Curva 1.",3.62
275.56,109.104,0.042,-20.132,26.625,0.010,-5.641,1.000,0.000,0.000,-0.227,-0.011,27.215,17.748,-2.560,-11.839,102.440,359.955,0.053,32.745,"Curva 1.",3.64
275.58,109.630,0.042,-20.253,26.305,-0.012,-6.005,1.000,0.000,0.000,-0.155,-0.030,26.981,21.368,-1.516,-11.431,103.187,359.954,1.155,33.213,"Curva 1.",3.66
275.60,110.154,0.041,-20.364,26.037,-0.017,-6.162,1.000,0.000,0.000,-0.296,-0.039,26.755,10.827,-0.308,-11.116,103.947,359.952,0.159,33.684,"Curva 1.",3.68
275.62,110.671,0.041,-20.483,25.718,0.001,-6.394,1.000,0.000,0.000,-0.341,-0.016,26.498,15.276,0.977,-12.515,104.699,359.965,359.809,34.148,"Curva 1.",3.70
275.64,111.178,0.041,-20.619,25.375,0.000,-6.759,1.000,0.000,0.000,-0.238,-0.008,26.259,22.180,-0.432,-11.658,105.436,359.975,0.969,34.600,"Curva 1.",3.72
275.66,111.681,0.041,-20.751,25.059,-0.012,-7.003,1.000,0.000,0.000,-0.260,-0.015,26.018,16.118,-0.756,-11.778,106.187,359.986,0.644,35.052,"Curva 1.",3.74
275.68,112.179,0.042,-20.884,24.744,0.054,-7.223,1.000,0.000,0.000,-0.309,0.043,25.775,15.084,3.343,-11.819,106.959,359.977,359.835,35.500,"Curva 1.",3.76
275.70,112.668,0.043,-21.033,24.398,0.032,-7.542,1.000,0.000,0.000,-0.231,0.024,25.537,20.454,-1.289,-11.635,107.698,359.978,0.529,35.937,"Curva 1.",3.78
275.72,113.150,0.043,-21.185,24.038,0.008,-7.829,1.000,0.000,0.000,-0.197,0.006,25.281,19.296,-1.482,-12.519,108.487,359.988,0.903,36.369,"Curva 1.",3.80
275.74,113.629,0.044,-21.334,23.742,0.039,-8.020,1.000,0.000,0.000,-0.276,0.029,25.058,13.910,1.520,-10.841,109.296,359.976,0.046,36.800,"Curva 1.",3.82
275.76,114.100,0.044,-21.493,23.421,0.017,-8.243,1.000,0.000,0.000,-0.295,0.008,24.828,15.948,-1.098,-11.242,110.071,359.977,0.082,37.223,"Curva 1.",3.84
275.78,114.562,0.044,-21.661,23.083,-0.006,-8.518,1.000,0.000,0.000,-0.255,-0.011,24.604,18.864,-1.422,-10.881,110.849,359.978,0.842,37.637,"Curva 1.",3.86
275.80,115.021,0.044,-21.826,22.780,-0.014,-8.710,1.000,0.000,0.000,-0.308,-0.021,24.386,14.521,-0.499,-10.567,111.648,359.978,0.411,38.051,"Curva 1.",3.88
275.82,115.474,0.044,-21.995,22.472,0.015,-8.890,1.000,0.000,0.000,-0.364,0.004,24.163,14.182,1.429,-10.816,112.447,359.976,359.941,38.460,"Curva 1.",3.90
275.84,115.918,0.044,-22.175,22.135,0.001,-9.136,1.000,0.000,0.000,-0.333,-0.003,23.944,17.933,-0.866,-10.618,113.224,359.983,0.556,38.860,"Curva 1.",3.92
275.86,116.356,0.044,-22.357,21.795,-0.009,-9.362,1.000,0.000,0.000,-0.324,-0.008,23.719,17.255,-0.691,-10.905,114.029,359.993,0.723,39.255,"Curva 1.",3.94
275.88,116.790,0.045,-22.537,21.485,0.029,-9.537,1.000,0.000,0.000,-0.372,0.025,23.504,14.451,1.876,-10.389,114.844,359.988,0.094,39.649,"Curva 1.",3.96
275.90,117.216,0.045,-22.727,21.146,0.023,-9.740,1.000,0.000,0.000,-0.368,0.022,23.278,16.479,-0.392,-10.922,115.637,359.994,0.226,40.034,"Curva 1.",3.98
275.92,117.633,0.045,-22.923,20.791,0.008,-9.969,1.000,0.000,0.000,-0.332,0.013,23.056,18.148,-0.942,-10.747,116.442,0.000,0.739,40.411,"Curva 1.",4.00
275.94,118.047,0.046,-23.117,20.474,0.011,-10.147,1.000,0.000,0.000,-0.362,0.012,22.848,15.169,0.012,-10.018,117.271,-0.003,0.370,40.787,"Curva 1.",4.02
275.96,118.454,0.046,-23.315,20.158,0.023,-10.304,1.000,0.000,0.000,-0.403,0.020,22.635,14.391,0.609,-10.261,118.097,359.993,0.050,41.158,"Curva 1.",4.04
275.98,118.853,0.046,-23.521,19.821,0.003,-10.501,1.000,0.000,0.000,-0.391,0.005,22.428,16.734,-1.125,-9.963,118.913,359.994,0.511,41.520,"Curva 1.",4.06
276.00,119.246,0.046,-23.729,19.495,-0.010,-10.684,1.000,0.000,0.000,-0.397,-0.008,22.227,15.995,-0.838,-9.631,119.747,-0.005,0.598,41.879,"Curva 1.",4.08
276.02,119.635,0.046,-23.937,19.189,0.013,-10.828,1.000,0.000,0.000,-0.442,0.010,22.029,14.008,1.128,-9.516,120.585,359.989,0.139,42.235,"Curva 1.",4.10
276.04,120.015,0.046,-24.151,18.857,0.008,-10.983,1.000,0.000,0.000,-0.451,0.008,21.818,15.276,-0.329,-10.128,121.402,-0.004,0.250,42.583,"Curva 1.",4.12
276.06,120.388,0.046,-24.370,18.512,-0.001,-11.159,1.000,0.000,0.000,-0.431,0.005,21.610,16.616,-0.641,-9.926,122.225,0.005,0.628,42.925,"Curva 1.",4.14
276.08,120.756,0.046,-24.589,18.194,0.006,-11.311,1.000,0.000,0.000,-0.446,0.011,21.418,15.049,0.274,-9.179,123.062,0.005,0.376,43.264,"Curva 1.",4.16
276.10,121.119,0.047,-24.810,17.870,0.021,-11.445,1.000,0.000,0.000,-0.468,0.024,21.216,14.583,0.701,-9.687,123.900,0.004,0.139,43.599,"Curva 1.",4.18
276.12,121.472,0.047,-25.038,17.529,0.010,-11.600,1.000,0.000,0.000,-0.455,0.016,21.015,16.097,-0.693,-9.573,124.736,0.007,0.457,43.925,"Curva 1.",4.20
276.14,121.820,0.047,-25.267,17.198,0.001,-11.748,1.000,0.000,0.000,-0.455,0.008,20.823,15.658,-0.582,-9.153,125.589,0.007,0.532,44.248,"Curva 1.",4.22
276.16,122.163,0.047,-25.497,16.885,0.015,-11.868,1.000,0.000,0.000,-0.485,0.017,20.633,14.125,0.643,-9.028,126.448,0.002,0.205,44.567,"Curva 1.",4.24
276.18,122.499,0.048,-25.731,16.558,0.010,-11.988,1.000,0.000,0.000,-0.497,0.014,20.435,14.671,-0.325,-9.417,127.297,0.005,0.258,44.879,"Curva 1.",4.26
276.20,122.827,0.048,-25.969,16.223,-0.001,-12.120,1.000,0.000,0.000,-0.491,0.007,20.244,15.506,-0.689,-9.066,128.151,0.010,0.526,45.186,"Curva 1.",4.28
276.22,123.150,0.048,-26.207,15.906,0.001,-12.237,1.000,0.000,0.000,-0.506,0.008,20.062,14.543,0.033,-8.616,129.017,0.009,0.374,45.489,"Curva 1.",4.30
276.24,123.467,0.048,-26.447,15.588,0.013,-12.339,1.000,0.000,0.000,-0.528,0.017,19.874,14.131,0.510,-8.932,129.886,0.007,0.190,45.788,"Curva 1.",4.32
276.26,123.776,0.048,-26.691,15.254,0.007,-12.451,1.000,0.000,0.000,-0.526,0.014,19.683,15.128,-0.384,-9.003,130.753,0.010,0.391,46.080,"Curva 1.",4.34
276.28,124.080,0.048,-26.937,14.925,0.003,-12.563,1.000,0.000,0.000,-0.526,0.011,19.501,15.084,-0.305,-8.580,131.633,0.009,0.470,46.367,"Curva 1.",4.36
276.30,124.378,0.048,-27.183,14.609,0.015,-12.657,1.000,0.000,0.000,-0.546,0.018,19.322,14.171,0.493,-8.458,132.523,0.003,0.253,46.651,"Curva 1.",4.38
276.32,124.669,0.049,-27.433,14.284,0.015,-12.746,1.000,0.000,0.000,-0.557,0.018,19.136,14.436,-0.049,-8.757,133.413,0.002,0.259,46.929,"Curva 1.",4.40
276.34,124.952,0.049,-27.685,13.953,0.007,-12.841,1.000,0.000,0.000,-0.558,0.012,18.954,14.924,-0.495,-8.524,134.309,0.002,0.440,47.201,"Curva 1.",4.42
276.36,125.231,0.049,-27.937,13.638,0.007,-12.926,1.000,0.000,0.000,-0.573,0.010,18.782,14.203,-0.094,-8.074,135.213,-0.002,0.356,47.469,"Curva 1.",4.44
276.38,125.504,0.049,-28.191,13.326,0.014,-12.998,1.000,0.000,0.000,-0.595,0.014,18.606,13.709,0.265,-8.211,136.119,-0.005,0.215,47.733,"Curva 1.",4.46
276.40,125.769,0.049,-28.448,13.004,0.008,-13.072,1.000,0.000,0.000,-0.603,0.011,18.428,14.306,-0.371,-8.309,137.024,0.000,0.337,47.991,"Curva 1.",4.48
276.42,126.028,0.049,-28.706,12.681,0.003,-13.146,1.000,0.000,0.000,-0.607,0.009,18.255,14.477,-0.335,-8.038,137.938,0.004,0.415,48.244,"Curva 1.",4.50
276.44,126.282,0.050,-28.964,12.369,0.010,-13.210,1.000,0.000,0.000,-0.623,0.014,18.086,13.857,0.256,-7.865,138.858,0.006,0.271,48.493,"Curva 1.",4.52
276.46,126.529,0.050,-29.224,12.051,0.011,-13.267,1.000,0.000,0.000,-0.635,0.017,17.912,13.959,0.032,-8.073,139.780,0.009,0.251,48.737,"Curva 1.",4.54
276.48,126.769,0.050,-29.486,11.728,0.007,-13.327,1.000,0.000,0.000,-0.637,0.015,17.741,14.406,-0.317,-7.944,140.708,0.013,0.384,48.975,"Curva 1.",4.56
276.50,127.004,0.050,-29.748,11.413,0.007,-13.381,1.000,0.000,0.000,-0.648,0.015,17.575,13.993,-0.093,-7.632,141.647,0.014,0.348,49.210,"Curva 1.",4.58
276.52,127.233,0.050,-30.011,11.105,0.011,-13.424,1.000,0.000,0.000,-0.665,0.019,17.409,13.572,0.157,-7.670,142.589,0.015,0.239,49.440,"Curva 1.",4.60
276.54,127.455,0.051,-30.275,10.791,0.007,-13.464,1.000,0.000,0.000,-0.676,0.016,17.241,13.807,-0.288,-7.708,143.533,0.019,0.305,49.664,"Curva 1.",4.62
276.56,127.671,0.051,-30.541,10.479,0.002,-13.503,1.000,0.000,0.000,-0.685,0.013,17.078,13.809,-0.345,-7.462,144.482,0.021,0.368,49.884,"Curva 1.",4.64
276.58,127.882,0.051,-30.806,10.179,0.004,-13.534,1.000,0.000,0.000,-0.703,0.014,16.920,13.264,0.047,-7.246,145.434,0.022,0.277,50.100,"Curva 1.",4.66
276.60,128.087,0.051,-31.073,9.879,0.005,-13.557,1.000,0.000,0.000,-0.722,0.015,16.759,13.098,-0.010,-7.335,146.383,0.023,0.245,50.311,"Curva 1.",4.68
276.62,128.284,0.051,-31.340,9.576,0.001,-13.579,1.000,0.000,0.000,-0.731,0.013,16.600,13.354,-0.275,-7.268,147.330,0.027,0.334,50.517,"Curva 1.",4.70
276.64,128.477,0.051,-31.608,9.278,0.001,-13.597,1.000,0.000,0.000,-0.743,0.014,16.444,13.139,-0.097,-7.065,148.279,0.030,0.328,50.719,"Curva 1.",4.72
276.66,128.664,0.051,-31.875,8.988,0.005,-13.606,1.000,0.000,0.000,-0.760,0.017,16.289,12.696,0.136,-7.009,149.222,0.031,0.245,50.917,"Curva 1.",4.74
276.68,128.845,0.051,-32.143,8.700,0.003,-13.609,1.000,0.000,0.000,-0.773,0.016,16.134,12.613,-0.150,-7.042,150.154,0.033,0.267,51.110,"Curva 1.",4.76
276.70,129.020,0.051,-32.412,8.411,0.000,-13.612,1.000,0.000,0.000,-0.779,0.014,15.982,12.699,-0.258,-6.888,151.080,0.035,0.327,51.298,"Curva 1.",4.78
276.72,129.190,0.051,-32.680,8.129,0.000,-13.609,1.000,0.000,0.000,-0.789,0.014,15.832,12.366,-0.023,-6.747,152.001,0.036,0.280,51.483,"Curva 1.",4.80
276.74,129.354,0.051,-32.948,7.849,0.002,-13.599,1.000,0.000,0.000,-0.796,0.015,15.681,12.256,0.018,-6.812,152.916,0.037,0.244,51.663,"Curva 1.",4.82
276.76,129.512,0.051,-33.216,7.571,0.000,-13.585,1.000,0.000,0.000,-0.800,0.015,15.532,12.136,-0.168,-6.724,153.818,0.040,0.284,51.839,"Curva 1.",4.84
276.78,129.665,0.051,-33.484,7.308,-0.002,-13.565,1.000,0.000,0.000,-0.810,0.013,15.387,11.443,-0.127,-6.562,154.700,0.042,0.269,52.011,"Curva 1.",4.86
276.80,129.813,0.051,-33.752,7.051,-0.001,-13.538,1.000,0.000,0.000,-0.818,0.014,15.243,11.164,-0.017,-6.508,155.561,0.043,0.233,52.178,"Curva 1.",4.88
276.82,129.956,0.051,-34.019,6.794,-0.001,-13.509,1.000,0.000,0.000,-0.818,0.014,15.099,11.184,-0.076,-6.510,156.402,0.045,0.259,52.342,"Curva 1.",4.90
276.84,130.093,0.051,-34.286,6.540,-0.001,-13.475,1.000,0.000,0.000,-0.814,0.014,14.956,11.067,-0.060,-6.472,157.225,0.045,0.279,52.502,"Curva 1.",4.92
276.86,130.225,0.051,-34.552,6.289,0.001,-13.437,1.000,0.000,0.000,-0.806,0.016,14.814,10.930,0.064,-6.469,158.032,0.045,0.250,52.657,"Curva 1.",4.94
276.88,130.353,0.051,-34.817,6.038,0.003,-13.394,1.000,0.000,0.000,-0.792,0.018,14.671,10.906,0.048,-6.523,158.822,0.045,0.242,52.809,"Curva 1.",4.96
276.90,130.475,0.051,-35.082,5.788,0.003,-13.348,1.000,0.000,0.000,-0.772,0.018,14.528,10.911,-0.062,-6.523,159.598,0.045,0.268,52.957,"Curva 1.",4.98
276.92,130.592,0.051,-35.345,5.541,0.003,-13.298,1.000,0.000,0.000,-0.750,0.017,14.386,10.822,-0.060,-6.511,160.364,0.043,0.265,53.101,"Curva 1.",5.00
276.94,130.704,0.051,-35.608,5.294,0.003,-13.244,1.000,0.000,0.000,-0.725,0.017,14.245,10.798,-0.030,-6.523,161.124,0.042,0.247,53.241,"Curva 1.",5.02
276.96,130.811,0.051,-35.870,5.050,0.002,-13.187,1.000,0.000,0.000,-0.698,0.015,14.103,10.713,-0.099,-6.529,161.879,0.041,0.251,53.378,"Curva 1.",5.04
276.98,130.913,0.051,-36.130,4.807,0.001,-13.126,1.000,0.000,0.000,-0.669,0.014,13.962,10.704,-0.121,-6.549,162.632,0.041,0.264,53.510,"Curva 1.",5.06
277.00,131.011,0.051,-36.389,4.564,0.001,-13.062,1.000,0.000,0.000,-0.639,0.014,13.821,10.733,-0.060,-6.528,163.388,0.041,0.262,53.639,"Curva 1.",5.08
277.02,131.104,0.052,-36.647,4.326,0.002,-12.994,1.000,0.000,0.000,-0.612,0.014,13.681,10.472,-0.010,-6.523,164.144,0.041,0.244,53.764,"Curva 1.",5.10
277.04,131.192,0.052,-36.904,4.094,0.002,-12.922,1.000,0.000,0.000,-0.586,0.014,13.542,10.278,-0.030,-6.509,164.897,0.042,0.242,53.885,"Curva 1.",5.12
277.06,131.276,0.052,-37.159,3.867,0.002,-12.846,1.000,0.083,0.000,-0.561,0.015,13.404,10.075,-0.033,-6.465,165.647,0.043,0.245,54.003,"Curva 1.",5.14
277.08,131.355,0.052,-37.413,3.632,0.003,-12.767,1.000,0.171,0.000,-0.529,0.016,13.263,10.470,-0.025,-6.626,166.403,0.045,0.266,54.117,"Curva 1.",5.16
277.10,131.429,0.052,-37.665,3.382,0.004,-12.686,1.000,0.171,0.000,-0.484,0.018,13.120,11.271,0.020,-6.723,167.185,0.049,0.298,54.227,"Curva 1.",5.18
277.12,131.498,0.052,-37.916,3.136,0.007,-12.602,1.000,0.455,0.000,-0.444,0.021,12.978,11.187,0.066,-6.666,167.987,0.051,0.272,54.333,"Curva 1.",5.20
277.14,131.563,0.052,-38.164,2.890,0.008,-12.515,1.000,0.455,0.000,-0.405,0.021,12.838,11.209,-0.002,-6.636,168.805,0.052,0.256,54.436,"Curva 1.",5.22
277.16,131.623,0.052,-38.412,2.642,0.006,-12.433,1.000,0.455,0.000,-0.363,0.019,12.706,11.461,-0.168,-6.249,169.638,0.050,0.292,54.534,"Curva 1.",5.24
277.18,131.678,0.052,-38.658,2.401,0.004,-12.355,1.000,0.455,0.000,-0.324,0.015,12.582,11.245,-0.150,-5.835,170.479,0.043,0.284,54.628,"Curva 1.",5.26
277.20,131.729,0.052,-38.902,2.168,0.004,-12.280,1.000,0.537,0.000,-0.289,0.012,12.467,10.973,-0.078,-5.482,171.319,0.035,0.247,54.719,"Curva 1.",5.28
277.22,131.775,0.052,-39.145,1.933,0.001,-12.203,1.000,0.537,0.000,-0.248,0.009,12.353,11.103,-0.176,-5.407,172.149,0.029,0.268,54.806,"Curva 1.",5.30
277.24,131.815,0.052,-39.387,1.696,-0.001,-12.131,1.000,0.623,0.000,-0.198,0.005,12.247,11.291,-0.160,-5.040,172.966,0.024,0.300,54.888,"Curva 1.",5.32
277.26,131.852,0.052,-39.627,1.467,0.001,-12.064,1.000,0.890,0.000,-0.148,0.005,12.152,11.044,0.022,-4.568,173.763,0.020,0.265,54.967,"Curva 1.",5.34
277.28,131.883,0.052,-39.867,1.240,0.002,-12.002,1.000,0.890,0.000,-0.092,0.006,12.066,10.995,0.031,-4.160,174.540,0.014,0.247,55.042,"Curva 1.",5.36
277.30,131.910,0.052,-40.105,1.017,0.001,-11.953,1.000,0.890,0.000,-0.033,0.003,11.996,10.923,-0.100,-3.377,175.296,0.006,0.276,55.113,"Curva 1.",5.38
277.32,131.933,0.052,-40.343,0.805,0.001,-11.921,1.000,0.890,0.000,0.021,-0.001,11.948,10.433,-0.057,-2.327,176.034,359.992,0.259,55.181,"Curva 1.",5.40
277.34,131.951,0.052,-40.581,0.607,0.001,-11.905,1.000,0.890,0.000,0.068,-0.004,11.920,9.874,-0.022,-1.379,176.758,359.973,0.217,55.246,"Curva 1.",5.42
277.36,131.966,0.052,-40.819,0.416,0.000,-11.901,1.000,0.968,0.000,0.110,-0.010,11.908,9.517,-0.129,-0.575,177.471,359.954,0.223,55.308,"Curva 1.",5.44
277.38,131.977,0.052,-41.057,0.235,-0.003,-11.911,1.000,1.000,0.000,0.145,-0.016,11.913,9.078,-0.155,0.211,178.173,359.939,0.231,55.367,"Curva 1.",5.46
277.40,131.984,0.051,-41.296,0.064,-0.003,-11.938,1.000,1.000,0.000,0.172,-0.020,11.937,8.579,-0.049,1.139,178.868,359.924,0.200,55.424,"Curva 1.",5.48
277.42,131.988,0.051,-41.535,-0.100,-0.003,-11.978,1.000,1.000,0.000,0.192,-0.022,11.977,8.213,-0.030,1.949,179.562,359.912,0.184,55.479,"Curva 1.",5.50
277.44,131.989,0.051,-41.776,-0.260,-0.004,-12.031,1.000,1.000,0.000,0.205,-0.025,12.032,7.971,-0.063,2.702,180.261,359.902,0.200,55.531,"Curva 1.",5.52
277.46,131.987,0.051,-42.018,-0.414,-0.004,-12.095,1.000,1.000,0.000,0.210,-0.027,12.101,7.635,-0.018,3.339,180.964,359.892,0.192,55.583,"Curva 1.",5.54
277.48,131.982,0.051,-42.261,-0.564,-0.002,-12.166,1.000,1.000,0.000,0.209,-0.027,12.177,7.419,0.035,3.737,181.675,359.884,0.172,55.632,"Curva 1.",5.56
277.50,131.974,0.051,-42.506,-0.716,-0.002,-12.240,1.000,1.000,0.000,0.204,-0.028,12.260,7.414,-0.012,4.042,182.394,359.879,0.183,55.681,"Curva 1.",5.58
277.52,131.963,0.051,-42.753,-0.868,-0.002,-12.319,1.000,1.000,0.000,0.197,-0.029,12.348,7.401,-0.030,4.348,183.120,359.875,0.193,55.727,"Curva 1.",5.60
277.54,131.949,0.051,-43.001,-1.022,-0.001,-12.400,1.000,1.000,0.000,0.186,-0.029,12.441,7.365,-0.003,4.549,183.854,359.872,0.182,55.773,"Curva 1.",5.62
277.56,131.931,0.050,-43.251,-1.178,-0.001,-12.480,1.000,1.000,0.000,0.174,-0.030,12.535,7.487,-0.029,4.633,184.598,359.871,0.183,55.816,"Curva 1.",5.64
277.58,131.911,0.050,-43.503,-1.338,-0.001,-12.561,1.000,1.000,0.000,0.161,-0.031,12.631,7.562,-0.057,4.741,185.349,359.869,0.194,55.859,"Curva 1.",5.66
277.60,131.888,0.050,-43.757,-1.497,-0.002,-12.641,1.000,1.000,0.000,0.144,-0.032,12.728,7.511,-0.054,4.842,186.107,359.867,0.188,55.899,"Curva 1.",5.68
277.62,131.861,0.050,-44.012,-1.661,-0.002,-12.720,1.000,1.000,0.000,0.127,-0.032,12.827,7.629,-0.042,4.901,186.870,359.865,0.187,55.939,"Curva 1.",5.70
277.64,131.831,0.050,-44.269,-1.828,-0.002,-12.797,1.000,1.000,0.000,0.110,-0.034,12.927,7.772,-0.065,4.944,187.639,359.864,0.200,55.976,"Curva 1.",5.72
277.66,131.798,0.050,-44.527,-1.998,-0.002,-12.874,1.000,1.000,0.000,0.093,-0.034,13.028,7.876,-0.034,5.028,188.412,359.862,0.201,56.012,"Curva 1.",5.74
277.68,131.761,0.050,-44.787,-2.172,-0.002,-12.949,1.000,1.000,0.000,0.076,-0.034,13.129,7.977,-0.016,5.077,189.191,359.859,0.196,56.046,"Curva 1.",5.76
277.70,131.721,0.050,-45.049,-2.351,-0.002,-13.021,1.000,1.000,0.000,0.060,-0.035,13.231,8.198,-0.046,5.109,189.975,359.857,0.207,56.079,"Curva 1.",5.78
277.72,131.677,0.050,-45.312,-2.535,-0.002,-13.091,1.000,1.000,0.000,0.045,-0.036,13.334,8.349,-0.037,5.162,190.765,359.855,0.215,56.109,"Curva 1.",5.80
277.74,131.629,0.050,-45.576,-2.720,-0.001,-13.160,1.000,1.000,0.000,0.028,-0.036,13.438,8.406,-0.028,5.226,191.559,359.854,0.209,56.138,"Curva 1.",5.82
277.76,131.578,0.050,-45.842,-2.908,-0.001,-13.226,1.000,1.000,0.000,0.010,-0.036,13.542,8.487,-0.042,5.252,192.358,359.852,0.208,56.165,"Curva 1.",5.84
277.78,131.522,0.050,-46.109,-3.101,-0.002,-13.290,1.000,1.000,0.000,-0.006,-0.037,13.647,8.633,-0.071,5.302,193.160,359.850,0.221,56.190,"Curva 1.",5.86
277.80,131.463,0.050,-46.378,-3.295,-0.002,-13.352,1.000,1.000,0.000,-0.024,-0.039,13.753,8.691,-0.070,5.355,193.965,359.849,0.220,56.213,"Curva 1.",5.88
277.82,131.400,0.050,-46.648,-3.493,-0.002,-13.411,1.000,1.000,0.000,-0.042,-0.039,13.859,8.806,-0.031,5.388,194.773,359.847,0.216,56.234,"Curva 1.",5.90
277.84,131.333,0.050,-46.919,-3.695,-0.002,-13.467,1.000,1.000,0.000,-0.060,-0.040,13.965,8.958,-0.063,5.406,195.585,359.845,0.225,56.252,"Curva 1.",5.92
277.86,131.262,0.050,-47.192,-3.900,-0.002,-13.520,1.000,1.000,0.000,-0.076,-0.041,14.071,9.113,-0.065,5.448,196.401,359.843,0.234,56.269,"Curva 1.",5.94
277.88,131.187,0.050,-47.465,-4.109,-0.002,-13.570,1.000,1.000,0.000,-0.093,-0.041,14.179,9.227,-0.028,5.484,197.221,359.842,0.230,56.283,"Curva 1.",5.96
277.90,131.107,0.050,-47.739,-4.322,-0.002,-13.617,1.000,1.000,0.000,-0.109,-0.041,14.286,9.411,-0.039,5.496,198.047,359.840,0.234,56.295,"Curva 1.",5.98
277.92,131.023,0.050,-48.015,-4.538,-0.002,-13.660,1.000,1.000,0.000,-0.126,-0.042,14.393,9.514,-0.062,5.536,198.878,359.839,0.241,56.305,"Curva 1.",6.00
277.94,130.935,0.049,-48.291,-4.754,-0.002,-13.701,1.000,1.000,0.000,-0.145,-0.043,14.501,9.493,-0.060,5.570,199.711,359.837,0.235,56.313,"Curva 1.",6.02
277.96,130.842,0.049,-48.569,-4.974,-0.002,-13.738,1.000,1.000,0.000,-0.165,-0.044,14.610,9.620,-0.067,5.593,200.548,359.835,0.236,56.318,"Curva 1.",6.04
277.98,130.745,0.049,-48.847,-5.196,-0.003,-13.772,1.000,1.000,0.000,-0.184,-0.045,14.718,9.724,-0.080,5.616,201.387,359.834,0.245,56.320,"Curva 1.",6.06
278.00,130.643,0.049,-49.125,-5.420,-0.003,-13.802,1.000,1.000,0.000,-0.204,-0.045,14.827,9.818,-0.065,5.647,202.229,359.832,0.247,56.321,"Curva 1.",6.08
278.02,130.537,0.049,-49.405,-5.648,-0.003,-13.828,1.000,1.000,0.000,-0.223,-0.046,14.935,9.968,-0.054,5.663,203.074,359.830,0.247,56.319,"Curva 1.",6.10
278.04,130.426,0.049,-49.685,-5.879,-0.002,-13.849,1.000,1.000,0.000,-0.242,-0.046,15.044,10.147,-0.050,5.666,203.924,359.829,0.254,56.314,"Curva 1.",6.12
278.06,130.311,0.049,-49.965,-6.114,-0.002,-13.866,1.000,1.000,0.000,-0.261,-0.047,15.152,10.288,-0.053,5.676,204.779,359.828,0.259,56.306,"Curva 1.",6.14
278.08,130.190,0.049,-50.246,-6.350,-0.002,-13.879,1.000,1.000,0.000,-0.281,-0.047,15.260,10.355,-0.049,5.706,205.639,359.826,0.257,56.297,"Curva 1.",6.16
278.10,130.065,0.049,-50.527,-6.587,-0.002,-13.889,1.000,1.000,0.000,-0.303,-0.048,15.368,10.394,-0.064,5.706,206.503,359.824,0.255,56.284,"Curva 1.",6.18
278.12,129.936,0.049,-50.808,-6.826,-0.002,-13.894,1.000,1.000,0.000,-0.326,-0.049,15.476,10.515,-0.088,5.716,207.370,359.823,0.262,56.269,"Curva 1.",6.20
278.14,129.801,0.049,-51.089,-7.067,-0.003,-13.894,1.000,1.000,0.000,-0.349,-0.049,15.584,10.578,-0.083,5.720,208.241,359.822,0.265,56.251,"Curva 1.",6.22
278.16,129.661,0.049,-51.371,-7.309,-0.003,-13.890,1.000,1.000,0.000,-0.374,-0.050,15.691,10.679,-0.071,5.726,209.116,359.821,0.264,56.230,"Curva 1.",6.24
278.18,129.517,0.049,-51.652,-7.553,-0.003,-13.881,1.000,1.000,0.000,-0.398,-0.051,15.798,10.803,-0.075,5.717,209.995,359.820,0.267,56.206,"Curva 1.",6.26
278.20,129.368,0.049,-51.933,-7.800,-0.003,-13.867,1.000,1.000,0.000,-0.423,-0.051,15.904,10.948,-0.077,5.711,210.880,359.819,0.275,56.180,"Curva 1.",6.28
278.22,129.213,0.049,-52.214,-8.048,-0.003,-13.847,1.000,1.000,0.000,-0.449,-0.051,16.010,11.072,-0.049,5.708,211.770,359.818,0.276,56.151,"Curva 1.",6.30
278.24,129.054,0.049,-52.495,-8.299,-0.002,-13.822,1.000,1.000,0.000,-0.475,-0.051,16.115,11.221,-0.046,5.700,212.666,359.816,0.277,56.118,"Curva 1.",6.32
278.26,128.889,0.049,-52.775,-8.551,-0.002,-13.792,1.000,1.000,0.000,-0.502,-0.052,16.220,11.339,-0.076,5.697,213.570,359.815,0.282,56.083,"Curva 1.",6.34
278.28,128.720,0.048,-53.054,-8.803,-0.002,-13.757,1.000,1.000,0.000,-0.532,-0.053,16.323,11.364,-0.077,5.694,214.479,359.814,0.281,56.045,"Curva 1.",6.36
278.30,128.545,0.048,-53.333,-9.056,-0.002,-13.717,1.000,1.000,0.000,-0.563,-0.053,16.427,11.470,-0.083,5.693,215.393,359.812,0.282,56.004,"Curva 1.",6.38
278.32,128.365,0.048,-53.611,-9.310,-0.003,-13.671,1.000,1.000,0.000,-0.595,-0.054,16.529,11.599,-0.101,5.683,216.314,359.811,0.289,55.960,"Curva 1.",6.40
278.34,128.181,0.048,-53.889,-9.565,-0.003,-13.620,1.000,1.000,0.000,-0.628,-0.055,16.631,11.691,-0.086,5.675,217.241,359.810,0.290,55.912,"Curva 1.",6.42
278.36,127.991,0.048,-54.165,-9.821,-0.002,-13.563,1.000,1.000,0.000,-0.663,-0.055,16.732,11.829,-0.059,5.668,218.174,359.809,0.290,55.862,"Curva 1.",6.44
278.38,127.795,0.048,-54.440,-10.078,-0.003,-13.499,1.000,1.000,0.000,-0.697,-0.055,16.832,11.998,-0.087,5.651,219.115,359.808,0.299,55.808,"Curva 1.",6.46
278.40,127.595,0.048,-54.714,-10.336,-0.002,-13.429,1.000,1.000,0.000,-0.733,-0.056,16.931,12.131,-0.072,5.641,220.065,359.807,0.302,55.752,"Curva 1.",6.48
278.42,127.389,0.048,-54.986,-10.595,-0.002,-13.353,1.000,1.000,0.000,-0.771,-0.056,17.029,12.249,-0.062,5.621,221.022,359.805,0.300,55.692,"Curva 1.",6.50
278.44,127.179,0.048,-55.257,-10.852,-0.002,-13.275,0.806,1.000,0.000,-0.814,-0.056,17.127,12.169,-0.082,5.695,221.986,359.804,0.295,55.628,"Curva 1.",6.52
278.46,126.963,0.048,-55.527,-11.101,-0.003,-13.200,0.806,1.000,0.000,-0.867,-0.058,17.225,11.683,-0.108,5.719,222.943,359.802,0.272,55.562,"Curva 1.",6.54
278.48,126.742,0.048,-55.795,-11.350,-0.004,-13.121,0.506,1.000,0.000,-0.918,-0.060,17.324,11.690,-0.169,5.768,223.893,359.801,0.281,55.493,"Curva 1.",6.56
278.50,126.516,0.048,-56.061,-11.591,-0.006,-13.049,0.506,1.000,0.000,-0.978,-0.062,17.426,11.085,-0.148,5.943,224.823,359.800,0.265,55.420,"Curva 1.",6.58
278.52,126.285,0.048,-56.327,-11.813,-0.007,-12.993,0.506,1.000,0.000,-1.051,-0.065,17.529,9.735,-0.086,6.008,225.705,359.798,0.193,55.345,"Curva 1.",6.60
278.54,126.049,0.047,-56.591,-12.043,-0.009,-12.928,0.506,1.000,0.000,-1.104,-0.067,17.634,10.294,-0.201,6.143,226.551,359.798,0.249,55.267,"Curva 1.",6.62
278.56,125.808,0.047,-56.853,-12.280,-0.010,-12.855,0.506,1.000,0.000,-1.141,-0.067,17.741,10.687,-0.125,6.220,227.366,359.797,0.307,55.185,"Curva 1.",6.64
278.58,125.563,0.047,-57.114,-12.518,-0.005,-12.778,0.506,1.000,0.000,-1.169,-0.064,17.849,10.823,0.201,6.283,228.156,359.793,0.258,55.102,"Curva 1.",6.66
278.60,125.313,0.047,-57.373,-12.744,0.000,-12.715,0.506,1.000,0.000,-1.204,-0.063,17.962,9.800,0.195,6.468,228.900,359.787,0.177,55.015,"Curva 1.",6.68
278.62,125.058,0.047,-57.631,-12.936,-0.002,-12.692,0.506,1.000,0.000,-1.263,-0.067,18.078,7.116,-0.141,6.528,229.541,359.785,0.100,54.927,"Curva 1.",6.70
278.64,124.798,0.047,-57.888,-13.139,-0.008,-12.659,0.506,1.000,0.000,-1.283,-0.071,18.200,7.767,-0.355,6.750,230.097,359.786,0.209,54.835,"Curva 1.",6.72
278.66,124.533,0.047,-58.143,-13.347,-0.011,-12.624,0.390,1.000,0.000,-1.276,-0.074,18.327,7.970,-0.211,6.900,230.577,359.786,0.249,54.741,"Curva 1.",6.74
278.68,124.265,0.046,-58.398,-13.557,-0.007,-12.589,0.390,1.000,0.000,-1.248,-0.074,18.458,7.969,0.167,7.043,230.989,359.781,0.157,54.646,"Curva 1.",6.76
278.70,123.991,0.046,-58.652,-13.772,-0.004,-12.550,0.390,1.000,0.000,-1.201,-0.074,18.594,8.238,0.067,7.226,231.352,359.775,0.165,54.548,"Curva 1.",6.78
278.72,123.713,0.046,-58.904,-13.993,-0.004,-12.510,0.390,1.000,0.000,-1.136,-0.075,18.736,8.413,-0.072,7.442,231.672,359.769,0.241,54.447,"Curva 1.",6.80
278.74,123.430,0.046,-59.155,-14.212,-0.003,-12.480,0.390,1.000,0.000,-1.067,-0.077,18.883,7.934,0.022,7.656,231.945,359.762,0.194,54.346,"Curva 1.",6.82
278.76,123.143,0.046,-59.407,-14.430,-0.001,-12.457,0.371,1.000,0.000,-0.992,-0.080,19.037,7.595,0.035,7.893,232.180,359.756,0.133,54.242,"Curva 1.",6.84
278.78,122.851,0.046,-59.656,-14.649,-0.004,-12.437,0.371,1.000,0.000,-0.910,-0.084,19.194,7.473,-0.192,8.073,232.382,359.751,0.178,54.137,"Curva 1.",6.86
278.80,122.554,0.046,-59.906,-14.864,-0.007,-12.427,0.342,1.000,0.000,-0.826,-0.089,19.356,6.923,-0.210,8.231,232.546,359.749,0.184,54.030,"Curva 1.",6.88
278.82,122.254,0.045,-60.156,-15.081,-0.007,-12.419,0.342,1.000,0.000,-0.735,-0.092,19.523,6.904,-0.093,8.421,232.684,359.746,0.150,53.922,"Curva 1.",6.90
278.84,121.948,0.045,-60.404,-15.310,-0.008,-12.403,0.293,1.000,0.000,-0.632,-0.095,19.693,7.541,-0.087,8.622,232.826,359.741,0.186,53.812,"Curva 1.",6.92
278.86,121.638,0.045,-60.653,-15.542,-0.008,-12.386,0.293,1.000,0.000,-0.533,-0.097,19.866,7.684,-0.058,8.711,232.982,359.737,0.213,53.701,"Curva 1.",6.94
278.88,121.323,0.045,-60.902,-15.780,-0.005,-12.363,0.293,1.000,0.000,-0.437,-0.098,20.041,8.065,0.053,8.876,233.171,359.732,0.199,53.590,"Curva 1.",6.96
278.90,121.004,0.045,-61.151,-16.015,-0.003,-12.349,0.293,1.000,0.000,-0.363,-0.099,20.219,7.564,0.035,8.993,233.392,359.726,0.161,53.477,"Curva 1.",6.98
278.92,120.681,0.045,-61.399,-16.246,-0.004,-12.341,0.293,1.000,0.000,-0.305,-0.103,20.399,7.177,-0.114,9.087,233.636,359.721,0.162,53.364,"Curva 1.",7.00
278.94,120.352,0.045,-61.648,-16.474,-0.006,-12.339,0.293,1.000,0.000,-0.260,-0.106,20.581,6.774,-0.173,9.144,233.889,359.720,0.169,53.250,"Curva 1.",7.02
278.96,120.020,0.044,-61.896,-16.697,-0.008,-12.343,0.293,1.000,0.000,-0.224,-0.109,20.763,6.351,-0.138,9.156,234.143,359.719,0.146,53.135,"Curva 1.",7.04
278.98,119.683,0.044,-62.145,-16.917,-0.009,-12.350,0.274,1.000,0.000,-0.192,-0.111,20.944,6.138,-0.112,9.123,234.393,359.719,0.134,53.020,"Curva 1.",7.06
279.00,119.341,0.044,-62.394,-17.134,-0.010,-12.356,0.274,1.000,0.000,-0.160,-0.113,21.124,6.029,-0.102,9.047,234.636,359.720,0.149,52.904,"Curva 1.",7.08
279.02,118.996,0.044,-62.643,-17.347,-0.009,-12.365,0.090,1.000,0.000,-0.130,-0.113,21.302,5.778,-0.037,8.943,234.868,359.720,0.141,52.789,"Curva 1.",7.10
279.04,118.646,0.044,-62.892,-17.554,-0.008,-12.376,0.090,1.000,0.000,-0.103,-0.113,21.477,5.457,0.025,8.798,235.089,359.720,0.117,52.673,"Curva 1.",7.12
279.06,118.292,0.044,-63.141,-17.754,-0.007,-12.389,0.090,1.000,0.000,-0.078,-0.112,21.649,5.174,-0.007,8.610,235.299,359.720,0.116,52.558,"Curva 1.",7.14
279.08,117.934,0.043,-63.391,-17.949,-0.006,-12.402,0.090,1.000,0.000,-0.054,-0.112,21.816,4.965,-0.027,8.393,235.499,359.722,0.123,52.443,"Curva 1.",7.16
279.10,117.572,0.043,-63.641,-18.136,-0.006,-12.417,0.090,1.000,0.000,-0.035,-0.111,21.979,4.646,-0.022,8.149,235.691,359.725,0.108,6.623,,7.18
279.12,117.207,0.043,-63.891,-18.316,-0.006,-12.433,0.041,1.000,0.000,-0.019,-0.111,22.136,4.420,-0.048,7.889,235.880,359.727,0.096,6.669,,7.20
279.14,116.838,0.043,-64.141,-18.481,-0.006,-12.460,0.041,1.000,0.000,-0.015,-0.111,22.289,3.487,-0.049,7.627,236.052,359.730,0.064,6.743,,7.22
279.16,116.466,0.043,-64.393,-18.626,-0.007,-12.509,0.012,1.000,0.000,-0.024,-0.111,22.436,1.996,-0.069,7.381,236.178,359.733,0.006,6.845,,7.24
279.18,116.091,0.043,-64.644,-18.767,-0.008,-12.555,0.012,1.000,0.000,-0.019,-0.112,22.580,2.001,-0.070,7.164,236.267,359.736,0.046,6.974,,7.26
279.20,115.713,0.043,-64.897,-18.898,-0.008,-12.610,0.099,1.000,0.000,-0.013,-0.111,22.719,1.341,-0.029,6.962,236.320,359.738,0.046,7.130,,7.28
279.22,115.333,0.043,-65.151,-19.019,-0.007,-12.672,0.099,1.000,0.000,-0.010,-0.111,22.854,0.774,0.007,6.755,236.350,359.739,359.991,7.311,,7.30
279.24,114.951,0.043,-65.405,-19.135,-0.006,-12.735,0.099,1.000,0.000,-0.004,-0.110,22.985,0.569,0.012,6.553,236.365,359.740,-0.005,7.517,,7.32
279.26,114.566,0.042,-65.661,-19.247,-0.005,-12.797,0.099,1.000,0.000,0.003,-0.110,23.113,0.530,0.013,6.382,236.372,359.741,0.033,7.745,,7.34
279.28,114.179,0.042,-65.919,-19.352,-0.004,-12.863,0.099,1.000,0.000,0.005,-0.109,23.237,0.155,0.003,6.235,236.377,359.741,0.003,7.996,,7.36
279.30,113.790,0.042,-66.177,-19.455,-0.004,-12.930,0.206,1.000,0.000,0.003,-0.110,23.360,0.057,-0.009,6.110,236.383,359.741,359.977,8.266,,7.38
279.32,113.398,0.042,-66.437,-19.562,-0.004,-12.986,0.206,1.000,0.000,0.010,-0.110,23.480,0.668,-0.040,6.004,236.399,359.741,0.036,8.554,,7.40
279.34,113.005,0.042,-66.698,-19.674,-0.004,-13.031,0.409,1.000,0.000,0.018,-0.111,23.598,1.171,-0.034,5.914,236.436,359.741,0.066,8.860,,7.42
279.36,112.610,0.042,-66.960,-19.786,-0.004,-13.073,0.409,1.000,0.000,0.019,-0.112,23.715,1.360,-0.029,5.839,236.500,359.741,0.025,9.181,,7.44
279.38,112.212,0.042,-67.222,-19.909,-0.005,-13.096,0.409,1.000,0.000,0.026,-0.113,23.830,2.455,-0.042,5.771,236.601,359.739,0.068,9.516,,7.46
279.40,111.812,0.042,-67.485,-20.034,-0.005,-13.114,0.409,1.000,0.000,0.029,-0.114,23.945,2.651,-0.038,5.722,236.722,359.739,0.095,9.863,,7.48
279.42,111.409,0.042,-67.749,-20.157,-0.005,-13.135,0.419,1.000,0.000,0.024,-0.115,24.059,2.464,-0.010,5.702,236.853,359.737,0.046,10.223,,7.50
279.44,111.004,0.042,-68.013,-20.291,-0.005,-13.135,0.419,1.000,0.000,0.032,-0.116,24.171,3.648,-0.034,5.634,237.006,359.735,0.096,10.593,,7.52
279.46,110.596,0.041,-68.276,-20.442,-0.005,-13.107,0.419,1.000,0.000,0.055,-0.117,24.283,5.265,-0.043,5.574,237.202,359.734,0.199,10.972,,7.54
279.48,110.185,0.041,-68.540,-20.587,-0.003,-13.086,0.419,1.000,0.000,0.054,-0.117,24.393,4.818,0.035,5.538,237.432,359.733,0.115,11.361,,7.56
279.50,109.772,0.041,-68.803,-20.732,-0.002,-13.060,0.400,1.000,0.000,0.047,-0.117,24.502,4.991,0.015,5.445,237.682,359.731,0.068,11.758,,7.58
279.52,109.355,0.041,-69.065,-20.886,-0.004,-13.019,0.400,1.000,0.000,0.054,-0.119,24.610,5.811,-0.118,5.407,237.937,359.731,0.180,12.162,,7.60
279.54,108.936,0.041,-69.326,-21.037,-0.005,-12.982,0.400,1.000,0.000,0.057,-0.121,24.720,5.573,-0.099,5.476,238.190,359.730,0.173,12.573,,7.62
279.56,108.513,0.041,-69.587,-21.184,-0.004,-12.950,0.332,1.000,0.000,0.051,-0.122,24.828,5.187,0.025,5.417,238.446,359.728,0.075,12.991,,7.64
279.58,108.088,0.041,-69.847,-21.335,-0.005,-12.908,0.332,1.000,0.000,0.054,-0.124,24.935,5.689,-0.110,5.353,238.699,359.727,0.129,13.415,,7.66
279.60,107.659,0.041,-70.106,-21.486,-0.006,-12.868,0.332,1.000,0.000,0.060,-0.127,25.044,5.655,-0.104,5.455,238.945,359.725,0.184,13.844,,7.68
279.62,107.228,0.041,-70.365,-21.632,-0.005,-12.836,0.235,1.000,0.000,0.056,-0.127,25.154,5.073,0.023,5.453,239.188,359.723,0.103,14.280,,7.70
279.64,106.793,0.041,-70.623,-21.776,-0.005,-12.806,0.235,1.000,0.000,0.051,-0.128,25.262,4.945,-0.014,5.419,239.423,359.721,0.076,14.720,,7.72
279.66,106.356,0.040,-70.880,-21.919,-0.006,-12.778,0.235,1.000,0.000,0.053,-0.130,25.371,4.861,-0.083,5.471,239.640,359.720,0.138,15.165,,7.74
279.68,105.915,0.040,-71.137,-22.060,-0.006,-12.754,0.187,1.000,0.000,0.054,-0.131,25.481,4.552,-0.045,5.505,239.844,359.718,0.128,15.616,,7.76
279.70,105.472,0.040,-71.393,-22.193,-0.005,-12.743,0.187,1.000,0.000,0.046,-0.132,25.591,3.797,0.016,5.461,240.033,359.716,0.049,16.071,,7.78
279.72,105.027,0.040,-71.649,-22.321,-0.005,-12.739,0.187,1.000,0.000,0.040,-0.133,25.700,3.348,-0.043,5.447,240.197,359.715,0.052,16.531,,7.80
279.74,104.578,0.040,-71.905,-22.451,-0.006,-12.731,0.187,1.000,0.000,0.046,-0.135,25.809,3.558,-0.072,5.470,240.341,359.715,0.121,16.995,,7.82
279.76,104.127,0.040,-72.161,-22.576,-0.006,-12.731,0.187,1.000,0.000,0.046,-0.135,25.918,3.081,-0.026,5.419,240.478,359.714,0.079,17.463,,7.84
279.78,103.674,0.040,-72.417,-22.694,-0.005,-12.737,0.187,1.000,0.000,0.038,-0.135,26.024,2.650,0.013,5.333,240.612,359.713,0.019,17.936,,7.86
279.80,103.218,0.040,-72.672,-22.813,-0.005,-12.742,0.187,1.000,0.000,0.037,-0.136,26.130,2.698,-0.041,5.301,240.734,359.712,0.066,18.413,,7.88
279.82,102.760,0.040,-72.928,-22.932,-0.005,-12.747,0.187,1.000,0.000,0.039,-0.137,26.236,2.679,-0.032,5.280,240.846,359.712,0.097,18.893,,7.90
279.84,102.300,0.039,-73.184,-23.044,-0.005,-12.758,0.187,1.000,0.000,0.034,-0.138,26.340,2.261,-0.003,5.197,240.956,359.711,0.035,19.378,,7.92
279.86,101.837,0.039,-73.440,-23.158,-0.004,-12.764,0.187,1.000,0.000,0.032,-0.138,26.443,2.457,-0.016,5.137,241.067,359.710,0.038,19.866,,7.94
279.88,101.372,0.039,-73.696,-23.274,-0.005,-12.765,0.187,1.000,0.000,0.037,-0.139,26.545,2.774,-0.039,5.106,241.177,359.710,0.097,20.358,,7.96
279.90,100.905,0.039,-73.952,-23.386,-0.005,-12.771,0.187,1.000,0.000,0.034,-0.140,26.646,2.437,-0.022,5.052,241.288,359.709,0.064,20.853,,7.98
279.92,100.435,0.039,-74.209,-23.497,-0.004,-12.777,0.187,1.000,0.000,0.029,-0.141,26.746,2.360,-0.015,4.990,241.400,359.708,0.026,21.352,,8.00
279.94,99.963,0.039,-74.465,-23.611,-0.005,-12.775,0.187,1.000,0.000,0.033,-0.142,26.845,2.807,-0.050,4.962,241.512,359.707,0.081,21.853,,8.02
279.96,99.489,0.039,-74.721,-23.723,-0.005,-12.774,0.187,1.000,0.000,0.036,-0.144,26.944,2.719,-0.045,4.937,241.623,359.706,0.090,22.358,,8.04
279.98,99.013,0.039,-74.978,-23.832,-0.004,-12.778,0.187,1.000,0.000,0.031,-0.144,27.041,2.396,0.000,4.882,241.735,359.704,0.034,22.866,,8.06
280.00,98.535,0.039,-75.234,-23.943,-0.004,-12.776,0.187,1.000,0.000,0.032,-0.145,27.138,2.718,-0.024,4.850,241.849,359.704,0.056,23.377,,8.08
280.02,98.054,0.039,-75.490,-24.056,-0.005,-12.770,0.187,1.000,0.000,0.037,-0.146,27.235,2.913,-0.050,4.840,241.961,359.703,0.101,23.891,,8.10
280.04,97.571,0.038,-75.747,-24.164,-0.005,-12.771,0.187,1.000,0.000,0.034,-0.147,27.331,2.510,-0.017,4.795,242.073,359.701,0.053,24.408,,8.12
280.06,97.086,0.038,-76.003,-24.272,-0.004,-12.770,0.187,1.000,0.000,0.030,-0.148,27.426,2.526,-0.010,4.748,242.186,359.700,0.033,24.927,,8.14
280.08,96.599,0.038,-76.259,-24.383,-0.005,-12.763,0.187,1.000,0.000,0.036,-0.149,27.521,2.916,-0.047,4.735,242.296,359.699,0.092,25.449,,8.16
280.10,96.110,0.038,-76.515,-24.491,-0.005,-12.759,0.187,1.000,0.000,0.036,-0.150,27.615,2.665,-0.030,4.708,242.406,359.698,0.080,25.974,,8.18
280.12,95.618,0.038,-76.772,-24.596,-0.004,-12.759,0.187,1.000,0.000,0.031,-0.151,27.708,2.428,-0.009,4.654,242.517,359.697,0.029,26.501,,8.20
280.14,95.125,0.038,-77.027,-24.704,-0.005,-12.751,0.187,1.000,0.000,0.034,-0.152,27.800,2.829,-0.039,4.624,242.629,359.696,0.069,27.031,,8.22
280.16,94.629,0.038,-77.283,-24.812,-0.005,-12.743,0.187,1.000,0.000,0.038,-0.153,27.893,2.866,-0.036,4.607,242.739,359.695,0.098,27.563,,8.24
280.18,94.131,0.038,-77.539,-24.916,-0.004,-12.741,0.187,1.000,0.000,0.033,-0.154,27.984,2.455,-0.010,4.557,242.849,359.694,0.042,28.098,,8.26
280.20,93.631,0.038,-77.794,-25.020,-0.004,-12.734,0.187,1.000,0.000,0.032,-0.155,28.074,2.660,-0.020,4.515,242.961,359.693,0.045,28.635,,8.28
280.22,93.129,0.038,-78.049,-25.128,-0.005,-12.722,0.187,1.000,0.000,0.038,-0.156,28.164,2.969,-0.049,4.500,243.070,359.692,0.100,29.174,,8.30
280.24,92.625,0.037,-78.305,-25.231,-0.005,-12.716,0.187,1.000,0.000,0.036,-0.157,28.253,2.611,-0.021,4.463,243.180,359.691,0.067,29.716,,8.32
280.26,92.119,0.037,-78.560,-25.332,-0.004,-12.710,0.187,1.000,0.000,0.032,-0.157,28.342,2.522,-0.006,4.410,243.291,359.691,0.031,30.260,,8.34
280.28,91.610,0.037,-78.814,-25.437,-0.004,-12.697,0.187,1.000,0.000,0.036,-0.158,28.429,2.961,-0.039,4.387,243.401,359.690,0.084,30.807,,8.36
280.30,91.100,0.037,-79.069,-25.541,-0.005,-12.685,0.187,1.000,0.000,0.039,-0.160,28.517,2.845,-0.038,4.364,243.511,359.689,0.092,31.355,,8.38
280.32,90.587,0.037,-79.324,-25.640,-0.004,-12.678,0.187,1.000,0.000,0.033,-0.160,28.603,2.504,-0.004,4.309,243.623,359.688,0.034,31.906,,8.40
280.34,90.073,0.037,-79.578,-25.742,-0.004,-12.665,0.187,1.000,0.000,0.034,-0.161,28.688,2.833,-0.036,4.274,243.734,359.687,0.060,32.458,,8.42
280.36,89.556,0.037,-79.831,-25.845,-0.005,-12.649,0.187,1.000,0.000,0.039,-0.162,28.774,2.992,-0.045,4.259,243.843,359.686,0.102,33.013,,8.44
280.38,89.038,0.037,-80.085,-25.943,-0.004,-12.640,0.187,1.000,0.000,0.036,-0.163,28.858,2.576,-0.001,4.217,243.953,359.685,0.053,33.570,,8.46
280.40,88.518,0.037,-80.339,-26.041,-0.004,-12.628,0.187,1.000,0.000,0.033,-0.164,28.941,2.652,-0.011,4.171,244.064,359.684,0.038,34.129,,8.48
280.42,87.995,0.037,-80.591,-26.143,-0.004,-12.610,0.187,1.000,0.000,0.039,-0.165,29.024,3.038,-0.045,4.151,244.173,359.683,0.096,34.689,,8.50
280.44,87.471,0.037,-80.844,-26.241,-0.004,-12.596,0.187,1.000,0.000,0.039,-0.166,29.107,2.760,-0.028,4.124,244.281,359.682,0.079,35.252,,8.52
280.46,86.945,0.036,-81.097,-26.336,-0.004,-12.586,0.177,1.000,0.000,0.033,-0.166,29.188,2.525,-0.015,4.080,244.392,359.681,0.030,35.817,,8.54
280.48,86.416,0.036,-81.349,-26.434,-0.004,-12.567,0.177,1.000,0.000,0.037,-0.167,29.269,2.951,-0.035,4.037,244.501,359.681,0.074,36.383,,8.56
280.50,85.886,0.036,-81.601,-26.533,-0.004,-12.548,0.196,1.000,0.000,0.041,-0.168,29.350,2.964,-0.034,4.021,244.609,359.680,0.100,36.952,,8.58
280.52,85.354,0.036,-81.853,-26.626,-0.004,-12.537,0.196,1.000,0.000,0.035,-0.169,29.430,2.474,-0.008,3.991,244.717,359.679,0.038,37.522,,8.60
280.54,84.820,0.036,-82.104,-26.720,-0.004,-12.523,0.196,1.000,0.000,0.033,-0.170,29.508,2.628,-0.026,3.942,244.823,359.678,0.041,38.094,,8.62
280.56,84.284,0.036,-82.354,-26.816,-0.004,-12.503,0.196,1.000,0.000,0.040,-0.171,29.587,2.978,-0.039,3.916,244.925,359.677,0.104,38.668,,8.64
280.58,83.746,0.036,-82.605,-26.908,-0.004,-12.490,0.409,1.000,0.000,0.038,-0.172,29.665,2.541,-0.018,3.898,245.027,359.676,0.064,39.244,,8.66
280.60,83.207,0.036,-82.856,-26.999,-0.004,-12.476,0.409,1.000,0.000,0.034,-0.172,29.742,2.526,-0.005,3.857,245.134,359.675,0.029,39.821,,8.68
280.62,82.665,0.036,-83.105,-27.095,-0.004,-12.450,0.409,1.000,0.000,0.040,-0.173,29.818,3.220,-0.032,3.805,245.245,359.675,0.099,40.400,,8.70
280.64,82.121,0.036,-83.355,-27.189,-0.004,-12.426,0.409,1.000,0.000,0.042,-0.174,29.894,3.037,-0.033,3.789,245.359,359.674,0.098,40.981,,8.72
280.66,81.576,0.036,-83.604,-27.280,-0.003,-12.409,0.409,1.000,0.000,0.034,-0.175,29.969,2.671,0.007,3.759,245.476,359.673,0.030,41.564,,8.74
280.68,81.029,0.035,-83.852,-27.374,-0.004,-12.381,0.409,1.000,0.000,0.037,-0.176,30.043,3.199,-0.040,3.699,245.592,359.672,0.073,42.148,,8.76
280.70,80.480,0.035,-84.100,-27.469,-0.004,-12.350,0.467,1.000,0.000,0.045,-0.177,30.116,3.364,-0.046,3.677,245.705,359.672,0.118,42.734,,8.78
280.72,79.929,0.035,-84.347,-27.568,-0.004,-12.307,0.467,1.000,0.000,0.051,-0.177,30.189,3.992,-0.014,3.639,245.846,359.671,0.109,43.321,,8.80
280.74,79.376,0.035,-84.593,-27.680,-0.003,-12.227,0.467,1.000,0.000,0.063,-0.178,30.260,5.928,-0.003,3.518,246.047,359.670,0.173,43.910,,8.82
280.76,78.821,0.035,-84.838,-27.793,-0.002,-12.142,0.555,1.000,0.000,0.060,-0.178,30.329,6.151,-0.004,3.455,246.287,359.669,0.172,44.500,,8.84
280.78,78.264,0.035,-85.081,-27.908,-0.001,-12.048,0.555,1.000,0.000,0.056,-0.178,30.397,6.582,0.018,3.415,246.543,359.668,0.144,45.091,,8.86
280.80,77.704,0.035,-85.321,-28.030,-0.002,-11.933,0.555,1.000,0.000,0.070,-0.179,30.464,7.732,-0.071,3.330,246.808,359.668,0.205,45.683,,8.88
280.82,77.142,0.035,-85.560,-28.151,-0.002,-11.816,0.555,1.000,0.000,0.083,-0.180,30.529,7.721,-0.068,3.291,247.073,359.667,0.209,46.277,,8.90
280.84,76.578,0.035,-85.797,-28.267,-0.002,-11.708,0.555,1.000,0.000,0.086,-0.181,30.595,7.230,-0.022,3.260,247.340,359.666,0.141,46.871,,8.92
280.86,76.011,0.035,-86.030,-28.386,-0.003,-11.586,0.555,1.000,0.000,0.097,-0.183,30.658,7.906,-0.118,3.180,247.614,359.665,0.188,47.466,,8.94
280.88,75.442,0.035,-86.261,-28.510,-0.005,-11.450,0.555,1.000,0.000,0.112,-0.185,30.722,8.600,-0.120,3.199,247.908,359.665,0.260,48.063,,8.96
280.90,74.870,0.035,-86.491,-28.628,-0.003,-11.328,0.555,1.000,0.000,0.103,-0.185,30.787,7.904,0.022,3.235,248.220,359.663,0.174,48.660,,8.98
280.92,74.296,0.035,-86.717,-28.748,-0.003,-11.198,0.526,1.000,0.000,0.096,-0.185,30.851,8.218,-0.017,3.174,248.539,359.662,0.157,49.258,,9.00
280.94,73.720,0.035,-86.940,-28.871,-0.004,-11.051,0.526,1.000,0.000,0.108,-0.187,30.913,9.061,-0.117,3.120,248.853,359.661,0.262,49.857,,9.02
280.96,73.141,0.035,-87.161,-28.991,-0.004,-10.915,0.526,1.000,0.000,0.112,-0.188,30.977,8.525,-0.035,3.185,249.162,359.660,0.223,50.457,,9.04
280.98,72.560,0.034,-87.380,-29.106,-0.002,-10.785,0.526,1.000,0.000,0.106,-0.187,31.039,8.102,0.054,3.113,249.472,359.658,0.136,51.058,,9.06
281.00,71.976,0.034,-87.595,-29.225,-0.003,-10.640,0.526,1.000,0.000,0.116,-0.189,31.101,8.842,-0.123,3.055,249.780,359.658,0.222,51.659,,9.08
281.02,71.390,0.034,-87.807,-29.343,-0.004,-10.497,0.526,1.000,0.000,0.124,-0.191,31.163,8.706,-0.121,3.129,250.086,359.658,0.257,52.261,,9.10
281.04,70.802,0.034,-88.018,-29.454,-0.003,-10.370,0.516,1.000,0.000,0.112,-0.190,31.225,7.875,0.040,3.082,250.397,359.657,0.146,52.865,,9.12
281.06,70.212,0.034,-88.225,-29.565,-0.003,-10.234,0.516,1.000,0.000,0.109,-0.191,31.286,8.261,-0.057,3.011,250.706,359.656,0.167,53.469,,9.14
281.08,69.619,0.034,-88.428,-29.678,-0.005,-10.092,0.516,1.000,0.000,0.118,-0.193,31.346,8.541,-0.134,3.010,251.002,359.656,0.254,54.073,,9.16
281.10,69.024,0.034,-88.630,-29.785,-0.004,-9.964,0.516,1.000,0.000,0.115,-0.193,31.406,7.776,-0.006,3.008,251.292,359.655,0.182,54.679,,9.18
281.12,68.427,0.034,-88.830,-29.889,-0.003,-9.838,0.516,1.000,0.000,0.109,-0.193,31.465,7.605,0.029,2.938,251.582,359.654,0.129,55.286,,9.20
281.14,67.828,0.034,-89.026,-29.996,-0.004,-9.699,0.516,1.000,0.000,0.117,-0.194,31.524,8.268,-0.104,2.919,251.867,359.654,0.226,55.893,,9.22
281.16,67.227,0.034,-89.219,-30.100,-0.004,-9.567,0.516,1.000,0.000,0.119,-0.196,31.583,7.896,-0.069,2.953,252.151,359.654,0.223,56.501,,9.24
281.18,66.624,0.034,-89.411,-30.200,-0.002,-9.445,0.516,1.000,0.000,0.106,-0.195,31.641,7.304,0.061,2.902,252.439,359.652,0.124,57.110,,9.26
281.20,66.018,0.034,-89.599,-30.301,-0.003,-9.308,0.516,1.000,0.000,0.109,-0.196,31.698,8.049,-0.076,2.825,252.726,359.652,0.186,57.719,,9.28
281.22,65.411,0.034,-89.785,-30.404,-0.004,-9.165,0.516,1.000,0.000,0.119,-0.197,31.755,8.327,-0.104,2.824,253.009,359.652,0.256,58.329,,9.30
281.24,64.802,0.033,-89.968,-30.501,-0.003,-9.038,0.516,1.000,0.000,0.110,-0.197,31.811,7.469,0.034,2.799,253.294,359.651,0.153,58.941,,9.32
281.26,64.190,0.033,-90.149,-30.596,-0.002,-8.905,0.516,1.000,0.000,0.106,-0.197,31.865,7.747,-0.016,2.713,253.580,359.650,0.141,59.553,,9.34
281.28,63.577,0.033,-90.326,-30.695,-0.004,-8.756,0.516,1.000,0.000,0.119,-0.199,31.919,8.527,-0.135,2.661,253.864,359.651,0.255,60.165,,9.36
281.30,62.962,0.033,-90.501,-30.790,-0.003,-8.621,0.496,1.000,0.000,0.117,-0.199,31.973,7.813,-0.023,2.703,254.147,359.650,0.202,60.778,,9.38
281.32,62.345,0.033,-90.674,-30.881,-0.002,-8.491,0.496,1.000,0.000,0.106,-0.198,32.026,7.441,0.045,2.649,254.435,359.649,0.115,61.392,,9.40
281.34,61.726,0.033,-90.842,-30.975,-0.003,-8.343,0.496,1.000,0.000,0.115,-0.200,32.078,8.417,-0.114,2.571,254.720,359.649,0.221,62.006,,9.42
281.36,61.105,0.033,-91.008,-31.068,-0.004,-8.196,0.496,1.000,0.000,0.122,-0.202,32.130,8.267,-0.100,2.605,255.001,359.649,0.250,62.621,,9.44
281.38,60.483,0.033,-91.173,-31.155,-0.002,-8.067,0.496,1.000,0.000,0.110,-0.201,32.182,7.363,0.073,2.588,255.287,359.647,0.124,63.237,,9.46
281.40,59.859,0.033,-91.333,-31.244,-0.003,-7.923,0.496,1.000,0.000,0.111,-0.202,32.232,8.090,-0.068,2.506,255.573,359.647,0.168,63.853,,9.48
281.42,59.233,0.033,-91.490,-31.334,-0.004,-7.767,0.487,1.000,0.000,0.124,-0.204,32.282,8.650,-0.122,2.476,255.856,359.647,0.275,64.470,,9.50
281.44,58.605,0.033,-91.646,-31.419,-0.003,-7.634,0.487,1.000,0.000,0.115,-0.203,32.333,7.473,0.020,2.531,256.138,359.646,0.161,65.088,,9.52
281.46,57.976,0.033,-91.799,-31.502,-0.002,-7.503,0.487,1.000,0.000,0.105,-0.203,32.382,7.344,0.021,2.462,256.417,359.645,0.105,65.706,,9.54
281.48,57.344,0.033,-91.947,-31.587,-0.004,-7.349,0.496,1.000,0.000,0.121,-0.205,32.430,8.476,-0.144,2.368,256.687,359.645,0.255,66.324,,9.56
281.50,56.711,0.033,-92.094,-31.669,-0.004,-7.211,0.496,1.000,0.000,0.123,-0.206,32.479,7.653,-0.068,2.467,256.954,359.645,0.219,66.944,,9.58
281.52,56.077,0.033,-92.239,-31.747,-0.002,-7.091,0.496,1.000,0.000,0.105,-0.204,32.528,6.714,0.094,2.440,257.224,359.643,0.076,67.564,,9.60
281.54,55.441,0.033,-92.379,-31.827,-0.003,-6.945,0.526,1.000,0.000,0.112,-0.206,32.575,7.995,-0.111,2.342,257.492,359.643,0.198,68.184,,9.62
281.56,54.803,0.032,-92.517,-31.908,-0.004,-6.795,0.526,1.000,0.000,0.125,-0.208,32.623,8.186,-0.123,2.362,257.757,359.643,0.281,68.804,,9.64
281.58,54.164,0.032,-92.654,-31.983,-0.002,-6.670,0.603,1.000,0.000,0.107,-0.206,32.670,6.873,0.107,2.374,258.030,359.641,0.109,69.426,,9.66
281.60,53.524,0.032,-92.786,-32.059,-0.002,-6.526,0.603,1.000,0.000,0.104,-0.207,32.716,7.809,-0.032,2.266,258.310,359.641,0.136,70.048,,9.68
281.62,52.881,0.032,-92.915,-32.138,-0.003,-6.355,0.622,1.000,0.000,0.126,-0.209,32.759,9.181,-0.141,2.172,258.591,359.642,0.319,70.670,,9.70
281.64,52.237,0.032,-93.042,-32.214,-0.002,-6.202,0.622,1.000,0.000,0.122,-0.208,32.804,8.240,0.012,2.244,258.888,359.642,0.209,71.293,,9.72
281.66,51.592,0.032,-93.166,-32.287,0.001,-6.039,0.622,1.000,0.000,0.109,-0.206,32.846,8.694,0.100,2.098,259.214,359.640,0.127,2.106,"Curva 2.",9.74
281.68,50.945,0.032,-93.285,-32.364,-0.001,-5.842,0.622,1.000,0.000,0.125,-0.208,32.886,10.359,-0.165,1.976,259.547,359.641,0.304,2.280,"Curva 2.",9.76
281.70,50.297,0.032,-93.401,-32.440,-0.003,-5.655,0.622,1.000,0.000,0.134,-0.210,32.928,9.906,-0.122,2.093,259.877,359.641,0.297,2.614,"Curva 2.",9.78
281.72,49.648,0.032,-93.514,-32.509,0.001,-5.487,0.622,1.000,0.000,0.120,-0.208,32.968,8.851,0.129,1.990,260.210,359.639,0.120,3.057,"Curva 2.",9.80
281.74,48.996,0.032,-93.622,-32.579,-0.002,-5.292,0.622,1.000,0.000,0.134,-0.210,33.005,10.189,-0.178,1.860,260.539,359.639,0.233,3.569,"Curva 2.",9.82
281.76,48.344,0.032,-93.726,-32.651,-0.005,-5.090,0.622,1.000,0.000,0.156,-0.213,33.044,10.553,-0.217,1.910,260.866,359.640,0.351,4.125,"Curva 2.",9.84
281.78,47.690,0.032,-93.829,-32.718,-0.002,-4.923,0.700,1.000,0.000,0.138,-0.211,33.085,8.779,0.106,2.033,261.204,359.638,0.156,4.710,"Curva 2.",9.86
281.80,47.035,0.032,-93.926,-32.784,-0.002,-4.743,0.700,1.000,0.000,0.127,-0.212,33.124,9.385,-0.043,1.937,261.548,359.637,0.147,5.314,"Curva 2.",9.88
281.82,46.378,0.032,-94.019,-32.851,-0.004,-4.533,0.700,1.000,0.000,0.149,-0.215,33.161,10.860,-0.202,1.852,261.884,359.637,0.360,5.932,"Curva 2.",9.90
281.84,45.720,0.032,-94.109,-32.917,-0.004,-4.351,0.768,1.000,0.000,0.145,-0.215,33.202,9.469,-0.012,2.045,262.219,359.636,0.247,6.559,"Curva 2.",9.92
281.86,45.061,0.032,-94.197,-32.979,0.000,-4.171,0.768,1.000,0.000,0.129,-0.212,33.241,9.289,0.165,1.900,262.568,359.634,0.114,7.195,"Curva 2.",9.94
281.88,44.400,0.032,-94.277,-33.042,-0.002,-3.942,0.884,1.000,0.000,0.152,-0.215,33.275,11.775,-0.197,1.724,262.933,359.635,0.346,7.836,"Curva 2.",9.96
281.90,43.739,0.032,-94.354,-33.107,-0.003,-3.716,0.884,1.000,0.000,0.163,-0.216,33.313,11.581,-0.149,1.896,263.313,359.636,0.377,8.482,"Curva 2.",9.98
281.92,43.076,0.032,-94.430,-33.165,0.003,-3.509,0.884,1.000,0.000,0.138,-0.211,33.349,10.634,0.267,1.771,263.723,359.633,0.156,9.132,"Curva 2.",10.00
281.94,42.412,0.032,-94.498,-33.221,0.001,-3.264,0.903,1.000,0.000,0.143,-0.214,33.380,12.444,-0.176,1.548,264.141,359.633,0.272,9.786,"Curva 2.",10.02
281.96,41.747,0.032,-94.560,-33.277,-0.003,-2.990,0.903,1.000,0.000,0.177,-0.217,33.410,13.890,-0.308,1.469,264.558,359.636,0.471,10.441,"Curva 2.",10.04
281.98,41.080,0.032,-94.620,-33.331,0.001,-2.740,0.903,1.000,0.000,0.172,-0.213,33.442,12.690,0.119,1.588,265.004,359.634,0.283,11.099,"Curva 2.",10.06
282.00,40.413,0.032,-94.674,-33.379,0.003,-2.484,0.903,1.000,0.000,0.157,-0.212,33.470,12.956,0.070,1.381,265.473,359.632,0.196,11.759,"Curva 2.",10.08
282.02,39.745,0.032,-94.720,-33.424,-0.002,-2.187,0.893,1.000,0.000,0.183,-0.217,33.494,14.960,-0.395,1.204,265.940,359.634,0.448,12.421,"Curva 2.",10.10
282.04,39.076,0.032,-94.763,-33.472,-0.004,-1.911,0.893,1.000,0.000,0.190,-0.219,33.525,13.935,-0.209,1.544,266.405,359.634,0.400,13.084,"Curva 2.",10.12
282.06,38.406,0.032,-94.801,-33.515,0.002,-1.658,0.893,1.000,0.000,0.169,-0.215,33.555,12.764,0.273,1.462,266.879,359.629,0.173,13.748,"Curva 2.",10.14
282.08,37.735,0.032,-94.832,-33.553,-0.002,-1.366,0.893,1.000,0.000,0.184,-0.220,33.580,14.646,-0.336,1.234,267.351,359.630,0.353,14.414,"Curva 2.",10.16
282.10,37.063,0.032,-94.856,-33.594,-0.006,-1.073,0.893,1.000,0.000,0.206,-0.224,33.610,14.739,-0.335,1.476,267.816,359.631,0.479,15.080,"Curva 2.",10.18
282.12,36.391,0.031,-94.879,-33.635,0.000,-0.825,0.893,1.000,0.000,0.180,-0.220,33.644,12.467,0.261,1.657,268.287,359.627,0.209,15.748,"Curva 2.",10.20
282.14,35.717,0.031,-94.894,-33.670,-0.001,-0.554,0.893,1.000,0.000,0.175,-0.221,33.673,13.587,-0.099,1.449,268.759,359.626,0.236,16.416,"Curva 2.",10.22
282.16,35.044,0.031,-94.901,-33.701,-0.006,-0.251,0.893,1.000,0.000,0.205,-0.226,33.700,15.164,-0.385,1.348,269.222,359.628,0.501,17.085,"Curva 2.",10.24
282.18,34.369,0.031,-94.906,-33.736,-0.003,0.010,0.903,1.000,0.000,0.193,-0.224,33.735,13.067,0.049,1.722,269.688,359.627,0.316,17.755,"Curva 2.",10.26
282.20,33.694,0.031,-94.906,-33.766,0.003,0.264,0.913,1.000,0.000,0.168,-0.220,33.766,12.670,0.228,1.508,270.162,359.624,0.151,18.426,"Curva 2.",10.28
282.22,33.018,0.031,-94.897,-33.786,-0.003,0.566,0.913,1.000,0.000,0.194,-0.224,33.790,15.109,-0.388,1.191,270.628,359.627,0.439,19.097,"Curva 2.",10.30
282.24,32.342,0.031,-94.884,-33.813,-0.005,0.850,0.961,1.000,0.000,0.206,-0.226,33.823,14.166,-0.252,1.608,271.089,359.628,0.445,19.769,"Curva 2.",10.32
282.26,31.665,0.031,-94.868,-33.837,0.003,1.096,0.961,1.000,0.000,0.173,-0.219,33.854,12.273,0.402,1.526,271.562,359.624,0.145,20.442,"Curva 2.",10.34
282.28,30.988,0.031,-94.843,-33.851,-0.001,1.389,0.961,1.000,0.000,0.183,-0.224,33.878,14.588,-0.322,1.205,272.039,359.625,0.323,21.114,"Curva 2.",10.36
282.30,30.310,0.031,-94.812,-33.863,-0.006,1.698,0.981,1.000,0.000,0.212,-0.228,33.904,15.386,-0.402,1.293,272.508,359.628,0.536,21.787,"Curva 2.",10.38
282.32,29.632,0.031,-94.779,-33.880,0.001,1.957,0.990,1.000,0.000,0.186,-0.223,33.935,12.905,0.275,1.505,272.991,359.625,0.237,22.461,"Curva 2.",10.40
282.34,28.954,0.031,-94.738,-33.886,0.002,2.241,0.990,1.000,0.000,0.174,-0.222,33.958,14.162,0.011,1.160,273.489,359.623,0.215,23.135,"Curva 2.",10.42
282.36,28.277,0.031,-94.689,-33.881,-0.004,2.570,0.990,1.000,0.000,0.209,-0.227,33.977,16.449,-0.457,0.932,273.983,359.627,0.545,23.809,"Curva 2.",10.44
282.38,27.599,0.031,-94.637,-33.887,-0.003,2.862,0.990,1.000,0.000,0.204,-0.226,34.006,14.490,-0.054,1.427,274.481,359.627,0.387,24.483,"Curva 2.",10.46
282.40,26.920,0.031,-94.580,-33.886,0.006,3.138,0.990,1.000,0.000,0.175,-0.219,34.030,13.776,0.380,1.145,274.996,359.622,0.153,25.158,"Curva 2.",10.48
282.42,26.243,0.031,-94.513,-33.869,-0.001,3.470,1.000,1.000,0.000,0.201,-0.226,34.045,16.581,-0.487,0.764,275.508,359.625,0.456,25.832,"Curva 2.",10.50
282.44,25.565,0.031,-94.441,-33.861,-0.006,3.791,1.000,1.000,0.000,0.221,-0.230,34.071,16.009,-0.401,1.250,276.013,359.627,0.527,26.506,"Curva 2.",10.52
282.46,24.887,0.031,-94.367,-33.857,0.004,4.061,1.000,1.000,0.000,0.184,-0.222,34.099,13.456,0.478,1.380,276.530,359.621,0.167,27.181,"Curva 2.",10.54
282.48,24.210,0.031,-94.283,-33.840,0.000,4.374,1.000,1.000,0.000,0.187,-0.228,34.120,15.611,-0.328,1.062,277.049,359.620,0.306,27.856,"Curva 2.",10.56
282.50,23.533,0.031,-94.191,-33.817,-0.007,4.714,1.000,1.000,0.000,0.223,-0.235,34.143,16.994,-0.530,1.090,277.557,359.622,0.599,28.530,"Curva 2.",10.58
282.52,22.856,0.031,-94.098,-33.810,-0.001,4.995,0.990,1.000,0.000,0.198,-0.230,34.175,13.962,0.227,1.598,278.070,359.618,0.282,29.205,"Curva 2.",10.60
282.54,22.180,0.031,-93.997,-33.790,0.003,5.284,0.990,1.000,0.000,0.174,-0.228,34.200,14.444,0.148,1.219,278.594,359.615,0.169,29.880,"Curva 2.",10.62
282.56,21.505,0.031,-93.886,-33.752,-0.005,5.630,0.990,1.000,0.000,0.214,-0.234,34.217,17.407,-0.545,0.831,279.108,359.620,0.567,30.554,"Curva 2.",10.64
282.58,20.829,0.031,-93.773,-33.730,-0.006,5.938,0.932,1.000,0.000,0.217,-0.234,34.248,15.353,-0.204,1.513,279.618,359.622,0.455,31.229,"Curva 2.",10.66
282.60,20.154,0.031,-93.655,-33.706,0.007,6.208,0.932,1.000,0.000,0.176,-0.223,34.272,13.512,0.596,1.203,280.142,359.616,0.106,31.904,"Curva 2.",10.68
282.62,19.480,0.031,-93.527,-33.658,-0.002,6.539,0.932,1.000,0.000,0.199,-0.230,34.287,16.706,-0.542,0.704,280.659,359.621,0.423,32.578,"Curva 2.",10.70
282.64,18.807,0.031,-93.393,-33.616,-0.008,6.872,0.864,1.000,0.000,0.231,-0.235,34.310,16.740,-0.518,1.136,281.164,359.625,0.602,33.252,"Curva 2.",10.72
282.66,18.134,0.031,-93.257,-33.593,0.004,7.132,0.777,1.000,0.000,0.184,-0.226,34.341,12.967,0.576,1.520,281.679,359.617,0.149,33.927,"Curva 2.",10.74
282.68,17.462,0.031,-93.113,-33.552,0.000,7.423,0.777,1.000,0.000,0.173,-0.231,34.362,14.649,-0.252,1.064,282.186,359.615,0.208,34.601,"Curva 2.",10.76
282.70,16.792,0.031,-92.959,-33.494,-0.008,7.762,0.700,1.000,0.000,0.224,-0.239,34.380,17.147,-0.590,0.863,282.669,359.620,0.642,35.274,"Curva 2.",10.78
282.72,16.121,0.030,-92.805,-33.470,-0.005,8.016,0.642,1.000,0.000,0.199,-0.236,34.415,12.669,0.078,1.718,283.137,359.617,0.280,35.949,"Curva 2.",10.80
282.74,15.451,0.030,-92.646,-33.445,0.003,8.232,0.642,1.000,0.000,0.150,-0.230,34.442,10.761,0.363,1.308,283.579,359.613,359.963,36.623,"Curva 2.",10.82
282.76,14.783,0.030,-92.475,-33.386,-0.007,8.529,0.642,1.000,0.000,0.207,-0.238,34.456,15.113,-0.631,0.731,283.983,359.620,0.508,37.296,"Curva 2.",10.84
282.78,14.115,0.030,-92.303,-33.353,-0.014,8.785,0.264,1.000,0.000,0.226,-0.241,34.489,12.831,-0.448,1.604,284.377,359.625,0.501,37.970,"Curva 2.",10.86
282.80,13.447,0.030,-92.131,-33.345,0.005,8.943,0.264,1.000,0.000,0.133,-0.226,34.523,7.715,0.949,1.641,284.794,359.616,359.865,38.645,"Curva 2.",10.88
282.82,12.780,0.030,-91.949,-33.305,-0.006,9.170,0.264,1.000,0.000,0.133,-0.235,34.543,11.492,-0.588,1.002,285.171,359.620,0.202,39.319,"Curva 2.",10.90
282.84,12.115,0.030,-91.760,-33.255,-0.010,9.440,0.264,1.000,0.000,0.206,-0.239,34.567,13.683,-0.376,1.198,285.502,359.625,0.685,39.992,"Curva 2.",10.92
282.86,11.448,0.030,-91.575,-33.251,0.001,9.582,0.000,1.000,0.000,0.135,-0.229,34.603,6.857,0.526,1.750,285.851,359.619,0.001,40.668,"Curva 2.",10.94
282.88,10.782,0.030,-91.385,-33.240,-0.001,9.714,0.000,1.000,0.000,0.076,-0.231,34.629,6.493,-0.062,1.325,286.165,359.618,359.803,41.344,"Curva 2.",10.96
282.90,10.119,0.030,-91.185,-33.207,-0.003,9.878,0.000,1.000,0.000,0.144,-0.232,34.644,8.321,-0.167,0.746,286.325,359.623,0.425,42.018,"Curva 2.",10.98
282.92,9.454,0.030,-90.988,-33.223,-0.010,9.955,0.313,1.000,0.000,0.155,-0.237,34.681,3.470,-0.382,1.834,286.423,359.626,0.193,42.695,"Curva 2.",11.00
282.94,8.787,0.030,-90.794,-33.266,-0.001,9.925,0.313,1.000,0.000,0.070,-0.230,34.714,-2.031,0.430,1.649,286.501,359.620,359.545,43.373,"Curva 2.",11.02
282.96,8.122,0.029,-90.593,-33.289,-0.006,9.936,0.535,1.000,0.000,0.075,-0.236,34.739,0.181,-0.297,1.239,286.495,359.621,359.980,44.051,"Curva 2.",11.04
282.98,7.457,0.029,-90.390,-33.298,-0.002,10.008,0.700,1.000,0.000,0.138,-0.234,34.768,3.357,0.183,1.464,286.499,359.619,0.496,44.729,"Curva 2.",11.06
283.00,6.789,0.029,-90.194,-33.324,0.000,10.013,0.700,1.000,0.000,0.040,-0.231,34.795,-0.171,0.071,1.329,286.658,359.620,359.895,45.410,"Curva 2.",11.08
283.02,6.122,0.029,-89.995,-33.332,-0.002,10.077,0.806,1.000,0.000,-0.047,-0.232,34.822,2.972,-0.081,1.325,286.900,359.623,359.813,46.092,"Curva 2.",11.10
283.04,5.457,0.029,-89.785,-33.272,0.002,10.324,0.864,1.000,0.000,0.052,-0.228,34.836,12.705,0.024,0.757,287.149,359.624,0.717,46.771,"Curva 2.",11.12
283.06,4.792,0.029,-89.578,-33.222,-0.008,10.551,0.864,1.000,0.000,0.075,-0.233,34.856,11.570,-0.587,1.002,287.493,359.631,0.498,47.453,"Curva 2.",11.14
283.08,4.126,0.030,-89.372,-33.176,0.022,10.725,0.893,1.000,0.000,-0.004,-0.208,34.866,8.959,1.531,0.504,287.923,359.621,359.775,48.135,"Curva 2.",11.16
283.10,3.465,0.030,-89.150,-33.059,0.005,11.057,0.893,1.000,0.000,0.091,-0.221,34.858,17.606,-1.000,-0.335,288.340,359.630,0.508,48.814,"Curva 2.",11.18
283.12,2.806,0.030,-88.922,-32.941,-0.010,11.415,0.893,1.000,0.000,0.216,-0.232,34.862,18.835,-1.079,0.204,288.752,359.641,0.918,49.492,"Curva 2.",11.20
283.14,2.144,0.030,-88.701,-32.895,0.021,11.579,0.893,1.000,0.000,0.099,-0.207,34.872,8.479,1.611,0.489,289.231,359.625,359.799,50.172,"Curva 2.",11.22
283.16,1.487,0.030,-88.467,-32.789,-0.006,11.859,0.893,1.000,0.000,0.094,-0.229,34.867,14.940,-1.367,-0.247,289.729,359.633,0.076,50.850,"Curva 2.",11.24
283.18,0.836,0.030,-88.219,-32.638,-0.013,12.247,0.893,1.000,0.000,0.226,-0.236,34.858,20.822,-0.769,-0.417,290.190,359.640,1.103,51.525,"Curva 2.",11.26
283.20,0.180,0.030,-87.981,-32.608,-0.009,12.404,0.855,1.000,0.000,0.103,-0.234,34.887,7.901,0.171,1.397,290.658,359.632,0.025,52.203,"Curva 2.",11.28
283.22,-0.473,0.029,-87.734,-32.522,-0.005,12.646,0.855,1.000,0.000,0.051,-0.230,34.893,12.803,0.259,0.341,291.166,359.630,359.778,52.880,"Curva 2.",11.30
283.24,-1.118,0.029,-87.469,-32.343,-0.003,13.054,0.690,1.000,0.000,0.199,-0.230,34.877,22.250,-0.328,-0.773,291.644,359.634,1.069,53.552,"Curva 2.",11.32
283.26,-1.767,0.029,-87.212,-32.300,-0.019,13.262,0.690,1.000,0.000,0.150,-0.242,34.916,10.478,-0.852,1.912,292.075,359.636,0.366,54.227,"Curva 2.",11.34
283.28,-2.416,0.029,-86.951,-32.241,0.021,13.443,0.448,1.000,0.000,0.043,-0.211,34.930,9.465,2.046,0.726,292.566,359.620,359.567,54.903,"Curva 2.",11.36
283.30,-3.056,0.030,-86.672,-32.073,0.006,13.811,0.448,1.000,0.000,0.160,-0.224,34.919,20.189,-1.023,-0.523,293.030,359.626,0.770,55.574,"Curva 2.",11.38
283.32,-3.697,0.029,-86.394,-32.000,-0.021,14.058,0.032,1.000,0.000,0.185,-0.245,34.951,12.782,-1.500,1.581,293.409,359.638,0.707,56.246,"Curva 2.",11.40
283.34,-4.342,0.030,-86.122,-31.994,0.027,14.139,0.000,1.000,0.000,0.044,-0.209,34.978,3.786,2.414,1.359,293.774,359.613,359.432,56.921,"Curva 2.",11.42
283.36,-4.979,0.029,-85.833,-31.913,-0.011,14.347,0.000,1.000,0.000,0.097,-0.241,34.988,11.150,-1.930,0.502,294.047,359.624,0.138,57.592,"Curva 2.",11.44
283.38,-5.614,0.029,-85.538,-31.828,-0.015,14.591,0.000,1.000,0.000,0.215,-0.245,35.012,12.853,-0.389,1.171,294.269,359.630,0.983,58.263,"Curva 2.",11.46
283.40,-6.256,0.029,-85.256,-31.879,0.001,14.567,0.000,1.000,0.000,0.057,-0.233,35.049,-2.142,0.726,1.816,294.467,359.618,359.548,58.939,"Curva 2.",11.48
283.42,-6.895,0.029,-84.967,-31.921,-0.027,14.549,0.000,1.000,0.000,-0.022,-0.254,35.080,-1.685,-1.416,1.546,294.544,359.629,359.309,59.614,"Curva 2.",11.50
283.44,-7.528,0.029,-84.664,-31.863,0.011,14.707,0.000,1.000,0.000,0.176,-0.224,35.092,8.436,1.787,0.631,294.484,359.621,0.889,60.286,"Curva 2.",11.52
283.46,-8.169,0.028,-84.375,-31.933,-0.027,14.636,0.000,1.000,0.000,0.116,-0.249,35.126,-4.671,-1.922,1.680,294.435,359.639,0.063,60.963,"Curva 2.",11.54
283.48,-8.812,0.028,-84.092,-32.012,-0.001,14.500,0.000,1.000,0.000,-0.048,-0.223,35.142,-7.851,1.157,0.791,294.454,359.640,358.963,61.643,"Curva 2.",11.56
283.50,-9.448,0.029,-83.791,-31.975,0.009,14.603,0.000,1.000,0.000,0.053,-0.214,35.151,5.425,0.432,0.468,294.456,359.637,0.466,62.319,"Curva 2.",11.58
283.52,-10.087,0.028,-83.497,-31.987,-0.013,14.627,0.000,1.000,0.000,0.078,-0.230,35.172,0.864,-1.087,1.045,294.442,359.648,0.680,62.997,"Curva 2.",11.60
283.54,-10.733,0.029,-83.218,-32.068,0.027,14.454,0.000,1.000,0.000,-0.132,-0.200,35.174,-9.616,1.825,0.123,294.482,359.633,359.047,63.681,"Curva 2.",11.62
283.56,-11.371,0.029,-82.922,-32.057,-0.016,14.534,0.000,1.000,0.000,-0.057,-0.235,35.197,3.887,-2.163,1.112,294.481,359.645,359.929,64.360,"Curva 2.",11.64
283.58,-12.008,0.029,-82.622,-32.012,0.005,14.656,-0.109,1.000,0.000,0.112,-0.218,35.206,6.536,0.943,0.486,294.412,359.641,1.023,65.039,"Curva 2.",11.66
283.60,-12.654,0.029,-82.341,-32.080,0.008,14.519,-0.109,1.000,0.000,-0.027,-0.217,35.212,-7.656,0.066,0.287,294.398,359.635,359.446,65.724,"Curva 2.",11.68
283.62,-13.297,0.028,-82.052,-32.117,-0.024,14.488,-0.303,1.000,0.000,-0.086,-0.242,35.233,-2.163,-1.635,1.035,294.425,359.648,359.295,66.408,"Curva 2.",11.70
283.64,-13.934,0.029,-81.749,-32.050,0.022,14.644,-0.303,1.000,0.000,0.101,-0.207,35.236,8.505,2.183,0.180,294.386,359.631,0.975,67.089,"Curva 2.",11.72
283.66,-14.578,0.028,-81.464,-32.118,-0.022,14.544,-0.409,1.000,0.000,0.015,-0.242,35.257,-5.960,-2.217,1.029,294.338,359.643,359.989,67.775,"Curva 2.",11.74
283.68,-15.225,0.028,-81.183,-32.213,-0.002,14.352,-0.429,1.000,0.000,-0.149,-0.226,35.265,-10.718,0.752,0.380,294.264,359.642,358.778,68.463,"Curva 2.",11.76
283.70,-15.864,0.028,-80.884,-32.194,0.012,14.408,-0.429,1.000,0.000,0.029,-0.212,35.270,2.953,0.691,0.277,294.060,359.636,0.445,69.146,"Curva 2.",11.78
283.72,-16.508,0.028,-80.593,-32.232,-0.015,14.357,-0.438,1.000,0.000,0.110,-0.231,35.284,-3.089,-1.325,0.686,293.828,359.652,0.639,69.833,"Curva 2.",11.80
283.74,-17.159,0.029,-80.323,-32.373,0.023,14.020,-0.419,1.000,0.000,-0.144,-0.203,35.278,-18.305,1.463,-0.263,293.657,359.640,358.671,70.524,"Curva 2.",11.82
283.76,-17.804,0.028,-80.036,-32.419,-0.033,13.980,-0.419,1.000,0.000,-0.071,-0.245,35.304,-2.749,-2.814,1.269,293.444,359.656,359.765,71.213,"Curva 2.",11.84
283.78,-18.448,0.028,-79.746,-32.417,0.015,13.993,-0.419,1.000,0.000,0.098,-0.206,35.307,0.659,2.411,0.181,293.182,359.645,1.083,71.901,"Curva 2.",11.86
283.80,-19.104,0.028,-79.483,-32.550,0.007,13.638,-0.351,1.000,0.000,-0.117,-0.213,35.291,-18.882,-0.712,-0.790,292.930,359.645,359.044,72.595,"Curva 2.",11.88
283.82,-19.755,0.028,-79.212,-32.635,-0.053,13.486,-0.351,1.000,0.000,-0.153,-0.255,35.310,-8.640,-3.145,0.973,292.707,359.675,359.048,73.288,"Curva 2.",11.90
283.84,-20.402,0.028,-78.926,-32.612,0.047,13.541,-0.313,1.000,0.000,0.068,-0.177,35.311,3.110,4.908,0.026,292.433,359.640,1.091,73.979,"Curva 2.",11.92
283.86,-21.058,0.028,-78.666,-32.706,-0.019,13.302,-0.274,1.000,0.000,-0.025,-0.229,35.307,-12.874,-3.299,-0.188,292.173,359.658,359.835,74.674,"Curva 2.",11.94
283.88,-21.717,0.028,-78.411,-32.818,-0.006,13.033,-0.274,1.000,0.000,-0.163,-0.220,35.310,-14.565,0.266,0.185,291.932,359.659,358.545,75.371,"Curva 2.",11.96
283.90,-22.367,0.028,-78.135,-32.809,0.029,13.093,-0.206,1.000,0.000,0.048,-0.197,35.324,2.998,1.706,0.698,291.675,359.634,0.625,76.064,"Curva 2.",11.98
283.92,-23.024,0.028,-77.873,-32.862,-0.025,12.993,-0.206,1.000,0.000,0.086,-0.239,35.336,-5.662,-2.630,0.625,291.429,359.654,0.643,76.761,"Curva 2.",12.00
283.94,-23.688,0.028,-77.631,-32.991,0.027,12.647,-0.206,1.000,0.000,-0.190,-0.202,35.331,-18.546,2.096,-0.256,291.290,359.638,358.526,77.461,"Curva 2.",12.02
283.96,-24.345,0.028,-77.368,-33.025,-0.035,12.664,-0.196,1.000,0.000,-0.097,-0.250,35.369,0.181,-3.069,1.877,291.137,359.652,359.927,78.158,"Curva 2.",12.04
283.98,-25.002,0.028,-77.105,-33.021,0.004,12.706,-0.206,1.000,0.000,0.064,-0.217,35.381,2.095,1.861,0.594,290.935,359.646,1.222,78.856,"Curva 2.",12.06
284.00,-25.669,0.028,-76.868,-33.126,0.015,12.414,-0.206,1.000,0.000,-0.149,-0.210,35.375,-15.510,0.302,-0.288,290.791,359.639,359.048,79.558,"Curva 2.",12.08
284.02,-26.331,0.027,-76.619,-33.175,-0.051,12.368,-0.206,1.000,0.000,-0.164,-0.257,35.404,-3.004,-3.332,1.461,290.717,359.669,359.216,80.259,"Curva 2.",12.10
284.04,-26.989,0.028,-76.356,-33.129,0.040,12.498,-0.206,1.000,0.000,0.054,-0.183,35.407,7.020,4.411,0.132,290.576,359.640,1.227,80.958,"Curva 2.",12.12
284.06,-27.656,0.028,-76.117,-33.198,-0.014,12.333,-0.206,1.000,0.000,-0.033,-0.229,35.414,-8.916,-2.745,0.358,290.435,359.653,359.852,81.661,"Curva 2.",12.14
284.08,-28.323,0.028,-75.879,-33.264,0.001,12.174,-0.206,1.000,0.000,-0.143,-0.217,35.421,-8.650,0.551,0.339,290.340,359.654,358.718,82.364,"Curva 2.",12.16
284.10,-28.983,0.028,-75.620,-33.220,0.032,12.308,-0.206,1.000,0.000,0.080,-0.195,35.426,7.092,1.483,0.236,290.197,359.634,0.751,83.064,"Curva 2.",12.18
284.12,-29.648,0.028,-75.375,-33.271,-0.026,12.237,-0.206,1.000,0.000,0.093,-0.241,35.449,-4.252,-2.902,1.160,290.040,359.654,0.543,83.767,"Curva 2.",12.20
284.14,-30.320,0.028,-75.147,-33.379,0.026,11.934,-0.206,1.000,0.000,-0.166,-0.204,35.447,-16.121,2.218,-0.060,289.951,359.635,358.565,84.472,"Curva 2.",12.22
284.16,-30.984,0.028,-74.898,-33.394,-0.023,11.977,-0.216,1.000,0.000,-0.064,-0.244,35.476,1.742,-2.475,1.431,289.833,359.644,0.056,85.175,"Curva 2.",12.24
284.18,-31.649,0.028,-74.650,-33.389,-0.004,12.020,-0.216,1.000,0.000,0.081,-0.225,35.486,2.146,0.931,0.509,289.662,359.644,1.157,85.879,"Curva 2.",12.26
284.20,-32.323,0.028,-74.427,-33.485,0.018,11.720,-0.216,1.000,0.000,-0.145,-0.209,35.476,-15.754,0.811,-0.520,289.531,359.637,358.955,86.586,"Curva 2.",12.28
284.22,-32.992,0.027,-74.190,-33.522,-0.053,11.698,-0.264,1.000,0.000,-0.129,-0.260,35.504,-1.641,-3.614,1.387,289.450,359.669,359.357,87.291,"Curva 2.",12.30
284.24,-33.658,0.028,-73.942,-33.486,0.033,11.803,-0.264,1.000,0.000,0.075,-0.189,35.505,5.656,4.187,0.048,289.289,359.645,1.202,87.995,"Curva 2.",12.32
284.26,-34.332,0.028,-73.718,-33.559,-0.006,11.601,-0.264,1.000,0.000,-0.037,-0.223,35.507,-10.725,-2.018,0.125,289.132,359.651,359.678,88.702,"Curva 2.",12.34
284.28,-35.006,0.028,-73.494,-33.629,-0.008,11.429,-0.264,1.000,0.000,-0.141,-0.225,35.517,-9.287,-0.272,0.520,289.005,359.655,358.756,89.410,"Curva 2.",12.36
284.30,-35.673,0.028,-73.249,-33.592,0.041,11.547,-0.264,1.000,0.000,0.091,-0.191,35.521,6.237,2.355,0.180,288.819,359.628,0.829,90.115,"Curva 2.",12.38
284.32,-36.346,0.028,-73.021,-33.652,-0.025,11.432,-0.264,1.000,0.000,0.073,-0.244,35.540,-6.432,-3.274,0.971,288.643,359.649,0.392,90.823,"Curva 2.",12.40
284.34,-37.025,0.028,-72.809,-33.757,0.021,11.118,-0.264,1.000,0.000,-0.179,-0.211,35.540,-16.633,1.857,-0.021,288.526,359.635,358.517,91.532,"Curva 2.",12.42
284.36,-37.697,0.028,-72.575,-33.767,-0.014,11.161,-0.264,1.000,0.000,-0.046,-0.238,35.563,1.890,-1.762,1.163,288.363,359.640,0.180,92.239,"Curva 2.",12.44
284.38,-38.369,0.028,-72.344,-33.769,-0.012,11.186,-0.332,1.000,0.000,0.098,-0.232,35.572,1.142,0.111,0.465,288.163,359.648,1.113,92.947,"Curva 2.",12.46
284.40,-39.051,0.028,-72.140,-33.865,0.021,10.844,-0.332,1.000,0.000,-0.156,-0.207,35.558,-17.746,1.283,-0.678,288.014,359.638,358.784,93.658,"Curva 2.",12.48
284.42,-39.727,0.027,-71.918,-33.901,-0.062,10.832,-0.380,1.000,0.000,-0.100,-0.266,35.588,-1.111,-4.177,1.461,287.885,359.673,359.465,94.367,"Curva 2.",12.50
284.44,-40.401,0.027,-71.687,-33.871,0.027,10.921,-0.380,1.000,0.000,0.115,-0.193,35.588,4.810,4.347,-0.016,287.679,359.650,1.273,95.076,"Curva 2.",12.52
284.46,-41.083,0.027,-71.484,-33.959,-0.001,10.619,-0.400,1.000,0.000,-0.059,-0.217,35.580,-15.691,-1.581,-0.347,287.465,359.653,359.365,95.786,"Curva 2.",12.54
284.48,-41.764,0.027,-71.278,-34.038,-0.029,10.406,-0.390,1.000,0.000,-0.149,-0.238,35.592,-11.327,-1.659,0.572,287.248,359.669,358.686,96.497,"Curva 2.",12.56
284.50,-42.440,0.028,-71.052,-34.008,0.061,10.496,-0.390,1.000,0.000,0.105,-0.171,35.591,4.798,4.400,-0.060,286.977,359.629,1.011,97.206,"Curva 2.",12.58
284.52,-43.122,0.028,-70.850,-34.080,-0.025,10.275,-0.390,1.000,0.000,0.031,-0.238,35.594,-11.626,-4.261,0.216,286.726,359.657,0.173,97.917,"Curva 2.",12.60
284.54,-43.809,0.028,-70.661,-34.183,0.014,9.915,-0.390,1.000,0.000,-0.200,-0.210,35.591,-18.763,1.393,-0.140,286.506,359.649,358.327,98.629,"Curva 2.",12.62
284.56,-44.488,0.028,-70.447,-34.191,0.004,9.949,-0.390,1.000,0.000,-0.013,-0.219,35.608,1.521,-0.507,0.822,286.243,359.642,0.369,99.339,"Curva 2.",12.64
284.58,-45.170,0.028,-70.243,-34.215,-0.021,9.903,-0.400,1.000,0.000,0.102,-0.236,35.618,-2.547,-1.184,0.521,285.971,359.657,1.036,100.051,"Curva 2.",12.66
284.60,-45.861,0.028,-70.067,-34.320,0.029,9.472,-0.400,1.000,0.000,-0.207,-0.201,35.602,-22.257,1.872,-0.785,285.770,359.639,358.457,100.763,"Curva 2.",12.68
284.62,-46.546,0.027,-69.870,-34.368,-0.074,9.443,-0.467,1.000,0.000,-0.119,-0.277,35.640,-1.959,-5.144,1.899,285.559,359.675,359.574,101.475,"Curva 2.",12.70
284.64,-47.229,0.027,-69.666,-34.356,0.023,9.500,-0.506,1.000,0.000,0.096,-0.196,35.645,2.990,4.748,0.210,285.294,359.653,1.425,102.187,"Curva 2.",12.72
284.66,-47.922,0.027,-69.497,-34.451,0.005,9.105,-0.506,1.000,0.000,-0.147,-0.214,35.633,-20.262,-1.224,-0.557,285.047,359.652,359.050,102.900,"Curva 2.",12.74
284.68,-48.612,0.026,-69.319,-34.513,-0.057,8.908,-0.506,1.000,0.000,-0.206,-0.255,35.642,-10.276,-3.317,0.464,284.813,359.688,358.697,103.612,"Curva 2.",12.76
284.70,-49.297,0.028,-69.120,-34.481,0.076,9.009,-0.448,1.000,0.000,0.083,-0.149,35.638,5.480,6.521,-0.251,284.504,359.642,1.275,104.325,"Curva 2.",12.78
284.72,-49.989,0.027,-68.951,-34.538,-0.025,8.734,-0.448,1.000,0.000,0.005,-0.227,35.624,-14.059,-5.052,-0.639,284.184,359.675,359.993,105.037,"Curva 2.",12.80
284.74,-50.684,0.028,-68.793,-34.631,0.010,8.345,-0.448,1.000,0.000,-0.179,-0.203,35.621,-20.043,1.083,-0.096,283.846,359.667,358.102,105.749,"Curva 2.",12.82
284.76,-51.373,0.029,-68.610,-34.637,0.120,8.361,-0.448,1.000,0.000,0.059,-0.169,35.631,0.707,5.496,0.484,283.475,359.535,0.035,106.463,"Curva 2.",12.84
284.78,-52.065,0.030,-68.437,-34.678,0.073,8.235,-0.448,1.000,0.000,0.151,-0.244,35.641,-6.643,-2.267,0.576,283.109,359.495,0.936,107.176,"Curva 2.",12.86
284.80,-52.764,0.030,-68.295,-34.811,0.019,7.750,-0.496,1.000,0.000,-0.219,-0.289,35.661,-25.023,-3.293,1.019,282.914,359.514,358.611,107.888,"Curva 2.",12.88
284.82,-53.458,0.030,-68.136,-34.772,-0.029,7.706,-0.496,1.000,0.000,-0.127,-0.317,35.614,-1.679,-2.430,-2.382,282.709,359.541,359.025,108.600,"Curva 2.",12.90
284.84,-54.150,0.031,-67.963,-34.774,0.043,7.777,-0.729,1.000,0.000,0.113,-0.256,35.632,3.515,3.544,0.908,282.414,359.523,1.423,109.313,"Curva 2.",12.92
284.86,-54.849,0.030,-67.819,-34.854,-0.007,7.448,-1.000,1.000,0.000,-0.047,-0.319,35.640,-16.909,-2.435,0.413,282.135,359.497,0.243,110.026,"Curva 2.",12.94
284.88,-55.547,0.030,-67.684,-34.840,-0.030,7.235,-1.000,1.000,0.000,-0.114,-0.322,35.582,-10.275,-1.421,-2.906,281.929,359.536,358.457,110.736,"Curva 2.",12.96
284.90,-56.242,0.030,-67.528,-34.875,-0.006,7.260,-1.000,1.000,0.000,0.092,-0.310,35.621,0.867,1.209,1.971,281.612,359.510,359.776,111.449,"Curva 2.",12.98
284.92,-56.936,0.030,-67.375,-34.801,-0.021,7.153,-1.000,1.000,0.000,0.154,-0.290,35.527,-4.508,-0.669,-4.671,281.358,359.570,0.947,112.159,"Curva 2.",13.00
284.94,-57.636,0.029,-67.254,-34.920,-0.061,6.669,-1.000,1.000,0.000,-0.200,-0.289,35.549,-24.851,-2.497,1.119,281.144,359.639,358.808,112.868,"Curva 2.",13.02
284.96,-58.333,0.027,-67.117,-34.930,-0.139,6.570,-1.000,1.000,0.000,-0.173,-0.303,35.541,-4.921,-3.979,-0.466,280.935,359.739,359.377,113.577,"Curva 2.",13.04
284.98,-59.030,0.027,-66.975,-34.960,-0.019,6.464,-1.000,1.000,0.000,-0.001,-0.188,35.552,-5.373,6.066,0.580,280.474,359.728,0.823,114.288,"Curva 2.",13.06
285.00,-59.732,0.026,-66.859,-35.037,-0.001,6.025,-1.000,1.000,0.000,-0.071,-0.193,35.551,-22.294,0.635,0.016,279.876,359.692,359.251,114.997,"Curva 2.",13.08
285.02,-60.435,0.026,-66.747,-35.138,0.008,5.555,-1.000,1.000,0.000,-0.144,-0.219,35.573,-24.029,-0.232,1.208,279.224,359.641,358.466,115.706,"Curva 2.",13.10
285.04,-61.136,0.028,-66.621,-35.180,0.115,5.375,-1.000,1.000,0.000,0.110,-0.160,35.588,-9.159,5.452,0.815,278.507,359.559,0.498,116.417,"Curva 2.",13.12
285.06,-61.840,0.029,-66.521,-35.219,0.046,4.903,-1.000,1.000,0.000,0.051,-0.214,35.558,-23.635,-3.503,-1.350,277.843,359.581,359.896,117.125,"Curva 2.",13.14
285.08,-62.546,0.030,-66.441,-35.279,0.022,4.295,-1.000,1.000,0.000,-0.226,-0.224,35.538,-30.489,-2.123,-0.868,277.316,359.615,358.252,117.830,"Curva 2.",13.16
285.10,-63.252,0.031,-66.344,-35.334,0.092,4.151,-1.000,1.000,0.000,-0.052,-0.203,35.576,-7.496,3.482,1.886,276.785,359.524,359.753,118.538,"Curva 2.",13.18
285.12,-63.958,0.031,-66.255,-35.363,0.045,3.908,-1.000,1.000,0.000,0.037,-0.262,35.578,-12.259,-2.239,0.127,276.241,359.507,0.649,119.246,"Curva 2.",13.20
285.14,-64.667,0.031,-66.196,-35.416,-0.042,3.357,-0.971,1.000,0.000,-0.220,-0.322,35.573,-27.575,-4.928,-0.187,275.780,359.556,358.751,119.949,"Curva 2.",13.22
285.16,-65.373,0.029,-66.125,-35.415,-0.154,3.196,-0.632,1.000,0.000,-0.164,-0.357,35.557,-7.933,-5.671,-0.842,275.426,359.674,359.483,120.653,"Curva 2.",13.24
285.18,-66.081,0.028,-66.051,-35.433,-0.067,3.068,-0.477,1.000,0.000,-0.012,-0.252,35.565,-6.408,4.407,0.384,274.962,359.703,0.832,121.358,"Curva 2.",13.26
285.20,-66.790,0.027,-66.005,-35.460,-0.057,2.610,-0.477,1.000,0.000,-0.135,-0.241,35.555,-22.935,0.188,-0.423,274.433,359.707,359.149,122.059,"Curva 2.",13.28
285.22,-67.501,0.026,-65.959,-35.515,-0.046,2.210,-0.477,1.000,0.000,-0.162,-0.246,35.583,-20.173,0.056,1.408,273.830,359.684,358.638,122.761,"Curva 2.",13.30
285.24,-68.211,0.027,-65.900,-35.543,0.089,2.034,-0.467,1.000,0.000,0.080,-0.159,35.600,-8.782,6.839,0.928,273.145,359.601,0.559,123.466,"Curva 2.",13.32
285.26,-68.922,0.028,-65.866,-35.545,0.051,1.622,-0.516,1.000,0.000,0.037,-0.199,35.582,-20.576,-1.918,-0.792,272.554,359.597,359.915,124.166,"Curva 2.",13.34
285.28,-69.633,0.029,-65.848,-35.565,0.048,1.167,-0.671,1.000,0.000,-0.208,-0.205,35.583,-22.763,-0.734,0.111,272.222,359.601,358.585,124.863,"Curva 2.",13.36
285.30,-70.345,0.029,-65.813,-35.606,0.037,1.118,-0.671,1.000,0.000,-0.100,-0.214,35.623,-2.512,-0.537,1.944,271.958,359.596,0.322,125.564,"Curva 2.",13.38
285.32,-71.057,0.029,-65.788,-35.633,-0.020,1.017,-0.903,1.000,0.000,-0.044,-0.254,35.646,-5.122,-2.785,1.175,271.702,359.622,0.703,126.264,"Curva 2.",13.40
285.34,-71.770,0.029,-65.786,-35.637,-0.011,0.635,-0.903,1.000,0.000,-0.261,-0.249,35.641,-19.109,-0.016,-0.273,271.450,359.627,358.699,126.959,"Curva 2.",13.42
285.36,-72.483,0.028,-65.765,-35.678,-0.084,0.566,-1.000,1.000,0.000,-0.127,-0.296,35.682,-3.488,-3.652,1.987,271.115,359.660,359.664,127.659,"Curva 2.",13.44
285.38,-73.197,0.027,-65.743,-35.682,-0.015,0.521,-1.000,1.000,0.000,0.087,-0.234,35.685,-2.183,3.479,0.160,270.690,359.651,0.980,128.360,"Curva 2.",13.46
285.40,-73.910,0.027,-65.752,-35.660,-0.010,0.031,-1.000,1.000,0.000,-0.106,-0.230,35.659,-24.497,-0.229,-1.199,270.227,359.651,358.897,129.054,"Curva 2.",13.48
285.42,-74.623,0.026,-65.755,-35.671,-0.051,-0.345,-0.913,1.000,0.000,-0.166,-0.259,35.671,-18.722,-2.489,0.619,269.722,359.673,358.689,129.749,"Curva 2.",13.50
285.44,-75.337,0.028,-65.747,-35.664,0.093,-0.503,-0.913,1.000,0.000,0.073,-0.145,35.667,-7.801,7.302,-0.159,269.072,359.620,0.772,130.448,"Curva 2.",13.52
285.46,-76.049,0.028,-65.768,-35.609,0.023,-0.995,-0.729,1.000,0.000,-0.010,-0.198,35.623,-24.680,-3.620,-2.062,268.416,359.644,359.648,131.138,"Curva 2.",13.54
285.48,-76.760,0.029,-65.804,-35.581,0.007,-1.573,-0.768,1.000,0.000,-0.242,-0.215,35.614,-28.894,-1.708,-0.356,267.868,359.655,358.178,131.825,"Curva 2.",13.56
285.50,-77.474,0.030,-65.822,-35.597,0.120,-1.711,-0.768,1.000,0.000,-0.047,-0.172,35.638,-6.829,5.621,1.198,267.323,359.531,0.036,132.518,"Curva 2.",13.58
285.52,-78.186,0.031,-65.854,-35.568,0.051,-1.990,-0.903,1.000,0.000,0.005,-0.253,35.623,-14.065,-3.316,-0.718,266.785,359.511,0.547,133.207,"Curva 2.",13.60
285.54,-78.896,0.031,-65.913,-35.542,-0.011,-2.524,-0.903,1.000,0.000,-0.266,-0.304,35.629,-26.611,-3.713,0.339,266.377,359.539,358.616,133.889,"Curva 2.",13.62
285.56,-79.607,0.030,-65.957,-35.519,-0.034,-2.600,-1.000,1.000,0.000,-0.092,-0.319,35.613,-3.868,-1.212,-0.844,265.968,359.544,359.326,134.575,"Curva 2.",13.64
285.58,-80.319,0.030,-65.995,-35.533,0.008,-2.654,-1.000,1.000,0.000,0.120,-0.284,35.631,-2.605,2.154,0.931,265.526,359.534,1.071,135.263,"Curva 2.",13.66
285.60,-81.027,0.029,-66.066,-35.498,-0.092,-3.122,-1.000,1.000,0.000,-0.082,-0.337,35.633,-23.403,-5.315,0.169,265.114,359.608,359.180,135.942,"Curva 2.",13.68
285.62,-81.735,0.027,-66.136,-35.421,-0.149,-3.471,-1.000,1.000,0.000,-0.150,-0.325,35.590,-17.631,-3.311,-2.180,264.659,359.723,358.516,136.620,"Curva 2.",13.70
285.64,-82.445,0.027,-66.189,-35.414,0.003,-3.600,-1.000,1.000,0.000,0.071,-0.178,35.596,-6.347,7.680,0.322,264.078,359.709,0.712,137.305,"Curva 2.",13.72
285.66,-83.152,0.027,-66.268,-35.347,-0.021,-4.019,-1.000,1.000,0.000,0.036,-0.198,35.574,-21.226,-1.194,-0.921,263.455,359.715,-0.003,137.981,"Curva 2.",13.74
285.68,-83.857,0.027,-66.368,-35.260,0.031,-4.634,-1.000,1.000,0.000,-0.219,-0.181,35.563,-31.121,1.522,-0.477,262.876,359.670,358.026,138.651,"Curva 2.",13.76
285.70,-84.565,0.028,-66.450,-35.271,0.156,-4.821,-1.000,1.000,0.000,-0.033,-0.161,35.599,-9.234,6.168,1.841,262.272,359.490,359.578,139.329,"Curva 2.",13.78
285.72,-85.272,0.031,-66.539,-35.248,0.151,-5.074,-1.000,1.000,0.000,0.089,-0.215,35.610,-12.695,-0.069,0.670,261.660,359.412,0.780,140.005,"Curva 2.",13.80
285.74,-85.974,0.032,-66.662,-35.146,0.024,-5.714,-1.000,1.000,0.000,-0.243,-0.310,35.605,-32.239,-7.136,-0.183,261.167,359.472,358.621,140.669,"Curva 2.",13.82
285.76,-86.676,0.031,-66.776,-35.100,-0.043,-5.886,-1.000,1.000,0.000,-0.221,-0.342,35.587,-8.774,-3.539,-0.930,260.848,359.527,358.786,141.335,"Curva 2.",13.84
285.78,-87.381,0.032,-66.875,-35.120,0.026,-5.903,-1.000,1.000,0.000,-0.013,-0.270,35.612,-0.606,3.451,1.178,260.470,359.524,1.265,142.009,"Curva 2.",13.86
285.80,-88.081,0.031,-67.004,-35.033,-0.065,-6.302,-0.622,1.000,0.000,-0.130,-0.348,35.593,-20.391,-4.429,-0.890,260.010,359.544,0.276,142.672,"Curva 2.",13.88
285.82,-88.779,0.030,-67.144,-34.969,-0.067,-6.548,-0.061,1.000,0.000,-0.181,-0.340,35.574,-12.706,-0.488,-0.940,259.701,359.570,358.377,143.330,"Curva 2.",13.90
285.84,-89.481,0.029,-67.266,-34.971,-0.025,-6.647,-0.061,1.000,0.000,0.018,-0.319,35.596,-4.818,2.085,1.067,259.214,359.527,359.497,143.997,"Curva 2.",13.92
285.86,-90.180,0.029,-67.387,-34.845,0.015,-6.711,0.000,1.000,0.000,0.159,-0.263,35.484,-4.348,2.129,-5.554,258.834,359.555,1.094,144.662,"Curva 2.",13.94
285.88,-90.873,0.029,-67.541,-34.775,-0.050,-7.163,0.000,1.000,0.000,-0.158,-0.281,35.504,-22.767,-3.630,1.021,258.624,359.631,359.090,145.315,"Curva 2.",13.96
285.90,-91.567,0.028,-67.684,-34.747,-0.115,-7.227,0.000,1.000,0.000,-0.201,-0.282,35.489,-3.385,-3.299,-0.756,258.582,359.734,359.242,145.972,"Curva 2.",13.98
285.92,-92.267,0.027,-67.812,-34.818,-0.009,-7.061,-0.196,1.000,0.000,-0.009,-0.186,35.526,8.943,5.096,1.829,258.543,359.715,1.309,146.637,"Curva 2.",14.00
285.94,-92.962,0.026,-67.963,-34.838,-0.032,-7.157,-0.400,1.000,0.000,-0.083,-0.226,35.565,-4.466,-1.156,1.959,258.525,359.686,0.024,147.294,"Curva 2.",14.02
285.96,-93.658,0.026,-68.115,-34.846,0.026,-7.239,-0.632,1.000,0.000,-0.176,-0.207,35.589,-4.027,2.810,1.204,258.555,359.630,358.825,147.952,"Curva 2.",14.04
285.98,-94.359,0.027,-68.243,-34.903,0.055,-7.014,-1.000,1.000,0.000,0.075,-0.203,35.600,11.613,1.261,0.569,258.512,359.587,0.798,4.661,"Curva 3.",14.06
286.00,-95.057,0.027,-68.386,-34.930,0.002,-7.091,-1.000,1.000,0.000,0.100,-0.248,35.641,-3.512,-2.632,2.059,258.361,359.600,0.466,4.893,"Curva 3.",14.08
286.02,-95.752,0.028,-68.545,-34.865,0.045,-7.425,-1.000,1.000,0.000,-0.136,-0.210,35.646,-17.098,1.702,0.252,258.204,359.597,358.507,5.227,"Curva 3.",14.10
286.04,-96.452,0.028,-68.683,-34.892,-0.012,-7.449,-1.000,1.000,0.000,-0.011,-0.243,35.677,-0.862,-2.850,1.565,257.966,359.629,0.011,5.615,"Curva 3.",14.12
286.06,-97.151,0.028,-68.824,-34.888,-0.002,-7.507,-1.000,1.000,0.000,0.125,-0.221,35.686,-2.863,0.555,0.428,257.649,359.651,0.983,6.066,"Curva 3.",14.14
286.08,-97.844,0.029,-68.996,-34.747,0.005,-8.007,-1.000,1.000,0.000,-0.159,-0.212,35.657,-25.960,-0.288,-1.343,257.287,359.657,358.561,6.582,"Curva 3.",14.16
286.10,-98.540,0.027,-69.152,-34.731,-0.087,-8.172,-1.000,1.000,0.000,-0.102,-0.276,35.678,-8.144,-4.716,1.031,256.929,359.698,359.318,7.124,"Curva 3.",14.18
286.12,-99.237,0.027,-69.304,-34.678,0.031,-8.325,-1.000,1.000,0.000,0.071,-0.178,35.663,-7.978,6.045,-0.734,256.382,359.666,0.884,7.691,"Curva 3.",14.20
286.14,-99.926,0.028,-69.487,-34.510,0.011,-8.844,-1.000,1.000,0.000,-0.100,-0.203,35.624,-27.178,-1.454,-1.786,255.793,359.658,359.059,8.295,"Curva 3.",14.22
286.16,-100.614,0.027,-69.671,-34.395,-0.024,-9.289,-1.000,1.000,0.000,-0.182,-0.239,35.626,-22.922,-2.338,0.125,255.190,359.662,358.520,8.916,"Curva 3.",14.24
286.18,-101.306,0.028,-69.841,-34.353,0.096,-9.447,-1.000,1.000,0.000,0.062,-0.153,35.628,-8.100,6.114,0.137,254.521,359.599,0.679,9.544,"Curva 3.",14.26
286.20,-101.990,0.029,-70.039,-34.185,0.009,-9.879,-1.000,1.000,0.000,0.001,-0.220,35.583,-23.087,-4.437,-2.123,253.881,359.631,359.858,10.193,"Curva 3.",14.28
286.22,-102.668,0.029,-70.253,-34.003,-0.004,-10.436,-1.000,1.000,0.000,-0.245,-0.230,35.567,-29.268,-1.547,-0.740,253.344,359.649,358.170,10.855,"Curva 3.",14.30
286.24,-103.353,0.030,-70.451,-33.986,0.091,-10.593,-1.000,1.000,0.000,-0.065,-0.200,35.598,-7.758,4.716,1.548,252.795,359.531,359.787,11.518,"Curva 3.",14.32
286.26,-104.035,0.031,-70.658,-33.910,0.057,-10.835,-1.000,1.000,0.000,0.030,-0.257,35.598,-12.718,-1.573,0.054,252.226,359.496,0.681,12.190,"Curva 3.",14.34
286.28,-104.706,0.031,-70.894,-33.728,-0.020,-11.388,-0.864,1.000,0.000,-0.244,-0.316,35.597,-28.969,-4.522,0.010,251.749,359.534,358.658,12.873,"Curva 3.",14.36
286.30,-105.381,0.030,-71.119,-33.663,-0.053,-11.530,-0.768,1.000,0.000,-0.164,-0.332,35.581,-7.759,-1.796,-0.825,251.366,359.556,359.039,13.557,"Curva 3.",14.38
286.32,-106.060,0.030,-71.334,-33.667,0.033,-11.582,-0.768,1.000,0.000,0.041,-0.261,35.602,-2.331,4.365,1.059,250.941,359.527,1.147,14.241,"Curva 3.",14.40
286.34,-106.727,0.029,-71.581,-33.512,-0.100,-12.008,-0.700,1.000,0.000,-0.120,-0.340,35.596,-22.584,-6.905,-0.243,250.485,359.616,359.403,14.935,"Curva 3.",14.42
286.36,-107.393,0.027,-71.829,-33.348,-0.136,-12.325,-0.700,1.000,0.000,-0.163,-0.312,35.551,-17.638,-2.289,-2.265,249.993,359.725,358.378,15.629,"Curva 3.",14.44
286.38,-108.067,0.027,-72.058,-33.335,-0.006,-12.375,-0.671,1.000,0.000,0.103,-0.183,35.557,-2.469,6.568,0.293,249.464,359.717,0.756,16.322,"Curva 3.",14.46
286.40,-108.731,0.026,-72.310,-33.212,-0.036,-12.676,-0.642,1.000,0.000,0.093,-0.205,35.548,-16.287,-1.408,-0.366,248.957,359.728,0.316,17.020,"Curva 3.",14.48
286.42,-109.387,0.027,-72.585,-32.986,0.041,-13.212,-0.642,1.000,0.000,-0.210,-0.168,35.533,-29.182,2.804,-0.637,248.521,359.675,358.010,17.722,"Curva 3.",14.50
286.44,-110.053,0.028,-72.840,-32.980,0.146,-13.340,-0.642,1.000,0.000,-0.064,-0.172,35.575,-6.091,5.171,2.112,248.084,359.489,359.409,18.424,"Curva 3.",14.52
286.46,-110.718,0.031,-73.095,-32.969,0.170,-13.442,-0.845,1.000,0.000,0.117,-0.212,35.604,-4.926,1.316,1.469,247.623,359.388,1.182,19.126,"Curva 3.",14.54
286.48,-111.371,0.032,-73.382,-32.759,0.117,-13.965,-0.845,1.000,0.000,-0.232,-0.295,35.610,-28.118,-2.971,0.374,247.290,359.341,359.405,19.833,"Curva 3.",14.56
286.50,-112.022,0.032,-73.666,-32.636,-0.082,-14.146,-0.845,1.000,0.000,-0.300,-0.399,35.567,-10.554,-10.126,-2.195,247.061,359.499,358.944,20.538,"Curva 3.",14.58
286.52,-112.682,0.032,-73.934,-32.701,-0.072,-14.115,-1.000,1.000,0.000,-0.040,-0.326,35.616,2.714,0.438,2.350,246.710,359.591,0.864,21.243,"Curva 3.",14.60
286.54,-113.331,0.029,-74.220,-32.551,-0.189,-14.258,-1.000,1.000,0.000,-0.050,-0.337,35.535,-9.555,-5.773,-4.049,246.425,359.760,0.189,21.948,"Curva 3.",14.62
286.56,-113.975,0.027,-74.520,-32.412,-0.123,-14.601,-1.000,1.000,0.000,-0.219,-0.255,35.548,-18.580,2.762,0.621,246.114,359.798,358.358,22.656,"Curva 3.",14.64
286.58,-114.629,0.025,-74.801,-32.396,-0.067,-14.715,-1.000,1.000,0.000,-0.048,-0.222,35.581,-5.527,2.772,1.633,245.649,359.751,0.017,23.363,"Curva 3.",14.66
286.60,-115.279,0.025,-75.093,-32.287,0.021,-14.975,-1.000,1.000,0.000,0.077,-0.185,35.591,-14.061,4.561,0.599,244.990,359.670,0.598,24.072,"Curva 3.",14.68
286.62,-115.916,0.026,-75.412,-31.980,0.082,-15.553,-1.000,1.000,0.000,-0.152,-0.175,35.561,-32.762,2.109,-1.296,244.318,359.594,358.351,24.782,"Curva 3.",14.70
286.64,-116.560,0.027,-75.716,-31.921,0.038,-15.771,-1.000,1.000,0.000,-0.043,-0.227,35.603,-11.065,-2.312,2.112,243.779,359.574,359.557,25.491,"Curva 3.",14.72
286.66,-117.202,0.029,-76.024,-31.834,0.103,-15.954,-1.000,1.000,0.000,0.091,-0.172,35.608,-10.058,3.418,0.283,243.233,359.560,0.831,26.201,"Curva 3.",14.74
286.68,-117.828,0.030,-76.361,-31.526,0.045,-16.485,-1.000,1.000,0.000,-0.205,-0.205,35.575,-30.601,-3.565,-1.520,242.732,359.603,358.722,26.910,"Curva 3.",14.76
286.70,-118.459,0.029,-76.691,-31.411,-0.067,-16.768,-1.000,1.000,0.000,-0.248,-0.269,35.605,-15.128,-5.894,1.434,242.312,359.682,359.043,27.620,"Curva 3.",14.78
286.72,-119.094,0.030,-77.014,-31.358,0.032,-16.875,-1.000,1.000,0.000,-0.032,-0.179,35.610,-5.871,5.041,0.210,241.760,359.660,0.920,28.331,"Curva 3.",14.80
286.74,-119.714,0.029,-77.363,-31.108,-0.047,-17.257,-1.000,1.000,0.000,-0.098,-0.246,35.573,-22.732,-4.124,-1.738,241.142,359.680,359.446,29.041,"Curva 3.",14.82
286.76,-120.330,0.028,-77.718,-30.874,-0.066,-17.675,-1.000,1.000,0.000,-0.191,-0.271,35.574,-23.922,-1.701,0.083,240.530,359.680,358.314,29.750,"Curva 3.",14.84
286.78,-120.957,0.028,-78.057,-30.812,0.032,-17.798,-1.000,1.000,0.000,0.079,-0.205,35.583,-6.815,4.962,0.477,239.858,359.620,0.525,30.461,"Curva 3.",14.86
286.80,-121.570,0.027,-78.416,-30.589,-0.015,-18.126,-1.000,1.000,0.000,0.089,-0.241,35.555,-19.768,-2.258,-1.219,239.207,359.637,0.232,31.170,"Curva 3.",14.88
286.82,-122.171,0.028,-78.797,-30.238,0.017,-18.655,-1.000,1.000,0.000,-0.192,-0.215,35.528,-31.786,0.576,-1.243,238.649,359.635,358.082,31.877,"Curva 3.",14.90
286.84,-122.782,0.029,-79.163,-30.182,0.106,-18.832,-1.000,1.000,0.000,-0.032,-0.204,35.575,-9.041,4.300,2.373,238.093,359.502,359.360,32.586,"Curva 3.",14.92
286.86,-123.392,0.031,-79.530,-30.093,0.129,-19.007,-1.000,1.000,0.000,0.125,-0.223,35.592,-9.749,1.294,0.945,237.516,359.438,0.951,33.296,"Curva 3.",14.94
286.88,-123.981,0.031,-79.929,-29.742,-0.013,-19.537,-1.000,1.000,0.000,-0.200,-0.319,35.583,-31.637,-7.782,-0.378,237.032,359.515,358.770,34.003,"Curva 3.",14.96
286.90,-124.573,0.029,-80.320,-29.551,-0.178,-19.765,-1.000,1.000,0.000,-0.244,-0.364,35.549,-14.602,-8.516,-1.741,236.628,359.708,358.904,34.708,"Curva 3.",14.98
286.92,-125.174,0.029,-80.701,-29.511,-0.034,-19.832,-1.000,1.000,0.000,-0.010,-0.199,35.555,-3.735,7.279,0.256,236.109,359.735,1.100,35.416,"Curva 3.",15.00
286.94,-125.756,0.027,-81.108,-29.243,-0.093,-20.177,-1.000,1.000,0.000,-0.070,-0.239,35.528,-21.786,-3.066,-1.296,235.511,359.765,359.592,36.121,"Curva 3.",15.02
286.96,-126.333,0.026,-81.524,-28.947,-0.055,-20.608,-1.000,1.000,0.000,-0.189,-0.232,35.532,-26.202,0.964,0.286,234.871,359.726,358.015,36.825,"Curva 3.",15.04
286.98,-126.923,0.026,-81.921,-28.875,0.061,-20.719,-1.000,1.000,0.000,0.111,-0.169,35.538,-6.559,5.856,0.368,234.158,359.631,0.506,37.533,"Curva 3.",15.06
287.00,-127.499,0.027,-82.337,-28.629,0.032,-21.019,-1.000,1.000,0.000,0.144,-0.205,35.515,-19.390,-1.284,-0.954,233.479,359.620,0.452,38.236,"Curva 3.",15.08
287.02,-128.056,0.028,-82.777,-28.177,0.070,-21.565,-1.000,1.000,0.000,-0.202,-0.182,35.481,-35.431,0.627,-1.541,232.910,359.605,357.896,38.936,"Curva 3.",15.10
287.04,-128.626,0.030,-83.204,-28.098,0.148,-21.760,-1.000,1.000,0.000,-0.063,-0.198,35.539,-10.218,3.698,2.890,232.352,359.443,358.997,39.640,"Curva 3.",15.12
287.06,-129.198,0.033,-83.627,-28.028,0.173,-21.889,-1.000,1.000,0.000,0.147,-0.217,35.562,-7.201,1.366,1.221,231.767,359.377,1.188,40.345,"Curva 3.",15.14
287.08,-129.747,0.034,-84.079,-27.599,0.068,-22.388,-1.000,1.000,0.000,-0.201,-0.320,35.536,-32.850,-5.437,-1.184,231.279,359.377,359.647,41.043,"Curva 3.",15.16
287.10,-130.293,0.033,-84.532,-27.430,-0.118,-22.563,-1.000,1.000,0.000,-0.247,-0.414,35.515,-11.942,-9.555,-1.119,230.972,359.531,358.788,41.741,"Curva 3.",15.18
287.12,-130.850,0.031,-84.972,-27.426,-0.103,-22.598,-1.000,1.000,0.000,-0.033,-0.347,35.535,-1.472,0.750,0.950,230.562,359.606,0.405,42.442,"Curva 3.",15.20
287.14,-131.396,0.029,-85.423,-27.244,-0.171,-22.699,-1.000,1.000,0.000,-0.018,-0.337,35.459,-9.710,-3.311,-3.795,230.224,359.731,0.457,43.140,"Curva 3.",15.22
287.16,-131.931,0.027,-85.892,-27.035,-0.109,-23.051,-1.000,1.000,0.000,-0.241,-0.279,35.526,-20.276,2.626,3.340,229.947,359.734,358.615,43.836,"Curva 3.",15.24
287.18,-132.477,0.025,-86.346,-26.967,-0.082,-23.140,-1.000,1.000,0.000,-0.111,-0.262,35.533,-5.564,1.301,0.335,229.550,359.711,359.756,44.536,"Curva 3.",15.26
287.20,-133.022,0.025,-86.805,-26.847,0.030,-23.316,-1.000,1.000,0.000,0.049,-0.192,35.558,-10.559,5.699,1.296,228.944,359.644,0.619,45.236,"Curva 3.",15.28
287.22,-133.547,0.026,-87.285,-26.461,0.075,-23.743,-1.000,1.000,0.000,-0.120,-0.181,35.551,-28.807,1.637,-0.197,228.298,359.591,358.717,45.932,"Curva 3.",15.30
287.24,-134.076,0.027,-87.761,-26.241,0.044,-24.052,-1.000,1.000,0.000,-0.146,-0.220,35.595,-18.810,-1.917,2.239,227.733,359.581,359.047,46.629,"Curva 3.",15.32
287.26,-134.609,0.029,-88.234,-26.098,0.133,-24.222,-1.000,1.000,0.000,0.018,-0.150,35.606,-11.024,4.602,0.573,227.105,359.545,0.627,47.328,"Curva 3.",15.34
287.28,-135.121,0.031,-88.727,-25.716,0.040,-24.579,-1.000,1.000,0.000,-0.134,-0.212,35.572,-26.034,-4.967,-1.604,226.515,359.597,359.325,48.020,"Curva 3.",15.36
287.30,-135.628,0.030,-89.225,-25.395,-0.036,-24.916,-1.000,1.000,0.000,-0.275,-0.255,35.575,-23.186,-4.368,0.140,225.998,359.659,358.628,48.712,"Curva 3.",15.38
287.32,-136.147,0.030,-89.713,-25.333,0.014,-24.997,-1.000,1.000,0.000,-0.030,-0.209,35.589,-5.051,2.554,0.671,225.427,359.641,0.608,49.408,"Curva 3.",15.40
287.34,-136.650,0.029,-90.216,-25.070,-0.075,-25.215,-1.000,1.000,0.000,-0.004,-0.275,35.556,-16.988,-4.414,-1.582,224.841,359.678,0.096,50.098,"Curva 3.",15.42
287.36,-137.138,0.028,-90.732,-24.682,-0.056,-25.565,-1.000,1.000,0.000,-0.190,-0.264,35.534,-26.153,0.197,-1.019,224.311,359.674,358.283,50.785,"Curva 3.",15.44
287.38,-137.641,0.027,-91.235,-24.582,-0.042,-25.707,-1.000,1.000,0.000,-0.024,-0.261,35.568,-8.545,0.660,1.664,223.756,359.647,359.993,51.477,"Curva 3.",15.46
287.40,-138.137,0.027,-91.746,-24.404,0.000,-25.884,-1.000,1.000,0.000,0.080,-0.233,35.573,-12.488,2.284,0.359,223.181,359.627,0.740,52.168,"Curva 3.",15.48
287.42,-138.607,0.027,-92.279,-23.912,0.029,-26.300,-1.000,1.000,0.000,-0.217,-0.217,35.544,-32.221,0.515,-1.353,222.636,359.615,358.356,52.850,"Curva 3.",15.50
287.44,-139.092,0.027,-92.801,-23.814,-0.041,-26.453,-1.000,1.000,0.000,-0.111,-0.263,35.592,-8.730,-3.577,2.384,222.177,359.644,359.543,53.538,"Curva 3.",15.52
287.46,-139.576,0.028,-93.323,-23.700,0.052,-26.566,-1.000,1.000,0.000,0.059,-0.179,35.600,-7.930,4.767,0.446,221.637,359.630,0.973,54.227,"Curva 3.",15.54
287.48,-140.034,0.028,-93.868,-23.236,0.027,-26.938,-1.000,1.000,0.000,-0.193,-0.200,35.574,-29.682,-1.888,-1.222,221.097,359.642,358.753,54.907,"Curva 3.",15.56
287.50,-140.497,0.028,-94.408,-22.999,-0.054,-27.179,-1.000,1.000,0.000,-0.219,-0.258,35.602,-16.733,-4.390,1.392,220.599,359.680,358.847,55.590,"Curva 3.",15.58
287.52,-140.970,0.029,-94.941,-22.898,0.076,-27.263,-0.913,1.000,0.000,0.031,-0.155,35.603,-6.480,6.599,0.054,219.972,359.630,0.905,56.277,"Curva 3.",15.60
287.54,-141.417,0.029,-95.494,-22.492,-0.008,-27.539,-0.913,1.000,0.000,-0.047,-0.223,35.556,-24.424,-4.385,-2.236,219.317,359.655,359.514,56.955,"Curva 3.",15.62
287.56,-141.855,0.028,-96.054,-22.069,-0.032,-27.879,-0.642,1.000,0.000,-0.218,-0.246,35.555,-27.076,-2.043,0.007,218.729,359.667,358.181,57.630,"Curva 3.",15.64
287.58,-142.310,0.029,-96.602,-21.977,0.104,-27.970,-0.458,1.000,0.000,0.021,-0.178,35.571,-6.393,6.809,0.837,218.123,359.546,0.213,58.312,"Curva 3.",15.66
287.60,-142.749,0.030,-97.161,-21.712,0.035,-28.149,-0.458,1.000,0.000,0.065,-0.254,35.549,-16.022,-3.302,-1.029,217.535,359.535,0.448,58.989,"Curva 3.",15.68
287.62,-143.167,0.030,-97.737,-21.264,0.003,-28.504,-0.390,1.000,0.000,-0.225,-0.281,35.560,-28.510,-2.386,0.648,217.098,359.552,358.424,59.659,"Curva 3.",15.70
287.64,-143.599,0.030,-98.302,-21.206,0.014,-28.538,-0.390,1.000,0.000,-0.041,-0.287,35.553,-3.346,0.499,-0.369,216.685,359.516,359.407,60.335,"Curva 3.",15.72
287.66,-144.035,0.031,-98.865,-21.181,0.033,-28.594,-0.371,1.000,0.000,0.151,-0.280,35.583,-2.620,0.984,1.492,216.277,359.502,1.118,61.013,"Curva 3.",15.74
287.68,-144.444,0.030,-99.447,-20.863,-0.079,-28.845,-0.351,1.000,0.000,-0.087,-0.338,35.597,-20.195,-5.856,0.781,216.023,359.584,359.250,61.682,"Curva 3.",15.76
287.70,-144.855,0.028,-100.026,-20.663,-0.152,-28.941,-0.332,1.000,0.000,-0.184,-0.331,35.558,-10.816,-3.892,-1.997,215.833,359.719,358.795,62.352,"Curva 3.",15.78
287.72,-145.283,0.027,-100.595,-20.738,-0.029,-28.920,-0.332,1.000,0.000,0.023,-0.203,35.586,3.763,6.079,1.358,215.600,359.720,1.065,63.030,"Curva 3.",15.80
287.74,-145.692,0.026,-101.178,-20.584,-0.065,-29.055,-0.332,1.000,0.000,-0.029,-0.237,35.606,-10.173,-1.762,1.034,215.361,359.724,0.188,63.702,"Curva 3.",15.82
287.76,-146.091,0.026,-101.769,-20.317,0.021,-29.254,-0.322,1.000,0.000,-0.194,-0.193,35.616,-16.777,3.821,0.489,215.100,359.665,358.362,64.371,"Curva 3.",15.84
287.78,-146.512,0.026,-102.345,-20.379,0.045,-29.236,-0.322,1.000,0.000,0.032,-0.196,35.638,3.090,1.170,1.083,214.825,359.612,0.421,65.049,"Curva 3.",15.86
287.80,-146.923,0.027,-102.928,-20.347,0.030,-29.280,-0.332,1.000,0.000,0.134,-0.217,35.654,-2.595,-0.720,0.872,214.574,359.607,0.965,65.725,"Curva 3.",15.88
287.82,-147.311,0.028,-103.526,-19.975,0.073,-29.519,-0.332,1.000,0.000,-0.205,-0.184,35.641,-22.120,1.576,-0.630,214.424,359.595,358.454,66.392,"Curva 3.",15.90
287.84,-147.718,0.028,-104.112,-19.983,-0.044,-29.570,-0.332,1.000,0.000,-0.129,-0.262,35.688,-1.080,-5.902,2.284,214.260,359.652,359.683,67.068,"Curva 3.",15.92
287.86,-148.129,0.028,-104.696,-20.044,0.016,-29.534,-0.332,1.000,0.000,0.080,-0.200,35.692,3.584,2.916,0.229,214.027,359.657,1.413,67.747,"Curva 3.",15.94
287.88,-148.513,0.028,-105.297,-19.740,-0.010,-29.730,-0.332,1.000,0.000,-0.141,-0.220,35.686,-18.033,-1.562,-0.321,213.815,359.666,359.067,68.416,"Curva 3.",15.96
287.90,-148.906,0.027,-105.894,-19.625,-0.081,-29.817,-0.322,1.000,0.000,-0.177,-0.269,35.695,-7.118,-3.710,0.438,213.645,359.704,358.844,69.089,"Curva 3.",15.98
287.92,-149.315,0.027,-106.479,-19.726,0.044,-29.738,-0.322,1.000,0.000,0.088,-0.172,35.685,6.486,6.117,-0.491,213.410,359.657,1.286,69.770,"Curva 3.",16.00
287.94,-149.700,0.027,-107.079,-19.528,-0.033,-29.858,-0.293,1.000,0.000,0.003,-0.238,35.676,-11.567,-3.868,-0.405,213.180,359.672,0.003,70.441,"Curva 3.",16.02
287.96,-150.078,0.027,-107.685,-19.264,0.013,-30.031,-0.293,1.000,0.000,-0.166,-0.208,35.678,-15.810,1.825,0.084,212.957,359.654,358.290,71.111,"Curva 3.",16.04
287.98,-150.480,0.027,-108.275,-19.346,0.037,-29.986,-0.293,1.000,0.000,0.072,-0.195,35.685,4.687,1.181,0.330,212.711,359.628,0.642,71.790,"Curva 3.",16.06
288.00,-150.868,0.027,-108.874,-19.286,-0.019,-30.038,-0.254,1.000,0.000,0.134,-0.237,35.695,-3.990,-2.785,0.554,212.482,359.655,0.912,72.466,"Curva 3.",16.08
288.02,-151.233,0.028,-109.488,-18.905,0.048,-30.262,-0.245,1.000,0.000,-0.215,-0.186,35.681,-22.155,2.709,-0.701,212.348,359.635,358.288,73.133,"Curva 3.",16.10
288.04,-151.618,0.028,-110.091,-18.927,0.064,-30.295,-0.245,1.000,0.000,-0.124,-0.231,35.720,0.036,0.807,1.975,212.200,359.529,359.154,73.809,"Curva 3.",16.12
288.06,-152.012,0.030,-110.687,-18.978,0.135,-30.270,-0.245,1.000,0.000,0.085,-0.218,35.727,2.879,3.449,0.334,211.941,359.438,1.496,74.490,"Curva 3.",16.14
288.08,-152.381,0.031,-111.300,-18.703,0.096,-30.447,-0.254,1.000,0.000,-0.134,-0.302,35.731,-16.340,-1.858,0.255,211.774,359.360,0.256,75.162,"Curva 3.",16.16
288.10,-152.744,0.032,-111.913,-18.535,0.001,-30.443,-0.254,1.000,0.000,-0.212,-0.348,35.639,-6.959,-4.866,-4.620,211.688,359.447,358.696,75.829,"Curva 3.",16.18
288.12,-153.126,0.032,-112.515,-18.682,-0.039,-30.374,-0.274,1.000,0.000,0.066,-0.342,35.658,8.086,-2.013,0.906,211.488,359.513,0.053,76.506,"Curva 3.",16.20
288.14,-153.505,0.031,-113.117,-18.659,-0.120,-30.321,-0.274,1.000,0.000,0.161,-0.343,35.600,0.310,-4.043,-2.921,211.338,359.646,0.966,77.181,"Curva 3.",16.22
288.16,-153.863,0.029,-113.733,-18.433,-0.123,-30.509,-0.274,1.000,0.000,-0.102,-0.305,35.644,-14.509,-0.388,2.188,211.313,359.710,359.061,77.850,"Curva 3.",16.24
288.18,-154.234,0.026,-114.342,-18.414,-0.153,-30.520,-0.245,1.000,0.000,-0.098,-0.304,35.643,-1.071,-1.518,-0.063,211.268,359.758,359.429,78.524,"Curva 3.",16.26
288.20,-154.614,0.025,-114.946,-18.500,-0.027,-30.492,-0.245,1.000,0.000,0.069,-0.213,35.665,4.514,6.189,1.092,211.130,359.704,1.085,79.203,"Curva 3.",16.28
288.22,-154.974,0.025,-115.563,-18.307,0.007,-30.636,-0.129,1.000,0.000,-0.045,-0.215,35.688,-11.978,1.635,1.207,210.937,359.644,359.612,79.876,"Curva 3.",16.30
288.24,-155.334,0.025,-116.180,-18.150,0.044,-30.761,0.000,1.000,0.000,-0.127,-0.211,35.716,-9.977,1.640,1.374,210.753,359.595,358.839,80.549,"Curva 3.",16.32
288.26,-155.712,0.027,-116.787,-18.256,0.107,-30.714,0.000,1.000,0.000,0.112,-0.173,35.730,5.755,3.035,0.687,210.542,359.553,0.828,81.231,"Curva 3.",16.34
288.28,-156.072,0.028,-117.405,-18.136,0.033,-30.820,0.000,1.000,0.000,0.047,-0.224,35.760,-7.862,-3.679,1.515,210.398,359.589,0.242,81.906,"Curva 3.",16.36
288.30,-156.423,0.029,-118.028,-17.931,0.040,-30.947,0.000,1.000,0.000,-0.180,-0.205,35.765,-12.056,0.098,0.289,210.383,359.614,358.791,82.579,"Curva 3.",16.38
288.32,-156.793,0.029,-118.640,-18.058,-0.004,-30.893,0.000,1.000,0.000,-0.053,-0.227,35.783,6.812,-2.265,0.870,210.389,359.642,0.448,83.259,"Curva 3.",16.40
288.34,-157.158,0.028,-119.256,-18.125,-0.052,-30.865,0.000,1.000,0.000,0.034,-0.256,35.792,3.590,-2.430,0.466,210.362,359.674,0.947,83.939,"Curva 3.",16.42
288.36,-157.507,0.028,-119.881,-17.964,-0.007,-30.946,0.000,1.000,0.000,-0.150,-0.225,35.781,-9.039,2.075,-0.547,210.382,359.656,359.011,84.613,"Curva 3.",16.44
288.38,-157.872,0.027,-120.497,-18.043,-0.060,-30.917,0.000,1.000,0.000,-0.071,-0.271,35.796,4.161,-2.633,0.711,210.384,359.664,359.740,85.294,"Curva 3.",16.46
288.40,-158.244,0.027,-121.109,-18.189,-0.001,-30.826,0.000,1.000,0.000,0.125,-0.229,35.791,8.635,2.749,-0.219,210.334,359.640,1.213,85.978,"Curva 3.",16.48
288.42,-158.596,0.027,-121.732,-18.049,0.005,-30.905,0.000,1.000,0.000,-0.027,-0.227,35.789,-8.013,0.244,-0.111,210.331,359.629,359.523,86.656,"Curva 3.",16.50
288.44,-158.953,0.027,-122.353,-17.998,-0.006,-30.950,0.000,1.000,0.000,-0.114,-0.235,35.801,-3.336,-0.603,0.629,210.367,359.637,359.076,87.336,"Curva 3.",16.52
288.46,-159.328,0.028,-122.963,-18.197,0.050,-30.829,0.000,1.000,0.000,0.134,-0.191,35.799,11.709,2.592,-0.138,210.331,359.618,1.112,88.023,"Curva 3.",16.54
288.48,-159.686,0.027,-123.583,-18.150,-0.017,-30.885,0.000,1.000,0.000,0.076,-0.241,35.823,-3.451,-3.357,1.201,210.319,359.642,0.218,88.704,"Curva 3.",16.56
288.50,-160.038,0.028,-124.208,-18.013,0.020,-30.965,0.000,1.000,0.000,-0.121,-0.209,35.823,-7.976,1.697,0.002,210.388,359.637,358.755,89.385,"Curva 3.",16.58
288.52,-160.411,0.028,-124.820,-18.162,0.006,-30.877,0.000,1.000,0.000,0.031,-0.220,35.821,8.636,-0.810,-0.075,210.411,359.639,0.547,90.072,"Curva 3.",16.60
288.54,-160.778,0.027,-125.435,-18.218,-0.032,-30.856,0.000,1.000,0.000,0.104,-0.248,35.832,2.902,-1.919,0.542,210.386,359.657,0.911,90.759,"Curva 3.",16.62
288.56,-161.126,0.028,-126.062,-18.016,0.025,-30.964,0.000,1.000,0.000,-0.134,-0.206,35.823,-11.460,2.623,-0.471,210.415,359.634,358.842,91.439,"Curva 3.",16.64
288.58,-161.493,0.027,-126.677,-18.090,-0.040,-30.940,0.000,1.000,0.000,-0.064,-0.258,35.839,3.804,-3.267,0.837,210.419,359.652,359.808,92.127,"Curva 3.",16.66
288.60,-161.866,0.027,-127.289,-18.216,0.008,-30.862,0.000,1.000,0.000,0.123,-0.220,35.836,7.438,2.222,-0.158,210.347,359.641,1.261,92.817,"Curva 3.",16.68
288.62,-162.217,0.027,-127.914,-18.053,0.009,-30.954,0.000,1.000,0.000,-0.045,-0.220,35.833,-9.367,-0.049,-0.155,210.327,359.635,359.400,93.500,"Curva 3.",16.70
288.64,-162.576,0.027,-128.535,-18.013,-0.024,-30.994,0.000,1.000,0.000,-0.115,-0.244,35.847,-2.687,-1.672,0.706,210.354,359.652,359.102,94.186,"Curva 3.",16.72
288.66,-162.952,0.028,-129.146,-18.218,0.040,-30.866,0.000,1.000,0.000,0.137,-0.196,35.841,12.133,2.959,-0.313,210.324,359.627,1.221,94.879,"Curva 3.",16.74
288.68,-163.309,0.027,-129.768,-18.157,-0.029,-30.925,0.000,1.000,0.000,0.061,-0.250,35.860,-4.124,-3.454,0.963,210.320,359.648,0.147,95.565,"Curva 3.",16.76
288.70,-163.662,0.027,-130.393,-18.034,0.012,-30.994,0.000,1.000,0.000,-0.121,-0.215,35.858,-7.117,1.874,-0.105,210.394,359.641,358.722,96.251,"Curva 3.",16.78
288.72,-164.036,0.028,-131.004,-18.203,0.012,-30.891,-0.051,1.000,0.000,0.055,-0.216,35.855,9.904,-0.106,-0.168,210.417,359.637,0.661,96.944,"Curva 3.",16.80
288.74,-164.402,0.027,-131.621,-18.250,-0.032,-30.881,-0.051,1.000,0.000,0.115,-0.248,35.870,2.275,-2.220,0.740,210.393,359.657,0.875,97.635,"Curva 3.",16.82
288.76,-164.751,0.028,-132.248,-18.035,0.036,-30.998,-0.235,1.000,0.000,-0.140,-0.199,35.861,-12.328,3.090,-0.409,210.422,359.631,358.727,98.321,"Curva 3.",16.84
288.78,-165.120,0.027,-132.864,-18.114,-0.034,-30.972,-0.235,1.000,0.000,-0.055,-0.253,35.879,4.074,-3.473,0.874,210.410,359.650,359.877,99.014,"Curva 3.",16.86
288.80,-165.492,0.027,-133.477,-18.217,0.008,-30.907,-0.274,1.000,0.000,0.123,-0.218,35.875,6.136,1.969,-0.177,210.312,359.644,1.268,99.709,"Curva 3.",16.88
288.82,-165.841,0.027,-134.104,-17.991,0.014,-31.034,-0.274,1.000,0.000,-0.077,-0.215,35.871,-12.953,0.118,-0.195,210.230,359.636,359.185,100.396,"Curva 3.",16.90
288.84,-166.199,0.027,-134.726,-17.894,-0.040,-31.106,-0.303,1.000,0.000,-0.135,-0.255,35.885,-5.950,-2.826,0.663,210.133,359.661,359.000,101.086,"Curva 3.",16.92
288.86,-166.573,0.028,-135.339,-18.009,0.049,-31.032,-0.322,1.000,0.000,0.114,-0.186,35.878,6.904,4.303,-0.330,209.940,359.630,1.165,101.782,"Curva 3.",16.94
288.88,-166.924,0.027,-135.965,-17.831,-0.025,-31.140,-0.361,1.000,0.000,0.023,-0.243,35.883,-10.434,-3.685,0.250,209.758,359.651,359.961,102.472,"Curva 3.",16.96
288.90,-167.268,0.027,-136.595,-17.567,0.000,-31.285,-0.361,1.000,0.000,-0.158,-0.223,35.878,-15.075,0.826,-0.213,209.576,359.651,358.434,103.159,"Curva 3.",16.98
288.92,-167.635,0.027,-137.212,-17.637,0.021,-31.248,-0.400,1.000,0.000,0.057,-0.209,35.881,3.997,1.010,0.121,209.347,359.635,0.605,103.854,"Curva 3.",17.00
288.94,-167.989,0.027,-137.836,-17.565,-0.029,-31.294,-0.400,1.000,0.000,0.119,-0.245,35.886,-4.295,-2.459,0.258,209.110,359.659,0.803,104.545,"Curva 3.",17.02
288.96,-168.320,0.028,-138.473,-17.182,0.031,-31.485,-0.400,1.000,0.000,-0.196,-0.200,35.867,-21.477,2.443,-0.916,208.944,359.639,358.368,105.230,"Curva 3.",17.04
288.98,-168.673,0.027,-139.098,-17.167,-0.050,-31.527,-0.429,1.000,0.000,-0.104,-0.262,35.897,-1.641,-4.090,1.486,208.736,359.662,359.775,105.921,"Curva 3.",17.06
289.00,-169.028,0.027,-139.722,-17.201,0.017,-31.510,-0.429,1.000,0.000,0.089,-0.207,35.898,1.964,3.282,0.066,208.480,359.647,1.385,106.614,"Curva 3.",17.08
289.02,-169.352,0.027,-140.363,-16.816,0.014,-31.702,-0.448,1.000,0.000,-0.184,-0.215,35.885,-21.461,-0.526,-0.652,208.244,359.640,358.856,107.298,"Curva 3.",17.10
289.04,-169.688,0.026,-140.997,-16.705,-0.072,-31.776,-0.448,1.000,0.000,-0.201,-0.274,35.898,-6.572,-4.468,0.628,208.061,359.685,358.971,107.985,"Curva 3.",17.12
289.06,-170.039,0.027,-141.624,-16.790,0.060,-31.720,-0.487,1.000,0.000,0.056,-0.163,35.889,5.216,6.512,-0.439,207.797,359.645,1.351,108.678,"Curva 3.",17.14
289.08,-170.363,0.027,-142.264,-16.522,-0.017,-31.840,-0.487,1.000,0.000,-0.047,-0.225,35.870,-14.667,-3.915,-0.910,207.501,359.668,359.749,109.362,"Curva 3.",17.16
289.10,-170.681,0.027,-142.907,-16.217,-0.004,-31.989,-0.555,1.000,0.000,-0.176,-0.216,35.864,-16.965,0.141,-0.329,207.175,359.670,358.251,110.045,"Curva 3.",17.18
289.12,-171.024,0.027,-143.537,-16.275,0.050,-31.962,-0.555,1.000,0.000,0.107,-0.180,35.867,3.244,2.660,0.159,206.811,359.635,0.769,110.736,"Curva 3.",17.20
289.14,-171.347,0.027,-144.177,-16.081,-0.031,-32.057,-0.584,1.000,0.000,0.115,-0.241,35.864,-10.852,-3.935,-0.100,206.453,359.665,0.589,111.421,"Curva 3.",17.22
289.16,-171.647,0.028,-144.829,-15.610,0.030,-32.263,-0.584,1.000,0.000,-0.218,-0.198,35.840,-25.770,2.174,-1.150,206.177,359.648,358.094,112.098,"Curva 3.",17.24
289.18,-171.968,0.028,-145.472,-15.557,0.087,-32.326,-0.632,1.000,0.000,-0.117,-0.220,35.874,-3.793,2.810,1.701,205.890,359.511,359.242,112.784,"Curva 3.",17.26
289.20,-172.294,0.030,-146.112,-15.534,0.136,-32.352,-0.632,1.000,0.000,0.067,-0.227,35.888,-1.545,2.457,0.700,205.533,359.423,1.361,113.472,"Curva 3.",17.28
289.22,-172.588,0.031,-146.767,-15.087,0.091,-32.560,-0.632,1.000,0.000,-0.236,-0.308,35.883,-24.647,-2.362,-0.168,205.239,359.365,359.752,114.149,"Curva 3.",17.30
289.24,-172.882,0.031,-147.420,-14.885,-0.055,-32.579,-0.622,1.000,0.000,-0.283,-0.383,35.816,-9.396,-7.444,-3.433,205.020,359.485,358.774,114.825,"Curva 3.",17.32
289.26,-173.194,0.031,-148.065,-14.980,-0.048,-32.574,-0.506,1.000,0.000,0.024,-0.329,35.852,4.416,0.282,1.748,204.652,359.551,0.506,115.508,"Curva 3.",17.34
289.28,-173.493,0.029,-148.714,-14.825,-0.147,-32.558,-0.206,1.000,0.000,0.065,-0.334,35.773,-6.772,-4.862,-3.977,204.372,359.701,0.527,116.186,"Curva 3.",17.36
289.30,-173.773,0.028,-149.374,-14.518,-0.098,-32.760,-0.206,1.000,0.000,-0.196,-0.272,35.831,-18.171,1.976,2.917,204.225,359.731,358.624,116.859,"Curva 3.",17.38
289.32,-174.071,0.026,-150.025,-14.454,-0.099,-32.788,-0.041,1.000,0.000,-0.117,-0.267,35.832,-3.475,-0.048,0.000,203.979,359.732,359.791,117.539,"Curva 3.",17.40
289.34,-174.371,0.025,-150.677,-14.488,0.002,-32.796,0.000,1.000,0.000,0.082,-0.207,35.853,1.465,5.003,1.074,203.696,359.670,1.178,118.220,"Curva 3.",17.42
289.36,-174.645,0.026,-151.340,-14.205,0.043,-32.918,0.000,1.000,0.000,-0.106,-0.200,35.851,-15.438,1.869,-0.050,203.515,359.614,359.171,118.893,"Curva 3.",17.44
289.38,-174.928,0.026,-152.000,-14.121,0.019,-32.992,0.000,1.000,0.000,-0.163,-0.234,35.885,-5.302,-1.335,1.706,203.438,359.601,359.123,119.570,"Curva 3.",17.46
289.40,-175.228,0.027,-152.653,-14.327,0.096,-32.910,0.000,1.000,0.000,0.085,-0.177,35.893,11.188,3.607,0.389,203.384,359.567,1.331,120.253,"Curva 3.",17.48
289.42,-175.505,0.028,-153.315,-14.239,0.002,-32.973,0.000,1.000,0.000,-0.035,-0.241,35.915,-5.321,-4.717,1.074,203.411,359.612,0.035,120.929,"Curva 3.",17.50
289.44,-175.779,0.028,-153.979,-14.143,0.010,-33.015,0.000,1.000,0.000,-0.201,-0.218,35.916,-5.245,0.304,0.059,203.516,359.643,358.764,121.604,"Curva 3.",17.52
289.46,-176.079,0.029,-154.632,-14.378,0.004,-32.909,0.000,1.000,0.000,0.035,-0.212,35.912,12.910,-0.521,-0.203,203.540,359.658,0.865,122.289,"Curva 3.",17.54
289.48,-176.367,0.027,-155.290,-14.425,-0.069,-32.903,0.000,1.000,0.000,0.109,-0.263,35.926,2.212,-3.637,0.678,203.494,359.692,0.789,122.970,"Curva 3.",17.56
289.50,-176.639,0.027,-155.955,-14.214,0.013,-32.983,0.000,1.000,0.000,-0.105,-0.205,35.914,-11.377,3.823,-0.555,203.489,359.656,358.625,123.647,"Curva 3.",17.58
289.52,-176.934,0.026,-156.610,-14.324,-0.043,-32.942,0.000,1.000,0.000,0.019,-0.258,35.921,5.861,-2.800,0.333,203.469,359.657,0.037,124.331,"Curva 3.",17.60
289.54,-177.230,0.026,-157.265,-14.414,-0.002,-32.897,0.000,1.000,0.000,0.154,-0.230,35.916,5.068,1.893,-0.263,203.407,359.643,1.269,125.017,"Curva 3.",17.62
289.56,-177.500,0.027,-157.930,-14.168,0.031,-32.990,0.000,1.000,0.000,-0.105,-0.205,35.903,-13.167,1.487,-0.612,203.414,359.626,359.064,125.693,"Curva 3.",17.64
289.58,-177.785,0.027,-158.590,-14.182,-0.028,-33.008,0.000,1.000,0.000,-0.129,-0.248,35.924,0.323,-2.989,1.043,203.462,359.653,359.336,126.375,"Curva 3.",17.66
289.60,-178.086,0.027,-159.243,-14.415,0.049,-32.903,-0.061,1.000,0.000,0.123,-0.187,35.922,12.883,3.543,-0.109,203.455,359.629,1.449,127.064,"Curva 3.",17.68
289.62,-178.362,0.027,-159.906,-14.299,-0.010,-32.969,-0.070,1.000,0.000,-0.013,-0.234,35.936,-6.628,-2.991,0.683,203.469,359.644,359.809,127.744,"Curva 3.",17.70
289.64,-178.640,0.027,-160.569,-14.213,-0.006,-33.010,-0.070,1.000,0.000,-0.142,-0.227,35.939,-4.770,0.123,0.173,203.529,359.653,358.745,128.425,"Curva 3.",17.72
289.66,-178.942,0.028,-161.221,-14.443,0.029,-32.897,-0.070,1.000,0.000,0.119,-0.200,35.927,12.820,1.503,-0.613,203.507,359.638,1.031,129.115,"Curva 3.",17.74
289.68,-179.227,0.027,-161.881,-14.385,-0.050,-32.944,-0.109,1.000,0.000,0.081,-0.260,35.946,-3.601,-3.945,0.979,203.457,359.667,0.482,129.800,"Curva 3.",17.76
289.70,-179.499,0.027,-162.547,-14.156,0.021,-33.036,-0.109,1.000,0.000,-0.138,-0.206,35.941,-12.463,3.248,-0.280,203.423,359.644,358.525,130.480,"Curva 3.",17.78
289.72,-179.795,0.027,-163.202,-14.275,-0.011,-32.992,-0.293,1.000,0.000,0.021,-0.235,35.947,6.348,-1.637,0.325,203.362,359.644,0.311,131.170,"Curva 3.",17.80
289.74,-180.087,0.027,-163.859,-14.321,-0.012,-32.977,-0.293,1.000,0.000,0.131,-0.234,35.951,2.436,-0.106,0.202,203.259,359.651,1.137,131.858,"Curva 3.",17.82
289.76,-180.354,0.027,-164.527,-14.024,0.039,-33.088,-0.419,1.000,0.000,-0.151,-0.196,35.937,-15.942,2.226,-0.717,203.216,359.630,358.766,132.538,"Curva 3.",17.84
289.78,-180.640,0.027,-165.187,-14.044,-0.045,-33.107,-0.642,1.000,0.000,-0.080,-0.259,35.962,0.634,-4.218,1.244,203.118,359.661,359.531,133.225,"Curva 3.",17.86
289.80,-180.935,0.027,-165.843,-14.142,0.033,-33.063,-0.642,1.000,0.000,0.150,-0.196,35.960,5.440,3.783,-0.115,202.913,359.641,1.290,133.915,"Curva 3.",17.88
289.82,-181.202,0.027,-166.511,-13.848,0.004,-33.181,-0.913,1.000,0.000,-0.030,-0.220,35.954,-15.837,-1.609,-0.232,202.705,359.643,359.304,134.597,"Curva 3.",17.90
289.84,-181.471,0.027,-167.178,-13.580,-0.036,-33.301,-1.000,1.000,0.000,-0.146,-0.251,35.962,-14.589,-2.394,0.411,202.428,359.663,358.545,135.279,"Curva 3.",17.92
289.86,-181.759,0.028,-167.837,-13.554,0.063,-33.302,-1.000,1.000,0.000,0.093,-0.175,35.954,-1.179,4.959,-0.416,201.994,359.624,0.811,135.968,"Curva 3.",17.94
289.88,-182.024,0.027,-168.505,-13.258,-0.016,-33.404,-1.000,1.000,0.000,0.063,-0.234,35.938,-15.637,-3.909,-0.676,201.547,359.653,0.151,136.650,"Curva 3.",17.96
289.90,-182.270,0.028,-169.180,-12.739,0.011,-33.588,-1.000,1.000,0.000,-0.236,-0.218,35.921,-27.565,0.434,-0.795,201.158,359.648,358.079,137.325,"Curva 3.",17.98
289.92,-182.534,0.029,-169.850,-12.590,0.101,-33.661,-1.000,1.000,0.000,-0.104,-0.203,35.938,-8.313,4.429,0.817,200.675,359.516,359.463,138.007,"Curva 3.",18.00
289.94,-182.796,0.030,-170.519,-12.427,0.113,-33.722,-1.000,1.000,0.000,0.076,-0.231,35.938,-8.661,0.737,0.048,200.102,359.455,0.987,138.689,"Curva 3.",18.02
289.96,-183.024,0.031,-171.201,-11.842,-0.015,-33.909,-1.000,1.000,0.000,-0.217,-0.320,35.916,-30.572,-7.030,-1.022,199.608,359.520,358.743,139.358,"Curva 3.",18.04
289.98,-183.260,0.029,-171.877,-11.587,-0.177,-33.950,-1.000,1.000,0.000,-0.225,-0.367,35.871,-12.555,-8.321,-2.327,199.214,359.703,358.999,140.030,"Curva 3.",18.06
290.00,-183.507,0.028,-172.550,-11.508,-0.038,-33.979,-1.000,1.000,0.000,0.003,-0.207,35.875,-4.073,7.009,0.159,198.700,359.731,1.078,140.706,"Curva 3.",18.08
290.02,-183.723,0.027,-173.234,-11.067,-0.081,-34.090,-1.000,1.000,0.000,-0.080,-0.235,35.841,-22.672,-2.326,-1.601,198.116,359.755,359.486,141.371,"Curva 3.",18.10
290.04,-183.932,0.026,-173.920,-10.580,-0.051,-34.244,-1.000,1.000,0.000,-0.187,-0.233,35.840,-25.569,0.658,0.048,197.481,359.719,358.098,142.034,"Curva 3.",18.12
290.06,-184.162,0.026,-174.600,-10.449,0.074,-34.287,-1.000,1.000,0.000,0.119,-0.162,35.843,-6.821,6.313,0.178,196.756,359.624,0.546,142.706,"Curva 3.",18.14
290.08,-184.367,0.027,-175.286,-10.039,0.036,-34.373,-1.000,1.000,0.000,0.141,-0.204,35.808,-20.900,-1.814,-1.546,196.054,359.618,0.324,143.368,"Curva 3.",18.16
290.10,-184.544,0.028,-175.979,-9.359,0.065,-34.523,-1.000,1.000,0.000,-0.178,-0.187,35.768,-34.811,0.219,-1.824,195.464,359.608,357.925,144.018,"Curva 3.",18.18
290.12,-184.749,0.030,-176.666,-9.456,0.190,-34.514,-1.000,0.925,0.000,0.071,-0.179,35.786,4.831,6.252,0.928,195.208,359.410,0.134,144.681,"Curva 3.",18.20
290.14,-184.971,0.039,-177.352,-9.617,0.694,-34.438,-1.000,0.826,0.000,0.189,-0.153,35.761,10.868,24.410,-0.976,195.282,358.668,4.822,145.355,"Curva 3.",18.22
290.16,-185.147,0.060,-178.048,-8.810,1.328,-34.602,-1.000,0.826,0.000,-0.617,0.163,35.725,-38.372,35.011,-1.636,195.293,358.048,4.671,146.008,"Curva 3.",18.24
290.18,-185.295,0.083,-178.745,-8.392,1.232,-34.557,-1.000,0.706,0.000,-0.798,-0.007,35.574,-19.697,-4.234,-7.720,194.935,357.984,0.910,146.645,"Curva 3.",18.26
290.20,-185.478,0.097,-179.432,-8.984,0.761,-34.341,-1.000,0.706,0.000,0.539,-0.566,35.497,31.375,-23.293,-4.305,193.793,357.855,359.812,147.296,"Curva 3.",18.28
290.22,-185.694,0.111,-180.110,-9.478,0.613,-34.241,-1.000,0.632,0.000,2.032,-0.673,35.469,24.960,-8.332,0.049,192.157,358.041,2.056,147.962,"Curva 3.",18.30
290.24,-185.909,0.131,-180.782,-9.141,0.580,-34.152,-1.000,0.563,0.000,2.485,-0.411,35.269,-15.772,0.077,-7.607,190.909,358.790,5.648,148.622,"Curva 3.",18.32
290.26,-186.098,0.143,-181.457,-8.710,0.189,-34.156,-1.000,0.482,0.000,2.516,-0.348,35.158,-23.573,-16.723,-3.717,190.173,359.643,7.193,149.270,"Curva 3.",18.34
290.28,-186.268,0.149,-182.135,-8.587,0.060,-34.110,-1.000,0.482,0.000,2.787,-0.028,35.064,-6.345,-5.807,-3.247,189.608,0.351,6.237,3.721,"Curva 4.",18.36
290.30,-186.424,0.143,-182.819,-8.374,-0.373,-34.167,-1.000,0.362,0.000,2.715,-0.183,35.075,-12.423,-20.788,1.306,189.336,0.622,4.028,3.945,"Curva 4.",18.38
290.32,-186.570,0.125,-183.502,-8.060,-0.943,-34.079,-1.000,0.362,0.000,2.643,-0.516,34.928,-15.378,-28.334,-6.397,188.963,0.782,1.081,4.270,"Curva 4.",18.40
290.34,-186.713,0.095,-184.184,-7.968,-1.490,-33.975,-1.000,0.257,0.000,2.885,-0.905,34.798,-2.828,-27.543,-5.428,188.511,0.796,357.975,4.680,"Curva 4.",18.42
290.36,-186.877,0.069,-184.860,-7.885,-1.344,-33.883,-1.000,0.257,0.000,3.050,-0.745,34.673,-3.639,7.125,-5.252,188.110,0.843,358.323,5.162,"Curva 4.",18.44
290.38,-187.064,0.045,-185.539,-7.802,-1.111,-34.048,-1.000,0.141,0.000,3.191,-0.866,34.791,-4.711,11.939,7.485,187.607,0.632,2.478,5.706,"Curva 4.",18.46
290.40,-187.197,0.018,-186.218,-7.005,-1.213,-33.830,-1.000,0.141,0.000,2.632,-1.027,34.453,-38.222,-4.547,-15.833,187.299,0.388,1.010,6.248,"Curva 4.",18.48
290.42,-187.302,0.005,-186.904,-6.500,-0.463,-34.007,-1.000,0.056,0.000,2.231,-0.432,34.551,-28.276,35.957,5.728,187.173,359.840,356.720,6.800,"Curva 4.",18.50
290.44,-187.440,0.003,-187.576,-5.947,0.035,-33.634,-1.000,0.000,0.000,1.785,-0.163,34.109,-25.345,24.782,-21.717,187.034,359.641,359.494,7.382,"Curva 4.",18.52
290.46,-187.557,0.012,-188.244,-5.358,0.503,-33.408,-1.000,0.000,0.000,1.032,0.193,33.822,-27.159,24.283,-14.836,187.372,359.519,1.495,7.962,"Curva 4.",18.54
290.48,-187.602,0.024,-188.914,-3.977,0.558,-33.280,-1.000,0.000,0.000,-0.644,0.245,33.514,-67.557,-0.916,-15.776,187.891,359.526,356.794,8.520,"Curva 4.",18.56
290.50,-187.684,0.044,-189.569,-4.056,0.921,-32.837,-1.000,0.000,0.000,-0.610,0.749,33.085,6.074,18.551,-21.307,188.030,359.754,357.089,9.097,"Curva 4.",18.58
290.52,-187.792,0.066,-190.218,-4.140,1.062,-32.659,-1.000,0.000,0.000,-0.379,0.967,32.921,5.496,6.998,-8.221,187.913,359.823,0.976,9.693,"Curva 4.",18.60
290.54,-187.887,0.081,-190.866,-3.771,0.696,-32.548,-1.000,0.000,0.000,-0.399,0.656,32.764,-18.636,-17.231,-7.901,187.371,359.889,3.326,10.290,"Curva 4.",18.62
290.56,-187.964,0.095,-191.517,-3.784,0.752,-32.507,-1.000,0.000,0.000,-0.098,0.640,32.729,1.046,2.763,-1.936,186.865,359.795,2.815,10.888,"Curva 4.",18.64
290.58,-188.034,0.099,-192.162,-3.573,0.272,-32.222,-1.000,0.000,0.000,0.075,0.113,32.421,-9.658,-23.666,-15.402,186.201,359.723,1.687,11.486,"Curva 4.",18.66
290.60,-188.098,0.093,-192.805,-3.363,-0.225,-32.057,-1.000,0.000,0.000,0.376,-0.472,32.228,-9.687,-24.755,-9.406,185.321,359.561,0.033,12.087,"Curva 4.",18.68
290.62,-188.162,0.076,-193.446,-3.352,-0.716,-31.968,-1.000,0.000,0.000,0.894,-1.102,32.120,0.463,-24.515,-4.784,184.448,359.268,358.390,12.692,"Curva 4.",18.70
290.64,-188.233,0.055,-194.085,-3.332,-0.996,-31.882,-1.000,0.000,0.000,1.389,-1.451,32.008,-0.191,-13.907,-4.575,183.582,359.094,357.844,13.301,"Curva 4.",18.72
290.66,-188.321,0.036,-194.721,-3.291,-0.936,-31.877,-1.000,0.000,0.000,1.792,-1.446,31.977,-2.020,3.001,-0.311,182.687,359.088,0.053,13.917,"Curva 4.",18.74
290.68,-188.396,0.021,-195.351,-3.092,-0.982,-31.659,-1.000,0.000,0.000,1.875,-1.284,31.744,-9.600,-1.969,-11.270,182.141,359.544,1.491,14.525,"Curva 4.",18.76
290.70,-188.427,0.014,-195.980,-2.687,-0.434,-31.515,-1.000,0.000,0.000,1.526,-0.470,31.592,-20.979,26.685,-7.863,182.141,359.833,357.911,15.117,"Curva 4.",18.78
290.72,-188.475,0.015,-196.599,-2.229,-0.156,-31.075,-1.000,0.000,0.000,1.153,-0.005,31.134,-22.514,13.158,-22.853,181.982,0.216,358.313,15.708,"Curva 4.",18.80
290.74,-188.535,0.024,-197.206,-1.904,0.409,-30.437,-1.000,0.097,0.000,1.018,0.599,30.477,-14.627,28.336,-32.536,181.693,0.402,1.326,16.293,"Curva 4.",18.82
290.76,-188.541,0.034,-197.807,-0.970,0.511,-30.036,-1.000,0.164,0.000,0.161,0.718,30.047,-46.249,4.104,-21.345,181.518,0.389,358.939,16.856,"Curva 4.",18.84
290.78,-188.543,0.042,-198.401,-0.209,0.451,-29.658,-1.000,0.245,0.000,-0.283,0.556,29.655,-37.576,-4.534,-19.498,180.909,0.222,357.738,17.414,"Curva 4.",18.86
290.80,-188.564,0.054,-198.989,-0.055,0.675,-29.326,-1.000,0.245,0.000,0.023,0.681,29.326,-7.787,11.129,-16.576,180.054,0.012,359.685,17.974,"Curva 4.",18.88
290.82,-188.569,0.057,-199.571,0.289,0.272,-29.067,-1.000,0.342,0.000,0.105,0.169,29.069,-17.481,-19.997,-12.777,179.224,359.798,0.307,18.527,"Curva 4.",18.90
290.84,-188.555,0.054,-200.151,0.741,-0.059,-28.914,-1.000,0.451,0.000,0.042,-0.258,28.922,-22.597,-16.778,-7.191,178.454,359.604,359.327,19.074,"Curva 4.",18.92
290.86,-188.546,0.047,-200.727,0.769,-0.291,-28.776,-1.000,0.451,0.000,0.413,-0.544,28.780,-1.499,-11.572,-6.902,177.662,359.486,359.281,19.621,"Curva 4.",18.94
290.88,-188.542,0.041,-201.300,0.828,-0.341,-28.605,-1.000,0.526,0.000,0.704,-0.579,28.604,-3.432,-2.398,-8.437,176.926,359.531,0.326,20.168,"Curva 4.",18.96
290.90,-188.524,0.035,-201.865,1.057,-0.411,-28.346,-1.000,0.594,0.000,0.738,-0.506,28.355,-12.232,-3.448,-12.171,176.374,359.809,0.025,20.705,"Curva 4.",18.98
290.92,-188.492,0.032,-202.425,1.387,-0.266,-28.071,-1.000,0.594,0.000,0.562,-0.226,28.100,-17.554,6.867,-12.600,176.035,0.059,358.814,21.234,"Curva 4.",19.00
290.94,-188.463,0.032,-202.980,1.758,-0.069,-27.779,-1.000,0.669,0.000,0.316,0.026,27.833,-19.727,9.608,-13.215,175.727,0.188,359.377,21.762,"Curva 4.",19.02
290.96,-188.425,0.035,-203.530,2.253,0.155,-27.468,-1.000,0.735,0.000,0.035,0.237,27.559,-25.985,11.111,-13.499,175.236,0.170,359.850,22.283,"Curva 4.",19.04
290.98,-188.369,0.039,-204.074,2.853,0.247,-27.196,-1.000,0.813,0.000,-0.270,0.267,27.343,-31.196,4.043,-10.705,174.568,0.051,359.034,22.796,"Curva 4.",19.06
291.00,-188.311,0.042,-204.615,3.296,0.243,-26.949,-1.000,0.951,0.000,-0.351,0.196,27.148,-23.396,-0.522,-9.864,173.762,359.913,359.240,23.306,"Curva 4.",19.08
291.02,-188.254,0.045,-205.153,3.511,0.209,-26.792,-1.000,0.951,0.000,-0.192,0.111,27.021,-11.631,-1.619,-6.463,172.942,359.791,0.238,23.816,"Curva 4.",19.10
291.04,-188.182,0.046,-205.687,3.781,0.047,-26.643,-1.000,1.000,0.000,-0.127,-0.069,26.909,-14.318,-8.152,-5.600,172.195,359.755,359.727,24.319,"Curva 4.",19.12
291.06,-188.103,0.044,-206.219,4.036,-0.084,-26.579,-1.000,1.000,0.000,-0.084,-0.201,26.883,-13.006,-6.681,-1.309,171.550,359.752,359.277,24.822,"Curva 4.",19.14
291.08,-188.029,0.042,-206.752,4.188,-0.122,-26.590,-1.000,1.000,0.000,0.030,-0.247,26.917,-7.407,-1.883,1.754,170.985,359.734,0.052,25.328,"Curva 4.",19.16
291.10,-187.946,0.039,-207.285,4.407,-0.142,-26.590,-1.000,0.931,0.000,0.066,-0.266,26.951,-10.826,-1.023,1.777,170.447,359.738,0.076,25.833,"Curva 4.",19.18
291.12,-187.850,0.037,-207.816,4.734,-0.107,-26.594,-1.000,0.854,0.000,0.001,-0.232,27.011,-16.068,1.490,3.068,169.913,359.735,359.168,26.335,"Curva 4.",19.20
291.14,-187.757,0.036,-208.351,4.993,-0.054,-26.670,-1.000,0.742,0.000,-0.005,-0.190,27.133,-12.047,2.553,6.152,169.411,359.714,359.580,26.843,"Curva 4.",19.22
291.16,-187.659,0.036,-208.887,5.287,0.040,-26.726,-1.000,0.742,0.000,-0.024,-0.115,27.243,-13.898,4.679,5.598,168.861,359.675,0.072,27.353,"Curva 4.",19.24
291.18,-187.546,0.037,-209.422,5.680,0.065,-26.727,-1.000,0.562,0.000,-0.133,-0.095,27.323,-19.245,1.031,4.042,168.283,359.668,359.374,27.860,"Curva 4.",19.26
291.20,-187.430,0.039,-209.958,6.028,0.060,-26.746,-1.000,0.562,0.000,-0.192,-0.096,27.416,-16.785,-0.509,4.665,167.702,359.679,359.306,28.369,"Curva 4.",19.28
291.22,-187.315,0.040,-210.495,6.252,0.079,-26.749,-1.000,0.562,0.000,-0.134,-0.072,27.470,-10.872,0.956,2.646,167.125,359.686,0.090,28.881,"Curva 4.",19.30
291.24,-187.187,0.041,-211.029,6.529,0.021,-26.684,-1.000,0.483,0.000,-0.155,-0.105,27.470,-14.224,-2.925,0.020,166.574,359.737,359.784,29.389,"Curva 4.",19.32
291.26,-187.052,0.041,-211.560,6.816,-0.026,-26.587,-1.000,0.402,0.000,-0.207,-0.127,27.446,-15.047,-2.568,-1.254,166.058,359.796,359.268,29.896,"Curva 4.",19.34
291.28,-186.921,0.041,-212.093,6.977,-0.037,-26.511,-1.000,0.402,0.000,-0.143,-0.119,27.413,-8.747,-0.534,-1.669,165.555,359.829,359.931,30.405,"Curva 4.",19.36
291.30,-186.782,0.040,-212.621,7.175,-0.042,-26.380,-1.000,0.306,0.000,-0.122,-0.112,27.338,-11.285,-0.250,-3.743,165.039,359.853,0.037,30.911,"Curva 4.",19.38
291.32,-186.633,0.039,-213.145,7.452,-0.037,-26.199,-1.000,0.173,0.000,-0.186,-0.101,27.238,-15.735,0.100,-5.033,164.517,359.869,359.294,31.413,"Curva 4.",19.40
291.34,-186.486,0.039,-213.667,7.667,-0.021,-26.025,-1.000,0.173,0.000,-0.179,-0.081,27.130,-12.745,0.666,-5.406,163.965,359.877,359.544,31.914,"Curva 4.",19.42
291.36,-186.337,0.039,-214.186,7.850,0.028,-25.826,-1.000,0.173,0.000,-0.135,-0.030,26.993,-11.620,2.508,-6.904,163.380,359.877,0.085,32.413,"Curva 4.",19.44
291.38,-186.176,0.040,-214.698,8.116,0.030,-25.573,-1.000,0.095,0.000,-0.194,-0.022,26.829,-16.427,-0.016,-8.160,162.807,359.893,359.536,32.906,"Curva 4.",19.46
291.40,-186.012,0.041,-215.205,8.366,0.024,-25.317,-1.000,0.021,0.000,-0.239,-0.020,26.662,-15.837,-0.506,-8.396,162.228,359.913,359.302,33.395,"Curva 4.",19.48
291.42,-185.851,0.042,-215.710,8.515,0.043,-25.082,-1.000,0.000,0.000,-0.175,0.006,26.487,-10.763,0.979,-8.809,161.627,359.921,-0.003,33.882,"Curva 4.",19.50
291.44,-185.681,0.042,-216.207,8.701,0.021,-24.804,-1.000,0.000,0.000,-0.165,-0.006,26.285,-13.294,-1.114,-10.101,161.031,359.941,359.871,34.363,"Curva 4.",19.52
291.46,-185.505,0.043,-216.698,8.926,0.000,-24.514,-1.000,0.000,0.000,-0.197,-0.023,26.088,-15.442,-1.243,-9.900,160.427,359.955,359.298,34.839,"Curva 4.",19.54
291.48,-185.331,0.042,-217.186,9.072,-0.006,-24.255,-1.000,0.155,0.000,-0.134,-0.026,25.896,-11.315,-0.358,-9.617,159.792,359.958,359.734,35.313,"Curva 4.",19.56
291.50,-185.154,0.043,-217.668,9.210,0.003,-23.969,-1.000,0.155,0.000,-0.075,-0.014,25.677,-11.555,0.489,-10.941,159.149,359.962,0.036,35.782,"Curva 4.",19.58
291.52,-184.967,0.042,-218.141,9.421,-0.005,-23.660,-1.000,0.237,0.000,-0.099,-0.020,25.466,-15.488,-0.522,-10.506,158.511,359.966,359.453,36.244,"Curva 4.",19.60
291.54,-184.780,0.042,-218.611,9.613,-0.007,-23.367,-1.000,0.237,0.000,-0.094,-0.023,25.267,-14.401,-0.277,-9.919,157.853,359.966,359.427,36.702,"Curva 4.",19.62
291.56,-184.593,0.043,-219.076,9.761,0.025,-23.090,-1.000,0.311,0.000,-0.041,0.005,25.068,-12.185,1.595,-9.926,157.180,359.956,359.967,37.158,"Curva 4.",19.64
291.58,-184.398,0.043,-219.533,9.959,0.019,-22.781,-1.000,0.376,0.000,-0.060,0.001,24.863,-15.261,-0.332,-10.212,156.525,359.958,359.703,37.606,"Curva 4.",19.66
291.60,-184.197,0.043,-219.984,10.185,0.011,-22.481,-1.000,0.488,0.000,-0.106,-0.010,24.680,-16.407,-0.620,-9.058,155.874,359.955,359.316,38.050,"Curva 4.",19.68
291.62,-183.998,0.044,-220.432,10.350,0.020,-22.230,-1.000,0.488,0.000,-0.079,-0.006,24.521,-12.750,0.408,-7.953,155.220,359.941,359.780,38.491,"Curva 4.",19.70
291.64,-183.793,0.044,-220.875,10.521,0.019,-21.969,-1.000,0.686,0.000,-0.073,-0.011,24.359,-13.350,-0.044,-8.084,154.582,359.931,359.915,38.928,"Curva 4.",19.72
291.66,-183.580,0.044,-221.310,10.741,0.002,-21.707,-1.000,0.686,0.000,-0.123,-0.032,24.219,-15.639,-0.977,-6.969,153.964,359.922,359.435,39.359,"Curva 4.",19.74
291.68,-183.367,0.044,-221.743,10.933,-0.007,-21.498,-1.000,0.686,0.000,-0.131,-0.048,24.117,-13.228,-0.561,-5.060,153.357,359.905,359.571,39.789,"Curva 4.",19.76
291.70,-183.152,0.044,-222.173,11.100,0.009,-21.321,-1.000,0.608,0.000,-0.108,-0.043,24.037,-11.512,0.785,-4.016,152.754,359.877,359.971,40.217,"Curva 4.",19.78
291.72,-182.929,0.043,-222.597,11.314,-0.003,-21.128,-1.000,0.608,0.000,-0.140,-0.062,23.966,-13.958,-0.650,-3.554,152.165,359.861,359.654,40.640,"Curva 4.",19.80
291.74,-182.701,0.043,-223.018,11.538,-0.010,-20.961,-1.000,0.538,0.000,-0.174,-0.076,23.926,-13.797,-0.504,-1.979,151.587,359.846,359.444,41.062,"Curva 4.",19.82
291.76,-182.473,0.043,-223.438,11.717,0.006,-20.840,-1.000,0.451,0.000,-0.150,-0.067,23.908,-10.781,0.783,-0.958,151.014,359.825,359.876,41.484,"Curva 4.",19.84
291.78,-182.239,0.043,-223.855,11.914,0.005,-20.696,-1.000,0.246,0.000,-0.155,-0.070,23.880,-12.122,-0.069,-1.427,150.445,359.821,359.855,41.904,"Curva 4.",19.86
291.80,-181.999,0.043,-224.266,12.133,-0.002,-20.529,-1.000,0.246,0.000,-0.195,-0.075,23.846,-13.624,-0.482,-1.711,149.888,359.830,359.473,42.320,"Curva 4.",19.88
291.82,-181.758,0.043,-224.677,12.306,-0.001,-20.387,-1.000,0.246,0.000,-0.187,-0.067,23.812,-11.063,0.004,-1.716,149.336,359.844,359.707,42.737,"Curva 4.",19.90
291.84,-181.515,0.043,-225.085,12.453,0.009,-20.222,-1.000,0.246,0.000,-0.172,-0.048,23.748,-10.588,0.497,-3.251,148.788,359.863,359.953,43.151,"Curva 4.",19.92
291.86,-181.264,0.044,-225.486,12.622,0.000,-20.008,-1.000,0.164,0.000,-0.205,-0.045,23.656,-12.831,-0.502,-4.649,148.251,359.893,359.612,43.561,"Curva 4.",19.94
291.88,-181.013,0.044,-225.884,12.769,-0.005,-19.791,-1.000,0.101,0.000,-0.220,-0.039,23.551,-11.991,-0.350,-5.258,147.706,359.922,359.555,43.969,"Curva 4.",19.96
291.90,-180.761,0.044,-226.279,12.874,0.009,-19.581,-1.000,0.032,0.000,-0.190,-0.017,23.433,-10.091,0.683,-5.956,147.142,359.937,359.912,44.376,"Curva 4.",19.98
291.92,-180.505,0.044,-226.668,12.995,0.006,-19.331,-1.000,0.000,0.000,-0.196,-0.015,23.292,-11.921,-0.197,-7.105,146.572,359.951,359.777,44.777,"Curva 4.",20.00
291.94,-180.245,0.045,-227.051,13.123,0.001,-19.062,-1.000,0.000,0.000,-0.215,-0.016,23.141,-12.833,-0.327,-7.566,145.988,359.961,359.504,45.174,"Curva 4.",20.02
291.96,-179.987,0.045,-227.431,13.208,0.008,-18.808,-1.000,0.000,0.000,-0.184,-0.007,22.982,-10.729,0.291,-8.032,145.379,359.966,359.774,45.570,"Curva 4.",20.04
291.98,-179.726,0.045,-227.805,13.283,0.013,-18.531,-1.000,0.000,0.000,-0.157,0.003,22.799,-11.037,0.242,-9.145,144.764,359.975,359.890,45.960,"Curva 4.",20.06
292.00,-179.462,0.045,-228.172,13.380,0.007,-18.229,-1.000,0.000,0.000,-0.166,0.001,22.611,-12.780,-0.402,-9.417,144.144,359.988,359.581,46.345,"Curva 4.",20.08
292.02,-179.197,0.045,-228.534,13.462,0.004,-17.943,-1.000,0.000,0.000,-0.149,0.001,22.430,-11.804,-0.218,-9.067,143.501,-0.005,359.620,46.727,"Curva 4.",20.10
292.04,-178.933,0.046,-228.892,13.520,0.014,-17.662,-1.000,0.000,0.000,-0.108,0.012,22.242,-10.800,0.474,-9.433,142.844,-0.004,359.885,47.105,"Curva 4.",20.12
292.06,-178.665,0.046,-229.241,13.593,0.009,-17.355,-1.000,0.079,0.000,-0.099,0.009,22.044,-12.266,-0.327,-9.868,142.189,0.001,359.720,47.477,"Curva 4.",20.14
292.08,-178.395,0.046,-229.585,13.674,0.003,-17.050,-1.000,0.161,0.000,-0.096,0.003,21.855,-12.688,-0.384,-9.447,141.521,0.003,359.547,47.844,"Curva 4.",20.16
292.10,-178.126,0.046,-229.925,13.737,0.009,-16.763,-1.000,0.377,0.000,-0.063,0.008,21.673,-11.501,0.261,-9.097,140.833,-0.001,359.768,48.209,"Curva 4.",20.18
292.12,-177.855,0.046,-230.258,13.799,0.011,-16.462,-1.000,0.377,0.000,-0.044,0.011,21.480,-12.049,0.080,-9.580,140.145,-0.001,359.813,48.568,"Curva 4.",20.20
292.14,-177.580,0.046,-230.584,13.888,0.006,-16.156,-1.000,0.377,0.000,-0.054,0.004,21.305,-13.295,-0.377,-8.735,139.464,-0.003,359.580,48.922,"Curva 4.",20.22
292.16,-177.306,0.046,-230.906,13.975,0.005,-15.876,-1.000,0.377,0.000,-0.051,0.000,21.150,-12.488,-0.113,-7.685,138.784,359.987,359.643,49.272,"Curva 4.",20.24
292.18,-177.030,0.047,-231.223,14.055,0.012,-15.608,-1.000,0.293,0.000,-0.042,0.002,21.004,-11.915,0.325,-7.281,138.114,359.973,359.825,49.619,"Curva 4.",20.26
292.20,-176.750,0.047,-231.533,14.152,0.007,-15.329,-1.000,0.231,0.000,-0.064,-0.007,20.862,-13.026,-0.338,-7.036,137.463,359.964,359.679,49.961,"Curva 4.",20.28
292.22,-176.469,0.047,-231.837,14.256,0.001,-15.060,-1.000,0.154,0.000,-0.092,-0.015,20.737,-12.987,-0.358,-6.241,136.826,359.956,359.583,50.298,"Curva 4.",20.30
292.24,-176.187,0.047,-232.138,14.342,0.006,-14.813,-1.000,0.154,0.000,-0.098,-0.012,20.618,-11.631,0.211,-5.912,136.200,359.949,359.780,50.634,"Curva 4.",20.32
292.26,-175.902,0.047,-232.433,14.423,0.006,-14.557,-1.000,0.000,0.000,-0.116,-0.012,20.492,-11.889,-0.086,-6.299,135.590,359.951,359.788,50.965,"Curva 4.",20.34
292.28,-175.615,0.047,-232.722,14.508,0.000,-14.295,-1.000,0.000,0.000,-0.148,-0.016,20.366,-12.266,-0.371,-6.286,134.993,359.960,359.624,51.291,"Curva 4.",20.36
292.30,-175.327,0.047,-233.007,14.572,0.000,-14.048,-1.000,0.000,0.000,-0.158,-0.012,20.240,-11.068,-0.032,-6.342,134.398,359.969,359.716,51.615,"Curva 4.",20.38
292.32,-175.039,0.047,-233.287,14.616,0.005,-13.797,-1.000,0.000,0.000,-0.159,-0.003,20.099,-10.569,0.210,-7.095,133.801,359.980,359.838,51.935,"Curva 4.",20.40
292.34,-174.749,0.047,-233.561,14.660,0.002,-13.528,-1.000,0.000,0.000,-0.174,-0.001,19.947,-11.279,-0.195,-7.603,133.201,-0.005,359.705,52.250,"Curva 4.",20.42
292.36,-174.459,0.047,-233.830,14.694,0.001,-13.265,-1.000,0.000,0.000,-0.178,0.002,19.795,-10.884,-0.113,-7.644,132.587,0.005,359.667,52.562,"Curva 4.",20.44
292.38,-174.169,0.048,-234.094,14.712,0.007,-13.010,-1.000,0.000,0.000,-0.160,0.010,19.639,-10.041,0.263,-7.848,131.955,0.010,359.816,52.871,"Curva 4.",20.46
292.40,-173.878,0.048,-234.353,14.727,0.007,-12.742,-1.000,0.000,0.000,-0.152,0.011,19.473,-10.601,-0.025,-8.304,131.313,0.014,359.779,53.175,"Curva 4.",20.48
292.42,-173.586,0.048,-234.606,14.747,0.005,-12.466,-1.000,0.000,0.000,-0.151,0.009,19.309,-11.107,-0.194,-8.222,130.655,0.016,359.655,53.475,"Curva 4.",20.50
292.44,-173.295,0.048,-234.855,14.758,0.007,-12.203,-1.000,0.221,0.000,-0.130,0.011,19.149,-10.422,0.056,-8.015,129.977,0.014,359.746,53.771,"Curva 4.",20.52
292.46,-173.004,0.048,-235.099,14.760,0.009,-11.936,-1.000,0.221,0.000,-0.109,0.014,18.982,-10.387,0.090,-8.358,129.290,0.014,359.816,54.064,"Curva 4.",20.54
292.48,-172.712,0.048,-235.336,14.770,0.006,-11.660,-1.000,0.221,0.000,-0.102,0.011,18.817,-11.098,-0.244,-8.259,128.600,0.017,359.697,54.352,"Curva 4.",20.56
292.50,-172.420,0.048,-235.569,14.784,0.004,-11.394,-1.000,0.221,0.000,-0.092,0.008,18.665,-10.906,-0.163,-7.598,127.905,0.015,359.685,54.636,"Curva 4.",20.58
292.52,-172.128,0.049,-235.797,14.794,0.007,-11.139,-1.000,0.306,0.000,-0.076,0.010,18.519,-10.502,0.127,-7.304,127.211,0.009,359.795,54.916,"Curva 4.",20.60
292.54,-171.836,0.049,-236.019,14.809,0.006,-10.874,-1.000,0.373,0.000,-0.076,0.007,18.372,-11.067,-0.119,-7.320,126.525,0.005,359.748,55.192,"Curva 4.",20.62
292.56,-171.542,0.049,-236.235,14.832,0.003,-10.608,-1.000,0.237,0.000,-0.086,0.003,18.235,-11.464,-0.208,-6.838,125.843,0.001,359.660,55.464,"Curva 4.",20.64
292.58,-171.249,0.049,-236.448,14.856,0.005,-10.357,-1.000,0.237,0.000,-0.089,0.003,18.110,-10.942,0.058,-6.244,125.165,359.994,359.741,55.733,"Curva 4.",20.66
292.60,-170.955,0.049,-236.655,14.879,0.007,-10.107,-1.000,0.000,0.000,-0.097,0.003,17.987,-10.933,0.048,-6.142,124.498,359.989,359.786,55.998,"Curva 4.",20.68
292.62,-170.660,0.049,-236.856,14.905,0.004,-9.854,-1.000,0.000,0.000,-0.116,-0.001,17.868,-11.254,-0.215,-5.940,123.842,359.986,359.699,56.258,"Curva 4.",20.70
292.64,-170.364,0.049,-237.053,14.926,0.002,-9.610,-1.000,0.000,0.000,-0.130,-0.003,17.752,-10.788,-0.124,-5.792,123.194,359.986,359.711,56.516,"Curva 4.",20.72
292.66,-170.069,0.049,-237.246,14.932,0.004,-9.372,-1.000,0.000,0.000,-0.135,0.001,17.628,-10.191,0.071,-6.199,122.552,359.990,359.800,56.770,"Curva 4.",20.74
292.68,-169.773,0.049,-237.433,14.928,0.002,-9.127,-1.000,0.000,0.000,-0.146,0.002,17.496,-10.309,-0.136,-6.623,121.918,0.001,359.764,57.020,"Curva 4.",20.76
292.70,-169.478,0.049,-237.615,14.918,0.000,-8.883,-1.000,0.093,0.000,-0.156,0.003,17.362,-10.161,-0.162,-6.753,121.285,0.012,359.714,57.266,"Curva 4.",20.78
292.72,-169.183,0.049,-237.793,14.898,0.002,-8.646,-1.000,0.174,0.000,-0.155,0.008,17.225,-9.675,0.054,-6.893,120.645,0.020,359.777,57.509,"Curva 4.",20.80
292.74,-168.888,0.049,-237.966,14.873,0.004,-8.404,-1.000,0.174,0.000,-0.156,0.011,17.083,-9.857,0.049,-7.135,119.993,0.026,359.789,57.748,"Curva 4.",20.82
292.76,-168.594,0.050,-238.134,14.850,0.003,-8.159,-1.000,0.416,0.000,-0.161,0.011,16.943,-10.100,-0.071,-7.013,119.329,0.027,359.728,57.983,"Curva 4.",20.84
292.78,-168.300,0.050,-238.297,14.827,0.004,-7.922,-1.000,0.416,0.000,-0.158,0.010,16.810,-9.863,0.006,-6.691,118.652,0.022,359.746,58.215,"Curva 4.",20.86
292.80,-168.007,0.050,-238.457,14.806,0.007,-7.690,-1.000,0.416,0.000,-0.152,0.010,16.683,-9.769,0.066,-6.371,117.967,0.015,359.790,58.443,"Curva 4.",20.88
292.82,-167.714,0.050,-238.611,14.792,0.006,-7.458,-1.000,0.416,0.000,-0.153,0.007,16.565,-9.991,-0.095,-5.930,117.283,0.006,359.755,58.668,"Curva 4.",20.90
292.84,-167.421,0.050,-238.761,14.786,0.004,-7.233,-1.000,0.512,0.000,-0.155,0.002,16.460,-9.914,-0.130,-5.298,116.605,-0.004,359.735,58.890,"Curva 4.",20.92
292.86,-167.128,0.050,-238.906,14.786,0.004,-7.017,-1.000,0.583,0.000,-0.156,-0.001,16.366,-9.694,-0.029,-4.738,115.936,359.986,359.776,59.108,"Curva 4.",20.94
292.88,-166.834,0.050,-239.048,14.793,0.003,-6.802,-1.000,0.672,0.000,-0.165,-0.004,16.281,-9.878,-0.083,-4.272,115.274,359.977,359.771,59.323,"Curva 4.",20.96
292.90,-166.540,0.050,-239.184,14.811,0.001,-6.592,-1.000,0.672,0.000,-0.177,-0.008,16.211,-9.905,-0.134,-3.570,114.621,359.969,359.740,59.536,"Curva 4.",20.98
292.92,-166.246,0.050,-239.318,14.840,0.001,-6.395,-1.000,0.964,0.000,-0.186,-0.012,16.159,-9.587,-0.042,-2.636,113.974,359.958,359.767,59.746,"Curva 4.",21.00
292.94,-165.950,0.049,-239.447,14.880,0.001,-6.207,-1.000,0.964,0.000,-0.193,-0.015,16.122,-9.426,-0.022,-1.891,113.331,359.944,359.789,59.953,"Curva 4.",21.02
292.96,-165.654,0.049,-239.573,14.940,0.000,-6.028,-1.000,0.964,0.000,-0.201,-0.021,16.109,-9.440,-0.101,-0.733,112.687,359.928,359.763,60.158,"Curva 4.",21.04
292.98,-165.355,0.049,-239.695,15.014,-0.001,-5.860,-1.000,0.964,0.000,-0.203,-0.027,16.116,-9.147,-0.076,0.292,112.043,359.909,359.766,60.362,"Curva 4.",21.06
293.00,-165.055,0.049,-239.815,15.105,0.000,-5.706,-1.000,0.964,0.000,-0.197,-0.032,16.145,-8.831,-0.014,1.419,111.396,359.888,359.800,60.565,"Curva 4.",21.08
293.02,-164.753,0.049,-239.931,15.212,-0.001,-5.559,-1.000,1.000,0.000,-0.189,-0.039,16.195,-8.777,-0.082,2.413,110.742,359.869,359.790,60.766,"Curva 4.",21.10
293.04,-164.448,0.049,-240.045,15.334,-0.002,-5.418,-1.000,1.000,0.000,-0.176,-0.045,16.262,-8.698,-0.109,3.323,110.081,359.852,359.772,60.966,"Curva 4.",21.12
293.06,-164.141,0.048,-240.156,15.466,-0.002,-5.284,-1.000,1.000,0.000,-0.157,-0.049,16.343,-8.524,-0.041,4.016,109.414,359.839,359.792,61.166,"Curva 4.",21.14
293.08,-163.831,0.048,-240.265,15.606,-0.002,-5.151,-1.000,1.000,0.000,-0.136,-0.051,16.433,-8.577,-0.036,4.462,108.741,359.830,359.798,61.366,"Curva 4.",21.16
293.10,-163.517,0.048,-240.370,15.753,-0.003,-5.014,-1.000,1.000,0.000,-0.117,-0.054,16.531,-8.749,-0.085,4.858,108.062,359.826,359.774,61.565,"Curva 4.",21.18
293.12,-163.201,0.048,-240.474,15.904,-0.003,-4.878,-1.000,1.000,0.000,-0.095,-0.055,16.635,-8.769,-0.050,5.204,107.380,359.823,359.775,61.763,"Curva 4.",21.20
293.14,-162.882,0.048,-240.574,16.058,-0.002,-4.738,-1.000,1.000,0.000,-0.073,-0.055,16.743,-8.907,-0.013,5.365,106.690,359.820,359.786,61.961,"Curva 4.",21.22
293.16,-162.559,0.048,-240.672,16.214,-0.002,-4.592,-1.000,1.000,0.000,-0.053,-0.056,16.851,-9.173,-0.058,5.439,105.993,359.818,359.769,62.159,"Curva 4.",21.24
293.18,-162.233,0.048,-240.766,16.370,-0.003,-4.442,-1.000,1.000,0.000,-0.032,-0.057,16.961,-9.306,-0.068,5.553,105.290,359.816,359.759,62.356,"Curva 4.",21.26
293.20,-161.904,0.048,-240.858,16.526,-0.002,-4.288,-1.000,1.000,0.000,-0.011,-0.058,17.073,-9.423,-0.035,5.641,104.581,359.813,359.768,62.552,"Curva 4.",21.28
293.22,-161.572,0.048,-240.947,16.682,-0.002,-4.128,-1.000,1.000,0.000,0.010,-0.059,17.185,-9.634,-0.058,5.657,103.866,359.810,359.763,62.748,"Curva 4.",21.30
293.24,-161.237,0.048,-241.032,16.838,-0.003,-3.962,-1.000,1.000,0.000,0.028,-0.061,17.298,-9.855,-0.091,5.709,103.147,359.808,359.747,62.944,"Curva 4.",21.32
293.26,-160.898,0.048,-241.114,16.994,-0.003,-3.792,-1.000,1.000,0.000,0.047,-0.062,17.412,-9.966,-0.062,5.789,102.424,359.805,359.749,63.138,"Curva 4.",21.34
293.28,-160.557,0.048,-241.192,17.149,-0.002,-3.617,-1.000,1.000,0.000,0.065,-0.062,17.526,-10.120,-0.052,5.813,101.698,359.803,359.754,63.332,"Curva 4.",21.36
293.30,-160.212,0.047,-241.267,17.303,-0.003,-3.436,-1.000,1.000,0.000,0.081,-0.064,17.641,-10.374,-0.086,5.832,100.969,359.801,359.738,63.525,"Curva 4.",21.38
293.32,-159.864,0.047,-241.338,17.456,-0.003,-3.250,-1.000,1.000,0.000,0.096,-0.065,17.756,-10.524,-0.081,5.888,100.236,359.799,359.732,63.717,"Curva 4.",21.40
293.34,-159.513,0.047,-241.406,17.608,-0.003,-3.059,-1.000,1.000,0.000,0.111,-0.066,17.872,-10.658,-0.048,5.920,99.499,359.797,359.738,63.908,"Curva 4.",21.42
293.36,-159.159,0.047,-241.469,17.759,-0.003,-2.863,-1.000,1.000,0.000,0.126,-0.066,17.987,-10.821,-0.071,5.933,98.759,359.795,359.734,64.098,"Curva 4.",21.44
293.38,-158.802,0.047,-241.529,17.907,-0.003,-2.664,-1.000,1.000,0.000,0.141,-0.068,18.104,-10.880,-0.096,5.973,98.019,359.793,359.728,64.287,"Curva 4.",21.46
293.40,-158.441,0.047,-241.584,18.054,0.001,-2.463,-0.864,1.000,0.000,0.156,-0.066,18.221,-10.916,0.132,6.017,97.279,359.785,359.709,64.474,"Curva 4.",21.48
293.42,-158.078,0.047,-241.635,18.199,0.016,-2.256,-0.864,1.000,0.000,0.170,-0.059,18.338,-11.111,0.651,6.015,96.538,359.762,359.623,64.661,"Curva 4.",21.50
293.44,-157.712,0.048,-241.682,18.341,0.032,-2.039,-0.864,1.000,0.000,0.180,-0.055,18.453,-11.516,0.671,5.959,95.787,359.726,359.538,64.846,"Curva 4.",21.52
293.46,-157.342,0.048,-241.725,18.480,0.046,-1.811,-0.826,1.000,0.000,0.188,-0.054,18.567,-11.968,0.574,5.921,95.017,359.685,359.495,65.030,"Curva 4.",21.54
293.48,-156.970,0.049,-241.763,18.616,0.051,-1.582,-0.777,1.000,0.000,0.203,-0.061,18.682,-11.923,0.093,5.953,94.236,359.651,359.476,65.213,"Curva 4.",21.56
293.50,-156.596,0.050,-241.797,18.749,0.047,-1.362,-0.777,1.000,0.000,0.228,-0.073,18.797,-11.386,-0.327,5.988,93.460,359.625,359.442,65.394,"Curva 4.",21.58
293.52,-156.218,0.050,-241.826,18.881,0.040,-1.143,-0.700,1.000,0.000,0.255,-0.088,18.913,-11.244,-0.531,6.049,92.693,359.602,359.365,65.574,"Curva 4.",21.60
293.54,-155.838,0.051,-241.851,19.009,0.032,-0.927,-0.671,1.000,0.000,0.288,-0.104,19.029,-10.968,-0.569,6.031,91.931,359.580,359.324,65.752,"Curva 4.",21.62
293.56,-155.456,0.051,-241.871,19.131,0.041,-0.717,-0.671,1.000,0.000,0.327,-0.097,19.141,-10.671,0.243,5.900,91.170,359.574,359.238,65.930,"Curva 4.",21.64
293.58,-155.071,0.053,-241.886,19.254,0.058,-0.493,-0.671,1.000,0.000,0.356,-0.079,19.257,-11.251,0.642,6.091,90.411,359.576,359.067,66.105,"Curva 4.",21.66
293.60,-154.683,0.054,-241.897,19.385,0.075,-0.254,-0.797,1.000,0.000,0.372,-0.060,19.383,-11.904,0.583,6.596,89.654,359.582,358.955,66.280,"Curva 4.",21.68
293.62,-154.293,0.056,-241.904,19.512,0.086,-0.012,-0.797,1.000,0.000,0.387,-0.047,19.509,-11.969,0.286,6.619,88.901,359.587,358.926,66.453,"Curva 4.",21.70
293.64,-153.901,0.058,-241.905,19.631,0.088,0.226,-0.797,1.000,0.000,0.405,-0.044,19.628,-11.742,-0.191,6.319,88.160,359.589,358.842,66.625,"Curva 4.",21.72
293.66,-153.506,0.059,-241.901,19.742,0.083,0.468,-0.797,1.000,0.000,0.420,-0.050,19.743,-11.787,-0.596,6.078,87.427,359.588,358.693,66.795,"Curva 4.",21.74
293.68,-153.108,0.061,-241.893,19.851,0.074,0.703,-0.797,1.000,0.000,0.444,-0.059,19.859,-11.433,-0.737,6.123,86.695,359.584,358.623,66.964,"Curva 4.",21.76
293.70,-152.709,0.062,-241.880,19.955,0.068,0.940,-0.768,1.000,0.000,0.471,-0.067,19.972,-11.406,-0.655,6.022,85.960,359.579,358.559,67.132,"Curva 4.",21.78
293.72,-152.308,0.063,-241.864,20.050,0.004,1.193,-0.768,1.000,0.000,0.485,-0.109,20.079,-12.177,-3.497,5.737,85.217,359.645,358.702,67.299,"Curva 4.",21.80
293.74,-151.905,0.062,-241.843,20.146,-0.075,1.441,-0.545,1.000,0.000,0.505,-0.144,20.190,-11.782,-4.208,5.955,84.485,359.778,358.930,67.465,"Curva 4.",21.82
293.76,-151.500,0.061,-241.817,20.249,-0.117,1.652,-0.545,1.000,0.000,0.544,-0.140,20.309,-9.885,-2.240,6.263,83.808,359.914,359.159,67.630,"Curva 4.",21.84
293.78,-151.094,0.060,-241.785,20.347,-0.134,1.866,-0.448,1.000,0.000,0.565,-0.110,20.425,-10.059,-0.977,6.171,83.181,0.043,359.182,67.792,"Curva 4.",21.86
293.80,-150.685,0.059,-241.748,20.446,-0.091,2.095,-0.448,1.000,0.000,0.554,-0.037,20.546,-10.742,2.015,6.356,82.606,0.126,359.163,67.953,"Curva 4.",21.88
293.82,-150.273,0.059,-241.706,20.558,-0.009,2.331,-0.409,1.000,0.000,0.516,0.052,20.683,-10.993,3.944,7.146,82.100,0.148,359.158,68.113,"Curva 4.",21.90
293.84,-149.859,0.060,-241.657,20.681,0.080,2.597,-0.409,1.000,0.000,0.433,0.132,20.839,-12.331,4.236,8.038,81.646,0.121,358.984,68.270,"Curva 4.",21.92
293.86,-149.442,0.062,-241.600,20.826,0.152,2.909,-0.409,1.000,0.000,0.265,0.161,21.026,-14.385,3.277,9.475,81.319,0.011,358.768,68.424,"Curva 4.",21.94
293.88,-149.019,0.060,-241.544,20.968,0.041,3.156,-0.409,1.000,0.000,0.138,-0.080,21.203,-11.053,-5.689,8.917,81.069,359.670,359.528,68.583,"Curva 4.",21.96
293.90,-148.597,0.053,-241.484,20.981,-0.217,3.303,-0.487,1.000,0.000,0.130,-0.429,21.236,-7.177,-12.882,1.697,80.701,359.427,0.062,68.741,"Curva 4.",21.98
293.92,-148.176,0.047,-241.420,21.011,-0.313,3.428,-0.487,1.000,0.000,0.174,-0.547,21.283,-5.934,-4.795,2.486,80.260,359.370,0.224,68.898,"Curva 4.",22.00
293.94,-147.754,0.041,-241.352,21.116,-0.336,3.500,-0.487,1.000,0.000,0.279,-0.521,21.399,-2.579,-1.207,5.799,79.845,359.502,359.895,69.054,"Curva 4.",22.02
293.96,-147.329,0.038,-241.278,21.313,-0.250,3.658,-0.487,1.000,0.000,0.261,-0.372,21.622,-6.030,4.145,11.156,79.580,359.671,359.474,69.209,"Curva 4.",22.04
293.98,-146.897,0.037,-241.209,21.521,-0.044,3.813,-0.487,1.000,0.000,0.209,-0.151,21.854,-5.687,10.314,11.673,79.403,359.720,0.308,69.373,"Curva 4.",22.06
294.00,-146.465,0.039,-241.128,21.627,0.109,4.067,-0.487,1.000,0.000,0.058,-0.004,22.006,-11.444,7.623,7.642,79.199,359.707,0.167,69.531,"Curva 4.",22.08
294.02,-146.030,0.043,-241.038,21.741,0.206,4.412,-0.438,1.000,0.000,-0.136,0.062,22.185,-15.884,4.642,8.963,78.878,359.632,359.430,69.684,"Curva 4.",22.10
294.04,-145.589,0.046,-240.956,21.900,0.224,4.524,-0.438,1.000,0.000,-0.090,0.040,22.363,-3.903,0.829,8.894,78.558,359.528,0.319,69.849,"Curva 4.",22.12
294.06,-145.147,0.049,-240.867,22.026,0.185,4.646,-0.187,1.000,0.000,-0.053,-0.025,22.511,-4.710,-1.979,7.380,78.222,359.465,0.614,70.012,"Curva 4.",22.14
294.08,-144.706,0.052,-240.769,22.101,0.105,4.842,-0.187,1.000,0.000,-0.099,-0.093,22.625,-8.760,-4.038,5.704,77.894,359.499,359.970,70.170,"Curva 4.",22.16
294.10,-144.261,0.053,-240.674,22.223,0.054,4.914,-0.187,1.000,0.000,-0.051,-0.132,22.759,-2.221,-2.615,6.692,77.660,359.531,0.162,70.334,"Curva 4.",22.18
294.12,-143.813,0.054,-240.582,22.332,0.014,4.963,-0.187,1.000,0.000,-0.001,-0.161,22.876,-1.278,-2.012,5.837,77.466,359.562,0.935,70.505,"Curva 4.",22.20
294.14,-143.366,0.053,-240.479,22.409,-0.073,5.098,-0.225,1.000,0.000,-0.035,-0.212,22.980,-5.764,-4.317,5.211,77.265,359.654,0.525,70.669,"Curva 4.",22.22
294.16,-142.917,0.052,-240.374,22.489,-0.087,5.195,-0.225,1.000,0.000,-0.043,-0.194,23.081,-3.802,-0.713,5.010,77.099,359.735,0.188,70.836,"Curva 4.",22.24
294.18,-142.464,0.051,-240.276,22.587,-0.045,5.206,-0.467,1.000,0.000,0.021,-0.143,23.178,0.581,2.047,4.872,76.964,359.761,0.921,71.013,"Curva 4.",22.26
294.20,-142.010,0.051,-240.171,22.692,-0.017,5.287,-0.855,1.000,0.000,0.022,-0.118,23.299,-2.734,1.434,6.051,76.827,359.754,0.875,71.187,"Curva 4.",22.28
294.22,-141.554,0.051,-240.060,22.776,0.033,5.429,-0.855,1.000,0.000,-0.038,-0.079,23.414,-5.936,2.479,5.740,76.685,359.727,0.231,71.359,"Curva 4.",22.30
294.24,-141.095,0.052,-239.954,22.903,0.052,5.471,-0.855,1.000,0.000,0.002,-0.070,23.547,-0.574,0.965,6.663,76.558,359.701,0.719,71.542,"Curva 4.",22.32
294.26,-140.634,0.053,-239.847,23.027,0.056,5.534,-0.855,1.000,0.000,0.026,-0.074,23.682,-1.563,0.191,6.756,76.422,359.686,1.011,71.726,"Curva 4.",22.34
294.28,-140.172,0.054,-239.731,23.125,0.038,5.664,-0.942,1.000,0.000,-0.019,-0.086,23.808,-5.161,-0.901,6.305,76.283,359.700,0.444,71.907,"Curva 4.",22.36
294.30,-139.707,0.054,-239.616,23.233,0.002,5.785,-0.942,1.000,0.000,-0.041,-0.109,23.942,-4.595,-1.793,6.706,76.114,359.732,0.395,72.093,"Curva 4.",22.38
294.32,-139.240,0.054,-239.503,23.321,-0.011,5.911,-1.000,1.000,0.000,-0.031,-0.112,24.058,-5.070,-0.630,5.796,75.845,359.760,0.766,72.284,"Curva 4.",22.40
294.34,-138.772,0.054,-239.383,23.381,-0.038,6.083,-1.000,1.000,0.000,-0.034,-0.125,24.159,-7.566,-1.273,5.074,75.493,359.792,0.571,72.473,"Curva 4.",22.42
294.36,-138.303,0.053,-239.258,23.429,-0.047,6.294,-1.000,1.000,0.000,-0.049,-0.128,24.260,-9.559,-0.473,5.026,75.078,359.810,0.211,72.662,"Curva 4.",22.44
294.38,-137.832,0.052,-239.134,23.485,-0.044,6.485,-1.000,1.000,0.000,-0.020,-0.121,24.364,-8.467,0.246,5.229,74.609,359.816,0.446,72.856,"Curva 4.",22.46
294.40,-137.360,0.052,-239.005,23.521,-0.032,6.707,-1.000,1.000,0.000,0.000,-0.111,24.458,-10.167,0.634,4.773,74.083,359.816,0.523,73.048,"Curva 4.",22.48
294.42,-136.889,0.051,-238.868,23.534,-0.027,6.975,-1.000,1.000,0.000,-0.015,-0.105,24.546,-12.697,0.279,4.443,73.525,359.818,0.153,73.237,"Curva 4.",22.50
294.44,-136.416,0.051,-238.727,23.566,-0.025,7.239,-1.000,1.000,0.000,-0.012,-0.105,24.652,-12.157,0.119,5.371,72.950,359.814,0.129,73.427,"Curva 4.",22.52
294.46,-135.942,0.050,-238.584,23.591,-0.015,7.489,-1.000,1.000,0.000,0.013,-0.096,24.751,-11.501,0.560,4.967,72.356,359.813,0.360,73.618,"Curva 4.",22.54
294.48,-135.469,0.050,-238.432,23.590,-0.025,7.766,-1.000,1.000,0.000,0.011,-0.102,24.835,-13.191,-0.502,4.322,71.751,359.824,0.157,73.806,"Curva 4.",22.56
294.50,-134.996,0.049,-238.275,23.597,-0.038,8.047,-1.000,1.000,0.000,0.010,-0.110,24.931,-13.166,-0.642,4.856,71.149,359.833,359.950,73.992,"Curva 4.",22.58
294.52,-134.522,0.048,-238.115,23.616,-0.044,8.300,-0.710,1.000,0.000,0.039,-0.114,25.032,-11.594,-0.283,5.120,70.547,359.839,0.118,74.179,"Curva 4.",22.60
294.54,-134.048,0.047,-237.949,23.616,-0.050,8.565,-0.710,1.000,0.000,0.056,-0.118,25.121,-12.475,-0.326,4.541,69.937,359.846,0.090,74.365,"Curva 4.",22.62
294.56,-133.575,0.046,-237.775,23.607,-0.059,8.851,-0.313,1.000,0.000,0.055,-0.124,25.211,-13.536,-0.478,4.609,69.325,359.852,359.811,74.547,"Curva 4.",22.64
294.58,-133.100,0.045,-237.598,23.620,-0.061,9.113,-0.313,1.000,0.000,0.078,-0.127,25.317,-11.957,-0.156,5.385,68.728,359.850,359.852,74.730,"Curva 4.",22.66
294.60,-132.625,0.044,-237.416,23.639,-0.058,9.346,-0.313,1.000,0.000,0.114,-0.123,25.419,-10.468,0.150,5.179,68.171,359.853,359.994,74.914,"Curva 4.",22.68
294.62,-132.151,0.043,-237.227,23.639,-0.046,9.611,-0.342,1.000,0.000,0.104,-0.118,25.517,-12.266,0.505,5.036,67.642,359.839,359.790,75.094,"Curva 4.",22.70
294.64,-131.676,0.042,-237.034,23.663,-0.033,9.849,-0.342,1.000,0.000,0.104,-0.119,25.631,-10.498,0.595,5.758,67.171,359.807,359.756,75.275,"Curva 4.",22.72
294.66,-131.200,0.041,-236.838,23.724,-0.019,10.014,-0.487,1.000,0.000,0.137,-0.127,25.750,-6.404,0.671,6.035,66.810,359.760,0.050,75.459,"Curva 4.",22.74
294.68,-130.723,0.040,-236.635,23.770,-0.020,10.211,-0.487,1.000,0.000,0.105,-0.149,25.869,-8.095,-0.103,6.023,66.522,359.716,359.858,75.639,"Curva 4.",22.76
294.70,-130.247,0.039,-236.427,23.817,-0.027,10.415,-0.622,1.000,0.000,0.049,-0.174,25.994,-8.394,-0.402,6.289,66.274,359.675,359.606,75.820,"Curva 4.",22.78
294.72,-129.767,0.039,-236.218,23.884,-0.016,10.589,-0.622,1.000,0.000,0.022,-0.175,26.125,-6.583,0.485,6.560,66.044,359.652,359.893,76.006,"Curva 4.",22.80
294.74,-129.287,0.039,-236.005,23.941,-0.006,10.778,-0.293,1.000,0.000,-0.014,-0.166,26.255,-7.488,0.464,6.497,65.793,359.651,359.958,76.192,"Curva 4.",22.82
294.76,-128.810,0.040,-235.780,23.941,0.124,11.047,-0.293,1.000,0.000,-0.100,-0.096,26.367,-12.335,6.198,5.666,65.453,359.526,358.843,76.370,"Curva 4.",22.84
294.78,-128.328,0.044,-235.555,23.993,0.281,11.231,-0.293,1.000,0.000,-0.065,-0.069,26.493,-7.455,7.554,6.312,65.060,359.248,358.432,76.556,"Curva 4.",22.86
294.80,-127.842,0.048,-235.338,24.008,0.266,11.392,-0.293,1.000,0.000,0.035,-0.134,26.574,-6.940,-0.854,4.118,64.543,359.138,359.536,76.752,"Curva 4.",22.88
294.82,-127.361,0.052,-235.109,23.914,0.197,11.669,0.000,1.000,0.000,0.014,-0.208,26.609,-14.490,-3.554,1.834,63.962,359.128,359.640,76.940,"Curva 4.",22.90
294.84,-126.884,0.053,-234.872,23.874,0.061,11.916,0.000,1.000,0.000,-0.034,-0.328,26.681,-11.833,-7.029,3.615,63.558,359.165,359.159,77.123,"Curva 4.",22.92
294.86,-126.407,0.053,-234.631,23.887,-0.091,12.082,0.000,1.000,0.000,-0.045,-0.392,26.766,-6.981,-7.782,4.190,63.281,359.358,358.946,77.307,"Curva 4.",22.94
294.88,-125.931,0.057,-234.388,23.921,-0.009,12.224,0.000,1.000,0.000,-0.070,-0.112,26.863,-5.691,3.905,4.761,63.086,359.785,358.613,77.491,"Curva 4.",22.96
294.90,-125.448,0.060,-234.149,24.090,0.026,12.309,0.000,1.000,0.000,0.036,0.064,27.053,0.077,1.805,9.460,62.856,0.078,359.422,77.687,"Curva 4.",22.98
294.92,-124.963,0.059,-233.906,24.178,-0.102,12.346,0.000,1.000,0.000,0.090,0.009,27.148,0.372,-6.408,4.795,62.760,0.234,359.916,77.884,"Curva 4.",23.00
294.94,-124.481,0.055,-233.653,24.226,-0.217,12.462,0.000,1.000,0.000,0.003,-0.090,27.244,-3.962,-5.754,4.814,62.775,0.267,359.350,78.077,"Curva 4.",23.02
294.96,-123.996,0.049,-233.405,24.211,-0.264,12.450,0.000,1.000,0.000,-0.024,-0.167,27.225,0.166,-2.340,-0.948,62.840,0.204,359.527,78.278,"Curva 4.",23.04
294.98,-123.508,0.043,-233.159,24.252,-0.211,12.424,0.000,1.000,0.000,-0.025,-0.201,27.250,2.107,2.620,1.255,62.926,0.021,0.210,78.486,"Curva 4.",23.06
295.00,-123.022,0.038,-232.906,24.311,-0.154,12.477,0.000,1.000,0.000,-0.081,-0.239,27.325,-1.037,2.861,3.818,63.001,359.822,359.878,78.692,"Curva 4.",23.08
295.02,-122.534,0.035,-232.653,24.399,-0.081,12.534,0.000,1.000,0.000,-0.122,-0.246,27.429,-0.555,3.600,5.255,63.068,359.657,359.614,78.901,"Curva 4.",23.10
295.04,-122.040,0.034,-232.407,24.562,-0.031,12.501,0.000,1.000,0.000,-0.044,-0.255,27.559,5.159,2.418,6.522,63.113,359.533,0.420,79.124,"Curva 4.",23.12
295.06,-121.546,0.033,-232.155,24.711,0.001,12.547,0.000,1.000,0.000,-0.027,-0.241,27.713,1.341,1.491,7.700,63.135,359.500,0.265,79.345,"Curva 4.",23.14
295.08,-121.052,0.035,-231.898,24.822,0.057,12.648,0.000,1.000,0.000,-0.074,-0.168,27.858,-2.015,2.725,7.275,63.154,359.538,359.535,79.567,"Curva 4.",23.16
295.10,-120.551,0.037,-231.648,24.986,0.056,12.658,0.000,1.000,0.000,-0.005,-0.128,28.009,3.279,-0.106,7.521,63.144,359.625,0.082,79.802,"Curva 4.",23.18
295.12,-120.048,0.038,-231.397,25.120,0.043,12.672,0.000,1.000,0.000,0.060,-0.102,28.135,2.404,-0.693,6.302,63.109,359.706,0.421,80.041,"Curva 4.",23.20
295.14,-119.547,0.039,-231.138,25.175,0.023,12.772,-0.148,1.000,0.000,0.000,-0.099,28.230,-3.246,-1.006,4.711,63.101,359.753,359.683,80.277,"Curva 4.",23.22
295.16,-119.042,0.039,-230.882,25.248,-0.016,12.811,-0.148,1.000,0.000,-0.006,-0.130,28.312,-0.075,-1.971,4.102,63.109,359.769,359.775,80.521,"Curva 4.",23.24
295.18,-118.534,0.038,-230.630,25.322,-0.023,12.793,-0.680,1.000,0.000,0.038,-0.147,28.370,2.459,-0.390,2.915,63.117,359.751,0.409,80.773,"Curva 4.",23.26
295.20,-118.028,0.037,-230.370,25.353,-0.037,12.866,-0.680,1.000,0.000,-0.004,-0.173,28.431,-2.533,-0.713,3.039,63.102,359.726,359.941,81.022,"Curva 4.",23.28
295.22,-117.521,0.037,-230.108,25.375,-0.030,12.969,-0.748,1.000,0.000,-0.056,-0.179,28.497,-4.104,0.293,3.300,63.043,359.702,359.510,81.274,"Curva 4.",23.30
295.24,-117.011,0.036,-229.852,25.416,-0.012,13.038,-0.748,1.000,0.000,-0.020,-0.169,28.565,-2.135,0.896,3.421,62.883,359.684,0.059,81.535,"Curva 4.",23.32
295.26,-116.501,0.036,-229.589,25.411,0.000,13.225,-0.748,1.000,0.000,-0.037,-0.161,28.646,-8.396,0.575,4.050,62.580,359.678,359.936,81.794,"Curva 4.",23.34
295.28,-115.994,0.036,-229.319,25.368,0.010,13.470,-0.361,1.000,0.000,-0.090,-0.151,28.722,-11.841,0.348,3.837,62.216,359.680,359.405,82.052,"Curva 4.",23.36
295.30,-115.484,0.037,-229.051,25.365,0.016,13.669,-0.361,1.000,0.000,-0.070,-0.145,28.813,-8.840,0.237,4.537,61.821,359.680,359.775,82.315,"Curva 4.",23.38
295.32,-114.975,0.037,-228.778,25.340,0.023,13.878,0.000,1.000,0.000,-0.052,-0.139,28.891,-9.803,0.333,3.910,61.394,359.679,0.017,82.578,"Curva 4.",23.40
295.34,-114.469,0.037,-228.496,25.289,0.008,14.113,0.000,1.000,0.000,-0.086,-0.152,28.960,-11.495,-0.886,3.496,61.008,359.686,359.615,82.837,"Curva 4.",23.42
295.36,-113.961,0.037,-228.214,25.305,-0.009,14.264,0.000,1.000,0.000,-0.074,-0.167,29.048,-6.189,-0.863,4.359,60.738,359.688,359.800,83.101,"Curva 4.",23.44
295.38,-113.452,0.037,-227.931,25.348,-0.012,14.349,0.000,1.000,0.000,-0.041,-0.172,29.127,-2.679,-0.167,3.959,60.564,359.684,0.213,83.367,"Curva 4.",23.46
295.40,-112.944,0.037,-227.642,25.400,-0.023,14.414,0.000,1.000,0.000,-0.047,-0.183,29.204,-1.519,-0.563,3.846,60.518,359.685,0.030,83.633,"Curva 4.",23.48
295.42,-112.436,0.036,-227.351,25.462,-0.020,14.479,0.000,1.000,0.000,-0.083,-0.183,29.290,-1.280,0.090,4.320,60.541,359.682,359.779,83.902,"Curva 4.",23.50
295.44,-111.924,0.036,-227.063,25.563,-0.015,14.480,0.000,1.000,0.000,-0.049,-0.180,29.379,2.408,0.258,4.422,60.566,359.677,0.148,84.179,"Curva 4.",23.52
295.46,-111.410,0.036,-226.773,25.660,-0.009,14.498,0.000,1.000,0.000,-0.023,-0.178,29.472,1.632,0.246,4.675,60.578,359.671,0.201,84.459,"Curva 4.",23.54
295.48,-110.897,0.036,-226.480,25.729,0.002,14.554,0.000,1.000,0.000,-0.040,-0.171,29.559,-0.768,0.524,4.370,60.583,359.666,359.804,84.740,"Curva 4.",23.56
295.50,-110.380,0.036,-226.189,25.819,0.002,14.575,0.000,1.000,0.000,-0.013,-0.170,29.648,1.289,-0.004,4.434,60.581,359.666,359.964,85.029,"Curva 4.",23.58
295.52,-109.861,0.036,-225.899,25.910,0.004,14.582,0.000,1.000,0.000,0.030,-0.168,29.731,1.926,0.071,4.120,60.571,359.669,0.242,85.323,"Curva 4.",23.60
295.54,-109.343,0.036,-225.605,25.965,0.002,14.645,0.000,1.000,0.000,0.003,-0.168,29.810,-1.369,-0.164,3.956,60.571,359.673,359.900,85.617,"Curva 4.",23.62
295.56,-108.823,0.036,-225.310,26.025,-0.004,14.698,0.000,1.000,0.000,-0.017,-0.172,29.888,-0.839,-0.287,3.923,60.578,359.678,359.810,85.916,"Curva 4.",23.64
295.58,-108.299,0.036,-225.018,26.106,-0.004,14.701,0.000,1.000,0.000,0.019,-0.172,29.960,1.830,-0.055,3.609,60.577,359.679,0.207,86.223,"Curva 4.",23.66
295.60,-107.777,0.036,-224.722,26.163,-0.009,14.749,0.000,1.000,0.000,0.004,-0.177,30.034,-0.657,-0.286,3.664,60.581,359.680,0.055,86.529,"Curva 4.",23.68
295.62,-107.253,0.035,-224.424,26.207,-0.007,14.811,0.000,1.000,0.000,-0.033,-0.176,30.103,-1.636,0.083,3.451,60.592,359.678,359.757,86.839,"Curva 4.",23.70
295.64,-106.727,0.035,-224.130,26.283,-0.007,14.818,0.000,1.000,0.000,-0.004,-0.177,30.172,1.545,0.010,3.462,60.592,359.676,0.094,87.156,"Curva 4.",23.72
295.66,-106.199,0.035,-223.834,26.355,-0.006,14.836,0.000,1.000,0.000,0.019,-0.178,30.243,0.980,0.017,3.564,60.585,359.674,0.199,87.476,"Curva 4.",23.74
295.68,-105.673,0.035,-223.533,26.396,-0.001,14.903,0.000,1.000,0.000,-0.019,-0.175,30.312,-1.899,0.208,3.420,60.587,359.671,359.792,87.796,"Curva 4.",23.76
295.70,-105.143,0.035,-223.236,26.465,-0.003,14.928,0.000,1.000,0.000,-0.005,-0.178,30.384,0.616,-0.132,3.618,60.584,359.670,359.937,88.123,"Curva 4.",23.78
295.72,-104.611,0.035,-222.939,26.541,-0.001,14.931,0.000,1.000,0.000,0.035,-0.177,30.452,1.736,0.111,3.416,60.573,359.669,0.249,88.456,"Curva 4.",23.80
295.74,-104.080,0.035,-222.637,26.586,-0.002,14.992,0.000,1.000,0.000,0.004,-0.178,30.521,-1.570,-0.092,3.448,60.574,359.669,359.909,88.788,"Curva 4.",23.82
295.76,-103.548,0.035,-222.336,26.636,-0.004,15.045,0.000,1.000,0.000,-0.021,-0.181,30.591,-1.064,-0.129,3.498,60.581,359.669,359.792,89.124,"Curva 4.",23.84
295.78,-103.012,0.035,-222.037,26.713,-0.002,15.043,0.000,1.000,0.000,0.018,-0.180,30.657,1.965,0.068,3.314,60.578,359.668,0.211,89.468,"Curva 4.",23.86
295.80,-102.477,0.035,-221.735,26.768,-0.006,15.088,0.148,1.000,0.000,0.006,-0.184,30.727,-0.584,-0.229,3.485,60.582,359.668,0.070,89.813,"Curva 4.",23.88
295.82,-101.942,0.035,-221.430,26.807,-0.004,15.151,0.148,1.000,0.000,-0.035,-0.183,30.792,-1.803,0.103,3.241,60.592,359.667,359.743,90.159,"Curva 4.",23.90
295.84,-101.404,0.034,-221.128,26.880,-0.005,15.156,0.409,1.000,0.000,-0.004,-0.184,30.857,1.594,-0.059,3.274,60.592,359.666,0.088,90.513,"Curva 4.",23.92
295.86,-100.864,0.034,-220.826,26.958,-0.005,15.152,0.923,1.000,0.000,0.030,-0.185,30.923,2.076,-0.053,3.305,60.604,359.666,0.264,90.870,"Curva 4.",23.94
295.88,-100.325,0.034,-220.520,27.015,-0.001,15.177,0.923,1.000,0.000,0.000,-0.183,30.986,0.316,0.169,3.118,60.675,359.665,359.888,91.228,"Curva 4.",23.96
295.90,-99.783,0.034,-220.216,27.097,-0.003,15.164,0.923,1.000,0.000,-0.002,-0.185,31.051,2.578,-0.117,3.247,60.773,359.664,359.961,91.592,"Curva 4.",23.98
295.92,-99.239,0.034,-219.915,27.196,-0.002,15.115,0.923,1.000,0.000,0.039,-0.185,31.113,4.532,0.014,3.118,60.862,359.663,0.305,91.962,"Curva 4.",24.00
295.94,-98.695,0.034,-219.610,27.263,-0.003,15.128,0.923,1.000,0.000,0.005,-0.187,31.178,1.054,-0.071,3.246,60.965,359.661,0.001,92.333,"Curva 4.",24.02
295.96,-98.149,0.034,-219.306,27.334,-0.003,15.128,0.526,1.000,0.000,-0.017,-0.188,31.240,1.731,0.001,3.122,61.070,359.660,359.860,92.709,"Curva 4.",24.04
295.98,-97.599,0.034,-219.008,27.466,-0.003,15.000,0.526,1.000,0.000,0.070,-0.188,31.295,8.796,-0.089,2.725,61.229,359.661,0.454,93.095,"Curva 4.",24.06
296.00,-97.047,0.034,-218.710,27.618,-0.009,14.834,0.080,1.000,0.000,0.111,-0.192,31.349,10.893,-0.393,2.712,61.552,359.667,0.515,93.483,"Curva 4.",24.08
296.02,-96.496,0.034,-218.409,27.737,0.013,14.714,0.080,1.000,0.000,0.033,-0.173,31.398,8.082,1.075,2.466,61.996,359.661,359.929,93.873,"Curva 4.",24.10
296.04,-95.940,0.034,-218.115,27.866,0.003,14.565,0.332,1.000,0.000,0.012,-0.181,31.443,9.611,-0.518,2.245,62.382,359.664,0.091,94.273,"Curva 4.",24.12
296.06,-95.380,0.034,-217.828,28.002,-0.004,14.407,0.332,1.000,0.000,0.081,-0.188,31.490,10.129,-0.464,2.404,62.623,359.667,0.495,94.681,"Curva 4.",24.14
296.08,-94.821,0.034,-217.535,28.059,-0.005,14.415,0.332,1.000,0.000,0.065,-0.190,31.544,0.968,-0.082,2.690,62.692,359.664,359.839,95.089,"Curva 4.",24.16
296.10,-94.259,0.034,-217.246,28.121,-0.015,14.415,0.332,1.000,0.000,0.087,-0.200,31.600,1.391,-0.501,2.771,62.704,359.664,359.741,95.503,"Curva 4.",24.18
296.12,-93.693,0.033,-216.962,28.195,-0.009,14.387,0.816,1.000,0.000,0.143,-0.198,31.653,2.958,0.267,2.649,62.705,359.660,0.324,95.925,"Curva 4.",24.20
296.14,-93.129,0.033,-216.671,28.252,-0.013,14.423,0.816,1.000,0.000,0.101,-0.203,31.719,-0.303,-0.191,3.333,62.772,359.657,0.099,96.346,"Curva 4.",24.22
296.16,-92.564,0.033,-216.380,28.317,-0.003,14.428,1.000,1.000,0.000,0.026,-0.196,31.781,1.242,0.470,3.050,62.954,359.652,359.807,96.769,"Curva 4.",24.24
296.18,-91.995,0.033,-216.095,28.445,0.000,14.299,1.000,1.000,0.000,0.047,-0.195,31.836,8.651,0.081,2.782,63.224,359.649,0.391,97.201,"Curva 4.",24.26
296.20,-91.423,0.033,-215.811,28.606,-0.003,14.104,1.000,1.000,0.000,0.083,-0.198,31.893,12.327,-0.320,2.880,63.601,359.652,0.631,97.638,"Curva 4.",24.28
296.22,-90.852,0.033,-215.526,28.738,0.019,13.939,1.000,1.000,0.000,0.023,-0.178,31.940,10.297,1.099,2.360,64.083,359.646,0.049,98.075,"Curva 4.",24.30
296.24,-90.275,0.034,-215.250,28.907,0.013,13.665,1.000,1.000,0.000,0.053,-0.181,31.974,16.017,-0.392,1.729,64.603,359.652,0.284,98.524,"Curva 4.",24.32
296.26,-89.694,0.034,-214.982,29.093,0.002,13.333,1.000,1.000,0.000,0.149,-0.189,32.002,18.967,-0.840,1.445,65.108,359.662,0.788,98.982,"Curva 4.",24.34
296.28,-89.112,0.034,-214.713,29.246,0.008,13.091,1.000,1.000,0.000,0.150,-0.184,32.041,14.158,0.228,1.972,65.616,359.658,0.264,99.442,"Curva 4.",24.36
296.30,-88.527,0.034,-214.451,29.384,0.009,12.843,1.000,1.000,0.000,0.138,-0.184,32.067,14.107,0.054,1.299,66.144,359.654,0.026,99.909,"Curva 4.",24.38
296.32,-87.936,0.034,-214.200,29.541,-0.009,12.523,1.000,1.000,0.000,0.200,-0.201,32.085,17.831,-1.146,0.882,66.667,359.661,0.641,100.387,"Curva 4.",24.40
296.34,-87.345,0.034,-213.949,29.698,-0.021,12.272,1.000,1.000,0.000,0.200,-0.213,32.132,14.597,-0.730,2.352,67.188,359.662,0.511,100.868,"Curva 4.",24.42
296.36,-86.751,0.033,-213.700,29.826,0.002,12.070,1.000,1.000,0.000,0.131,-0.197,32.175,11.750,1.132,2.088,67.735,359.646,359.955,101.352,"Curva 4.",24.44
296.38,-86.152,0.033,-213.463,29.976,-0.010,11.774,1.000,1.000,0.000,0.154,-0.210,32.204,16.539,-0.711,1.502,68.280,359.647,0.412,101.848,"Curva 4.",24.46
296.40,-85.550,0.033,-213.231,30.143,-0.017,11.470,1.000,1.000,0.000,0.199,-0.216,32.250,17.192,-0.558,2.299,68.810,359.650,0.743,102.349,"Curva 4.",24.48
296.42,-84.948,0.033,-212.998,30.282,0.008,11.258,1.000,1.000,0.000,0.144,-0.197,32.306,12.352,1.210,2.753,69.350,359.635,0.094,102.853,"Curva 4.",24.50
296.44,-84.341,0.033,-212.774,30.423,0.006,10.988,1.000,1.000,0.000,0.137,-0.201,32.346,15.108,-0.161,2.012,69.899,359.635,0.145,103.365,"Curva 4.",24.52
296.46,-83.730,0.033,-212.561,30.581,-0.003,10.651,1.000,1.000,0.000,0.205,-0.208,32.382,18.488,-0.725,1.781,70.429,359.642,0.767,103.885,"Curva 4.",24.54
296.48,-83.118,0.033,-212.345,30.725,-0.003,10.413,1.000,1.000,0.000,0.182,-0.207,32.441,13.638,-0.101,2.923,70.954,359.641,0.345,104.408,"Curva 4.",24.56
296.50,-82.503,0.033,-212.135,30.848,0.010,10.185,1.000,1.000,0.000,0.132,-0.197,32.485,12.768,0.657,2.208,71.497,359.634,359.956,104.935,"Curva 4.",24.58
296.52,-81.883,0.033,-211.938,30.984,0.029,9.872,1.000,1.000,0.000,0.178,-0.200,32.517,16.977,0.711,1.629,72.009,359.600,0.735,105.473,"Curva 4.",24.60
296.54,-81.262,0.033,-211.742,31.127,-0.018,9.581,1.000,1.000,0.000,0.204,-0.240,32.567,15.975,-2.543,2.473,72.526,359.613,0.640,106.013,"Curva 4.",24.62
296.56,-80.640,0.033,-211.545,31.233,0.007,9.374,1.000,1.000,0.000,0.119,-0.211,32.608,11.457,1.294,2.044,73.086,359.615,359.842,106.555,"Curva 4.",24.64
296.58,-80.014,0.033,-211.362,31.349,-0.023,9.068,1.000,1.000,0.000,0.141,-0.226,32.634,16.306,-1.648,1.264,73.618,359.645,0.330,107.107,"Curva 4.",24.66
296.60,-79.384,0.036,-211.189,31.484,0.064,8.757,1.000,1.000,0.000,0.177,-0.065,32.679,16.928,3.984,2.252,74.145,359.781,1.366,107.665,"Curva 4.",24.68
296.62,-78.756,0.035,-211.002,31.610,-0.009,8.594,1.000,1.000,0.000,0.057,-0.166,32.757,9.542,-3.657,3.893,74.692,359.725,359.713,108.220,"Curva 4.",24.70
296.64,-78.122,0.033,-210.831,31.726,-0.071,8.308,1.000,1.000,0.000,0.025,-0.254,32.795,15.321,-3.015,1.974,75.285,359.679,359.768,108.785,"Curva 4.",24.72
296.66,-77.485,0.032,-210.679,31.816,-0.060,7.860,1.000,1.000,0.000,0.128,-0.267,32.771,22.774,-0.020,-1.123,75.887,359.644,1.356,109.360,"Curva 4.",24.74
296.68,-76.850,0.030,-210.512,31.900,-0.066,7.729,1.000,1.000,0.000,-0.048,-0.275,32.822,7.356,-0.307,2.583,76.462,359.635,0.147,109.929,"Curva 4.",24.76
296.70,-76.212,0.030,-210.354,31.978,-0.005,7.474,1.000,1.000,0.000,-0.109,-0.213,32.839,13.315,3.122,0.926,77.039,359.640,359.540,110.504,"Curva 4.",24.78
296.72,-75.569,0.031,-210.222,32.091,0.021,6.934,1.000,1.000,0.000,0.132,-0.175,32.831,27.582,0.716,-0.269,77.569,359.662,1.272,111.092,"Curva 4.",24.80
296.74,-74.927,0.031,-210.080,32.209,-0.005,6.699,1.000,1.000,0.000,0.146,-0.186,32.898,12.703,-1.433,3.322,77.992,359.687,0.576,111.677,"Curva 4.",24.82
296.76,-74.284,0.032,-209.938,32.285,0.072,6.499,1.000,1.000,0.000,0.052,-0.122,32.932,10.538,3.934,1.755,78.531,359.662,359.429,112.265,"Curva 4.",24.84
296.78,-73.635,0.033,-209.820,32.373,0.032,6.048,1.000,1.000,0.000,0.165,-0.163,32.933,22.929,-2.332,0.076,79.126,359.665,0.791,112.864,"Curva 4.",24.86
296.80,-72.986,0.033,-209.704,32.489,-0.021,5.680,1.000,1.000,0.000,0.202,-0.214,32.980,19.102,-3.046,2.379,79.725,359.673,1.115,113.464,"Curva 4.",24.88
296.82,-72.338,0.033,-209.577,32.554,0.044,5.536,1.000,1.000,0.000,-0.008,-0.170,33.021,7.582,3.343,2.049,80.365,359.627,359.499,114.062,"Curva 4.",24.90
296.84,-71.686,0.033,-209.473,32.617,-0.028,5.166,1.000,1.000,0.000,0.006,-0.229,33.023,18.777,-3.680,0.179,80.989,359.651,0.178,114.670,"Curva 4.",24.92
296.86,-71.031,0.032,-209.382,32.709,-0.040,4.706,1.000,1.000,0.000,0.153,-0.236,33.045,23.418,-1.174,1.162,81.538,359.666,1.437,115.284,"Curva 4.",24.94
296.88,-70.377,0.032,-209.277,32.793,-0.013,4.550,1.000,1.000,0.000,0.009,-0.216,33.106,8.282,1.345,3.073,82.087,359.649,359.877,115.894,"Curva 4.",24.96
296.90,-69.721,0.031,-209.184,32.861,-0.017,4.278,1.000,1.000,0.000,-0.039,-0.217,33.137,13.923,-0.126,1.641,82.652,359.654,359.596,116.511,"Curva 4.",24.98
296.92,-69.062,0.031,-209.116,32.929,0.000,3.749,1.000,1.000,0.000,0.168,-0.204,33.141,26.660,0.175,0.265,83.206,359.656,1.432,117.136,"Curva 4.",25.00
296.94,-68.403,0.031,-209.032,33.023,-0.037,3.607,1.000,1.000,0.000,0.028,-0.231,33.219,7.569,-1.895,3.894,83.717,359.665,0.247,117.758,"Curva 4.",25.02
296.96,-67.742,0.031,-208.954,33.081,0.019,3.386,1.000,1.000,0.000,-0.076,-0.183,33.254,11.263,2.882,1.807,84.290,359.654,359.390,118.383,"Curva 4.",25.04
296.98,-67.079,0.031,-208.904,33.131,0.016,2.853,1.000,1.000,0.000,0.124,-0.185,33.253,26.742,-0.670,0.090,84.858,359.657,1.198,119.017,"Curva 4.",25.06
297.00,-66.415,0.031,-208.845,33.216,-0.035,2.600,1.000,1.000,0.000,0.113,-0.226,33.317,12.943,-2.754,3.191,85.325,359.674,0.717,119.651,"Curva 4.",25.08
297.02,-65.751,0.031,-208.783,33.258,0.053,2.402,1.000,1.000,0.000,-0.006,-0.156,33.344,9.966,4.497,1.379,85.882,359.641,359.404,120.284,"Curva 4.",25.10
297.04,-65.085,0.032,-208.748,33.287,0.011,1.938,1.000,1.000,0.000,0.111,-0.193,33.343,23.219,-2.397,0.026,86.474,359.652,0.697,120.926,"Curva 4.",25.12
297.06,-64.418,0.031,-208.716,33.349,-0.027,1.513,1.000,1.000,0.000,0.201,-0.226,33.382,21.333,-2.355,2.004,87.048,359.667,1.267,121.569,"Curva 4.",25.14
297.08,-63.751,0.032,-208.672,33.395,0.047,1.366,1.000,1.000,0.000,-0.005,-0.171,33.423,7.436,3.742,2.027,87.669,359.626,359.520,122.210,"Curva 4.",25.16
297.10,-63.083,0.032,-208.651,33.408,-0.012,0.997,1.000,1.000,0.000,0.002,-0.219,33.422,18.445,-2.964,0.052,88.286,359.645,0.062,122.858,"Curva 4.",25.18
297.12,-62.413,0.033,-208.646,33.427,0.113,0.494,1.000,1.000,0.000,0.180,-0.181,33.430,25.314,5.531,0.522,88.836,359.504,1.642,123.510,"Curva 4.",25.20
297.14,-61.742,0.035,-208.624,33.479,0.249,0.322,0.932,1.000,0.000,0.014,-0.204,33.481,8.618,6.748,2.569,89.425,359.225,359.933,124.161,"Curva 4.",25.22
297.16,-61.070,0.040,-208.616,33.495,0.341,-0.043,0.806,1.000,0.000,-0.027,-0.295,33.496,18.247,4.716,0.955,90.124,358.912,359.580,124.815,"Curva 4.",25.24
297.18,-60.399,0.045,-208.638,33.463,0.387,-0.701,0.806,1.000,0.000,0.204,-0.422,33.469,32.950,1.381,-1.098,90.830,358.625,1.666,125.475,"Curva 4.",25.26
297.20,-59.727,0.054,-208.645,33.518,0.564,-0.880,0.806,1.000,0.000,0.032,-0.370,33.532,9.016,8.598,3.237,91.439,358.405,0.883,126.133,"Curva 4.",25.28
297.22,-59.056,0.068,-208.651,33.554,0.683,-1.064,0.806,1.000,0.000,-0.095,-0.255,33.577,9.052,6.028,2.295,91.986,358.402,359.154,126.791,"Curva 4.",25.30
297.24,-58.385,0.084,-208.689,33.542,0.825,-1.692,0.710,1.000,0.000,0.315,-0.149,33.593,31.434,6.871,0.904,92.348,358.343,0.372,127.455,"Curva 4.",25.32
297.26,-57.712,0.102,-208.734,33.526,1.071,-2.060,0.710,1.000,0.000,0.519,-0.130,33.602,18.722,11.847,0.446,92.625,357.974,1.378,128.122,"Curva 4.",25.34
297.28,-57.036,0.123,-208.757,33.547,1.306,-2.054,0.535,1.000,0.000,0.227,-0.274,33.634,-0.550,11.713,1.604,93.123,357.302,359.145,128.788,"Curva 4.",25.36
297.30,-56.360,0.143,-208.802,33.523,1.318,-2.371,0.332,1.000,0.000,0.123,-0.716,33.625,15.917,0.689,-0.112,93.843,356.532,359.664,129.458,"Curva 4.",25.38
297.32,-55.689,0.171,-208.866,33.429,1.586,-2.863,0.041,1.000,0.000,0.166,-0.694,33.581,25.253,12.856,-1.815,94.579,356.118,1.600,130.127,"Curva 4.",25.40
297.34,-55.018,0.209,-208.913,33.446,1.951,-2.962,0.041,1.000,0.000,-0.067,-0.406,33.631,4.947,18.081,2.579,95.170,355.981,0.365,130.792,"Curva 4.",25.42
297.36,-54.349,0.252,-208.968,33.504,2.029,-3.254,0.041,1.000,0.000,0.031,-0.176,33.722,14.215,3.803,4.527,95.499,356.250,359.294,131.458,"Curva 4.",25.44
297.38,-53.682,0.294,-209.053,33.539,1.920,-3.859,0.041,1.000,0.000,0.670,-0.038,33.808,29.897,-5.984,4.265,95.425,356.690,0.475,132.128,"Curva 4.",25.46
297.40,-53.010,0.331,-209.129,33.707,1.703,-3.846,0.000,1.000,0.000,0.700,-0.029,33.962,-1.431,-11.227,7.785,95.328,357.079,0.161,132.800,"Curva 4.",25.48
297.42,-52.334,0.364,-209.188,33.816,1.554,-3.608,0.000,1.000,0.000,0.354,-0.063,34.041,-12.185,-8.003,3.886,95.496,357.262,358.436,133.474,"Curva 4.",25.50
297.44,-51.659,0.391,-209.265,33.775,1.349,-3.533,0.000,1.000,0.000,0.194,-0.235,33.985,-3.426,-10.166,-2.854,95.648,357.327,359.625,134.150,"Curva 4.",25.52
297.46,-50.987,0.417,-209.343,33.633,1.325,-3.534,0.000,1.000,0.000,0.077,-0.293,33.842,0.754,-0.832,-7.144,95.861,357.262,0.939,134.823,"Curva 4.",25.54
297.48,-50.312,0.444,-209.395,33.633,1.412,-3.308,0.000,1.000,0.000,-0.204,-0.326,33.823,-11.336,4.188,-0.932,95.974,357.061,358.927,135.495,"Curva 4.",25.56
297.50,-49.637,0.473,-209.462,33.615,1.562,-3.382,0.000,1.000,0.000,-0.175,-0.340,33.818,3.653,7.584,-0.099,96.054,356.782,358.894,136.169,"Curva 4.",25.58
297.52,-48.965,0.506,-209.551,33.571,1.827,-3.703,0.000,1.000,0.000,0.135,-0.265,33.822,16.444,12.884,0.326,96.055,356.461,1.245,136.844,"Curva 4.",25.60
297.54,-48.290,0.543,-209.613,33.638,1.907,-3.581,0.000,1.000,0.000,0.029,-0.330,33.880,-6.437,3.754,2.960,96.031,356.216,359.575,137.518,"Curva 4.",25.62
297.56,-47.614,0.582,-209.672,33.694,2.022,-3.435,0.000,1.000,0.000,-0.135,-0.295,33.928,-7.708,5.386,2.411,96.066,356.093,358.158,138.192,"Curva 4.",25.64
297.58,-46.941,0.625,-209.761,33.689,2.186,-3.747,0.000,1.000,0.000,0.184,-0.163,33.966,15.593,7.960,1.935,96.034,356.037,0.361,138.868,"Curva 4.",25.66
297.60,-46.267,0.668,-209.836,33.770,2.095,-3.741,-0.109,1.000,0.000,0.196,-0.182,34.040,-0.759,-4.803,3.700,95.989,356.167,0.316,139.544,"Curva 4.",25.68
297.62,-45.588,0.712,-209.890,33.877,2.189,-3.447,-0.458,1.000,0.000,-0.192,-0.106,34.121,-15.343,3.941,4.028,96.138,356.155,358.130,140.219,"Curva 4.",25.70
297.64,-44.912,0.754,-209.971,33.807,2.112,-3.559,-0.458,1.000,0.000,-0.104,-0.199,34.058,5.968,-3.616,-3.133,96.186,356.111,359.721,140.897,"Curva 4.",25.72
297.66,-44.236,0.795,-210.054,33.796,2.124,-3.686,-0.893,1.000,0.000,0.047,-0.296,34.061,6.361,0.487,0.174,96.136,355.929,1.041,141.576,"Curva 4.",25.74
297.68,-43.556,0.837,-210.107,33.810,2.186,-3.408,-0.893,1.000,0.000,-0.144,-0.382,34.049,-13.940,2.790,-0.502,96.016,355.682,358.450,142.252,"Curva 4.",25.76
297.70,-42.880,0.880,-210.174,33.819,2.185,-3.278,-0.893,1.000,0.000,-0.113,-0.427,34.045,-6.548,-0.244,-0.203,95.746,355.608,358.415,142.929,"Curva 4.",25.78
297.72,-42.205,0.928,-210.260,33.795,2.438,-3.372,-0.893,1.000,0.000,0.167,-0.208,34.049,5.007,12.613,0.232,95.409,355.547,0.943,143.606,"Curva 4.",25.80
297.74,-41.527,0.979,-210.313,33.837,2.576,-2.993,-0.932,1.000,0.000,-0.049,-0.125,34.067,-19.119,6.618,0.949,95.139,355.454,359.439,144.281,"Curva 4.",25.82
297.76,-40.847,1.032,-210.353,33.875,2.781,-2.498,-0.923,1.000,0.000,-0.346,-0.091,34.078,-25.256,9.145,0.647,94.808,355.191,357.409,144.956,"Curva 4.",25.84
297.78,-40.169,1.087,-210.424,33.880,2.902,-2.431,-0.690,1.000,0.000,-0.056,-0.174,34.091,-3.362,5.988,0.582,94.196,354.825,0.199,145.635,"Curva 4.",25.86
297.80,-39.489,1.142,-210.478,33.895,2.856,-2.227,-0.690,1.000,0.000,0.143,-0.407,34.085,-10.249,-2.162,-0.121,93.508,354.512,0.664,146.311,"Curva 4.",25.88
297.82,-38.810,1.201,-210.492,33.873,2.999,-1.522,0.000,1.000,0.000,-0.192,-0.349,34.037,-35.425,5.850,-2.176,92.922,354.372,357.471,146.980,"Curva 4.",25.90
297.84,-38.131,1.262,-210.527,33.918,3.133,-1.349,0.000,1.000,0.000,-0.052,-0.291,34.088,-8.942,6.183,2.586,92.382,354.241,358.031,147.653,"Curva 4.",25.92
297.86,-37.453,1.328,-210.577,33.940,3.293,-1.322,0.000,1.000,0.000,0.229,-0.141,34.124,-1.250,7.853,1.834,91.840,354.233,1.059,148.327,"Curva 4.",25.94
297.88,-36.775,1.392,-210.590,33.946,3.149,-0.692,0.000,1.000,0.000,-0.193,-0.219,34.098,-31.540,-6.865,-1.222,91.490,354.331,0.411,148.995,"Curva 4.",25.96
297.90,-36.095,1.452,-210.588,34.051,2.923,-0.424,0.000,1.000,0.000,-0.439,-0.335,34.174,-13.283,-12.001,3.778,91.464,354.547,358.802,149.662,"Curva 4.",25.98
297.92,-35.417,1.508,-210.602,34.015,2.704,-0.511,0.000,1.000,0.000,-0.275,-0.399,34.122,4.523,-10.718,-2.679,91.332,354.793,359.213,150.330,"Curva 4.",26.00
297.94,-34.736,1.561,-210.627,34.087,2.612,-0.580,0.000,1.000,0.000,-0.089,-0.406,34.189,3.302,-4.960,3.241,91.111,354.936,1.066,151.003,"Curva 4.",26.02
297.96,-34.058,1.612,-210.633,33.964,2.489,-0.527,0.000,1.000,0.000,-0.080,-0.426,34.056,-2.571,-5.573,-6.675,91.022,355.092,0.152,151.670,"Curva 4.",26.04
297.98,-33.379,1.666,-210.632,33.885,2.743,-0.461,0.000,1.000,0.000,-0.091,-0.251,33.997,-3.558,12.904,-2.900,90.945,354.954,358.439,152.336,"Curva 4.",26.06
298.00,-32.699,1.724,-210.660,33.877,3.022,-0.708,0.000,1.000,0.000,0.143,-0.194,34.018,12.483,13.763,1.141,90.952,354.580,0.608,153.009,"Curva 4.",26.08
298.02,-32.018,1.785,-210.677,33.911,3.238,-0.745,0.000,1.000,0.000,0.158,-0.256,34.072,2.021,10.543,2.839,90.984,354.122,1.023,153.682,"Curva 4.",26.10
298.04,-31.336,1.850,-210.666,33.924,3.438,-0.339,0.000,1.000,0.000,-0.243,-0.316,34.097,-20.598,9.270,1.402,91.000,353.696,358.200,154.350,"Curva 4.",26.12
298.06,-30.654,1.920,-210.681,33.972,3.617,-0.490,0.000,1.000,0.000,-0.087,-0.314,34.166,7.356,8.744,3.546,90.984,353.398,358.997,155.022,"Curva 4.",26.14
298.08,-29.974,1.994,-210.710,34.007,3.708,-0.659,0.000,1.000,0.000,0.174,-0.236,34.213,8.480,4.084,2.341,90.807,353.391,1.329,155.696,"Curva 4.",26.16
298.10,-29.294,2.068,-210.713,34.067,3.683,-0.396,0.000,1.000,0.000,-0.081,-0.209,34.267,-13.162,-1.433,2.675,90.799,353.480,0.535,156.365,"Curva 4.",26.18
298.12,-28.610,2.142,-210.702,34.190,3.649,-0.222,0.000,1.000,0.000,-0.383,-0.242,34.382,-8.760,-2.615,5.786,91.024,353.522,358.395,157.036,"Curva 4.",26.20
298.14,-27.929,2.212,-210.719,34.032,3.540,-0.427,0.000,1.000,0.000,-0.141,-0.338,34.216,10.415,-4.473,-8.322,90.960,353.498,359.692,157.708,"Curva 4.",26.22
298.16,-27.249,2.281,-210.743,33.983,3.495,-0.563,0.000,1.000,0.000,0.056,-0.474,34.163,6.753,-2.158,-2.606,90.834,353.338,1.447,158.382,"Curva 4.",26.24
298.18,-26.567,2.351,-210.738,34.002,3.551,-0.408,0.000,1.000,0.000,-0.066,-0.515,34.185,-7.764,2.621,1.172,90.808,353.177,359.350,159.051,"Curva 4.",26.26
298.20,-25.889,2.424,-210.742,33.909,3.649,-0.385,0.000,1.000,0.000,-0.046,-0.417,34.104,-1.200,5.404,-4.032,90.746,353.158,358.671,159.719,"Curva 4.",26.28
298.22,-25.211,2.500,-210.770,33.934,3.767,-0.678,0.000,1.000,0.000,0.288,-0.236,34.147,14.680,5.465,2.103,90.652,353.278,0.889,160.391,"Curva 4.",26.30
298.24,-24.533,2.576,-210.783,34.028,3.689,-0.569,0.000,1.000,0.000,0.163,-0.135,34.232,-5.576,-4.298,4.184,90.679,353.593,1.130,161.061,"Curva 4.",26.32
298.26,-23.854,2.651,-210.777,34.135,3.530,-0.307,0.000,1.000,0.000,-0.282,0.015,34.318,-13.119,-8.528,4.277,90.989,354.125,359.651,161.729,"Curva 4.",26.34
298.28,-23.175,2.722,-210.780,34.171,3.274,-0.407,0.000,1.000,0.000,-0.314,0.168,34.328,5.166,-12.804,0.731,91.204,354.816,359.042,162.397,"Curva 4.",26.36
298.30,-22.495,2.783,-210.799,34.245,2.796,-0.664,0.000,1.000,0.000,-0.032,0.029,34.366,12.807,-24.169,2.034,91.166,355.383,359.952,163.071,"Curva 4.",26.38
298.32,-21.811,2.829,-210.817,34.297,2.205,-0.705,0.000,1.000,0.000,0.071,-0.363,34.373,1.708,-29.685,0.409,91.054,355.720,0.519,163.747,"Curva 4.",26.40
298.34,-21.126,2.871,-210.826,34.231,2.120,-0.689,0.000,1.000,0.000,0.135,-0.505,34.300,-0.716,-3.987,-3.623,90.933,355.613,359.597,164.424,"Curva 4.",26.42
298.36,-20.437,2.910,-210.838,34.276,2.121,-0.686,0.000,1.000,0.000,0.166,-0.734,34.341,-0.169,-0.104,2.257,90.887,355.231,359.152,165.104,"Curva 4.",26.44
298.38,-19.756,2.955,-210.861,33.966,2.373,-0.702,0.000,1.000,0.000,0.186,-0.646,34.049,1.162,13.874,-14.352,90.859,354.921,0.576,165.779,"Curva 4.",26.46
298.40,-19.075,3.007,-210.869,33.943,2.663,-0.556,0.000,1.000,0.000,0.043,-0.490,34.049,-7.258,14.616,0.121,90.863,354.689,0.141,166.451,"Curva 4.",26.48
298.42,-18.394,3.065,-210.867,34.005,2.984,-0.315,0.000,1.000,0.000,-0.222,-0.255,34.135,-12.430,15.419,4.404,90.913,354.565,358.819,167.122,"Curva 4.",26.50
298.44,-17.713,3.129,-210.889,34.102,3.174,-0.540,0.000,1.000,0.000,0.006,-0.060,34.253,11.289,8.872,5.884,90.896,354.583,0.547,167.797,"Curva 4.",26.52
298.46,-17.029,3.193,-210.904,34.241,3.158,-0.670,0.000,1.000,0.000,0.181,0.004,34.393,6.364,-1.535,6.960,90.818,354.742,0.703,168.474,"Curva 4.",26.54
298.48,-16.343,3.256,-210.900,34.358,3.033,-0.410,0.000,1.000,0.000,-0.112,0.012,34.494,-12.962,-6.950,5.078,90.869,354.980,358.856,169.149,"Curva 4.",26.56
298.50,-15.656,3.315,-210.911,34.432,2.855,-0.462,-0.090,1.000,0.000,-0.083,-0.054,34.553,2.689,-9.174,2.964,90.909,355.173,359.209,169.829,"Curva 4.",26.58
298.52,-14.969,3.370,-210.933,34.443,2.674,-0.574,-0.090,1.000,0.000,0.061,-0.113,34.551,5.429,-9.141,-0.095,90.850,355.375,0.858,170.510,"Curva 4.",26.60
298.54,-14.281,3.420,-210.942,34.434,2.429,-0.508,-0.090,1.000,0.000,0.021,-0.252,34.522,-3.410,-12.152,-1.433,90.805,355.548,0.596,171.190,"Curva 4.",26.62
298.56,-13.592,3.466,-210.940,34.464,2.312,-0.445,-0.090,1.000,0.000,-0.064,-0.359,34.542,-3.057,-6.009,0.994,90.857,355.570,358.873,171.869,"Curva 4.",26.64
298.58,-12.905,3.510,-210.953,34.343,2.156,-0.510,-0.099,1.000,0.000,0.022,-0.477,34.411,3.427,-7.251,-6.605,90.823,355.613,359.378,172.549,"Curva 4.",26.66
298.60,-12.222,3.551,-210.970,34.295,1.950,-0.551,-0.177,1.000,0.000,0.082,-0.483,34.351,2.049,-10.144,-3.094,90.780,355.942,0.281,173.226,"Curva 4.",26.68
298.62,-11.540,3.591,-210.980,34.307,1.767,-0.446,-0.225,1.000,0.000,-0.019,-0.322,34.354,-5.308,-9.116,0.000,90.773,356.516,0.405,173.900,"Curva 4.",26.70
298.64,-10.857,3.630,-210.982,34.392,1.639,-0.369,-0.225,1.000,0.000,-0.134,-0.005,34.433,-3.907,-6.595,3.870,90.837,357.264,359.686,174.574,"Curva 4.",26.72
298.66,-10.171,3.665,-210.990,34.515,1.430,-0.422,-0.448,1.000,0.000,-0.096,0.205,34.547,2.624,-10.670,5.838,90.857,357.968,359.655,175.252,"Curva 4.",26.74
298.68,-9.481,3.691,-211.007,34.580,1.204,-0.509,-0.448,1.000,0.000,0.075,0.105,34.605,4.212,-11.437,2.935,90.721,358.181,0.457,175.935,"Curva 4.",26.76
298.70,-8.791,3.710,-211.013,34.496,0.969,-0.423,-0.448,1.000,0.000,0.123,-0.166,34.511,-4.224,-11.609,-4.646,90.499,358.116,359.889,176.618,"Curva 4.",26.78
298.72,-8.104,3.723,-211.019,34.412,0.585,-0.288,-0.448,1.000,0.000,0.180,-0.449,34.415,-6.560,-19.115,-4.774,90.186,358.275,359.450,177.297,"Curva 4.",26.80
298.74,-7.418,3.734,-211.027,34.393,0.416,-0.221,-0.584,1.000,0.000,0.275,-0.396,34.393,-3.268,-8.436,-1.159,89.916,358.644,359.592,177.974,"Curva 4.",26.82
298.76,-6.734,3.746,-211.032,34.425,0.322,-0.094,-0.584,1.000,0.000,0.229,-0.103,34.426,-6.348,-4.737,1.577,89.776,359.291,359.920,178.650,"Curva 4.",26.84
298.78,-6.048,3.756,-211.030,34.526,0.197,0.116,-0.739,1.000,0.000,-0.005,0.201,34.526,-10.484,-6.280,5.079,89.816,0.007,359.983,179.327,"Curva 4.",26.86
298.80,-5.357,3.757,-211.022,34.668,-0.064,0.255,-0.923,1.000,0.000,-0.213,0.110,34.668,-6.917,-13.007,7.159,89.928,0.288,359.748,180.008,"Curva 4.",26.88
298.82,-4.662,3.752,-211.016,34.677,-0.241,0.362,-0.923,1.000,0.000,-0.280,-0.129,34.678,-5.314,-8.904,0.484,89.865,0.188,359.812,180.692,"Curva 4.",26.90
298.84,-3.969,3.743,-211.007,34.575,-0.292,0.552,-1.000,1.000,0.000,-0.291,-0.348,34.578,-9.515,-2.535,-4.985,89.568,359.909,359.818,181.375,"Curva 4.",26.92
298.86,-3.277,3.736,-210.995,34.521,-0.233,0.782,-1.000,1.000,0.000,-0.202,-0.466,34.527,-11.563,2.897,-2.493,89.041,359.614,359.667,182.056,"Curva 4.",26.94
298.88,-2.585,3.732,-210.979,34.519,-0.108,1.067,-1.000,1.000,0.000,-0.064,-0.459,34.532,-14.286,6.104,0.354,88.341,359.420,359.558,182.737,"Curva 4.",26.96
298.90,-1.893,3.732,-210.956,34.563,0.027,1.436,-1.000,1.000,0.000,-0.030,-0.360,34.591,-18.428,6.603,3.016,87.675,359.359,359.514,183.416,"Curva 4.",26.98
298.92,-1.201,3.735,-210.921,34.626,0.125,1.897,-1.000,1.000,0.000,-0.198,-0.239,34.676,-22.912,4.584,4.315,87.195,359.403,359.402,184.094,"Curva 4.",27.00
298.94,-0.507,3.739,-210.879,34.696,0.162,2.316,-1.000,1.000,0.000,-0.404,-0.149,34.771,-20.714,1.641,4.677,86.848,359.494,359.537,184.772,"Curva 4.",27.02
298.96,0.188,3.743,-210.833,34.758,0.135,2.587,-1.000,1.000,0.000,-0.440,-0.120,34.851,-13.330,-1.375,3.909,86.468,359.581,359.886,185.452,"Curva 4.",27.04
298.98,0.883,3.744,-210.781,34.791,0.054,2.786,-1.000,1.000,0.000,-0.340,-0.161,34.900,-9.831,-4.116,2.333,85.980,359.649,359.863,186.131,"Curva 4.",27.06
299.00,1.579,3.744,-210.724,34.797,-0.030,2.997,-1.000,1.000,0.000,-0.211,-0.226,34.925,-10.449,-4.270,1.129,85.425,359.681,359.613,186.810,"Curva 4.",27.08
299.02,2.275,3.742,-210.665,34.789,-0.082,3.224,-1.000,1.000,0.000,-0.090,-0.281,34.937,-11.302,-2.673,0.579,84.856,359.675,359.664,187.489,"Curva 4.",27.10
299.04,2.971,3.740,-210.600,34.756,-0.089,3.508,-1.000,1.000,0.000,-0.037,-0.303,34.931,-14.323,-0.422,-0.219,84.300,359.649,359.710,188.166,"Curva 4.",27.12
299.06,3.666,3.739,-210.526,34.702,-0.068,3.873,-1.000,1.000,0.000,-0.086,-0.297,34.916,-18.408,0.918,-0.688,83.778,359.625,359.476,188.841,"Curva 4.",27.14
299.08,4.359,3.738,-210.445,34.654,-0.022,4.254,-1.000,1.000,0.000,-0.170,-0.266,34.913,-19.262,2.116,-0.157,83.284,359.602,359.456,189.515,"Curva 4.",27.16
299.10,5.052,3.739,-210.358,34.612,0.032,4.607,-1.000,1.000,0.000,-0.224,-0.225,34.916,-17.770,2.565,0.177,82.787,359.581,359.697,190.187,"Curva 4.",27.18
299.12,5.744,3.740,-210.263,34.570,0.056,4.966,-1.000,1.000,0.000,-0.274,-0.206,34.923,-18.056,1.119,0.321,82.278,359.573,359.626,190.857,"Curva 4.",27.20
299.14,6.435,3.741,-210.161,34.535,0.057,5.307,-1.000,1.000,0.000,-0.300,-0.206,34.939,-17.120,-0.140,0.716,81.759,359.574,359.509,191.526,"Curva 4.",27.22
299.16,7.127,3.742,-210.055,34.515,0.049,5.585,-1.000,1.000,0.000,-0.253,-0.211,34.962,-13.908,-0.460,1.119,81.224,359.576,359.733,192.194,"Curva 4.",27.24
299.18,7.817,3.742,-209.942,34.488,0.027,5.866,-1.000,1.000,0.000,-0.208,-0.228,34.982,-14.097,-1.179,0.935,80.689,359.584,359.746,192.861,"Curva 4.",27.26
299.20,8.506,3.742,-209.821,34.448,-0.006,6.181,-1.000,1.000,0.000,-0.211,-0.251,34.997,-15.851,-1.790,0.723,80.176,359.602,359.497,193.525,"Curva 4.",27.28
299.22,9.195,3.742,-209.697,34.417,-0.026,6.471,-1.000,1.000,0.000,-0.197,-0.259,35.018,-14.502,-1.074,1.051,79.678,359.620,359.611,194.189,"Curva 4.",27.30
299.24,9.884,3.742,-209.567,34.381,-0.027,6.749,-1.000,1.000,0.000,-0.174,-0.252,35.036,-13.988,-0.146,0.840,79.181,359.634,359.788,194.853,"Curva 4.",27.32
299.26,10.571,3.741,-209.428,34.326,-0.030,7.073,-1.000,1.000,0.000,-0.201,-0.246,35.046,-16.414,-0.278,0.475,78.689,359.649,359.532,195.513,"Curva 4.",27.34
299.28,11.257,3.741,-209.284,34.275,-0.028,7.394,-1.000,1.000,0.000,-0.222,-0.244,35.062,-16.252,-0.065,0.814,78.193,359.652,359.461,196.172,"Curva 4.",27.36
299.30,11.942,3.740,-209.135,34.233,-0.066,7.679,-1.000,1.000,0.000,-0.189,-0.252,35.082,-14.345,-2.025,0.971,77.670,359.700,359.496,196.830,"Curva 4.",27.38
299.32,12.625,3.737,-208.981,34.178,-0.221,7.973,-1.000,1.000,0.000,-0.168,-0.268,35.095,-14.865,-7.906,0.563,77.149,359.927,359.458,197.486,"Curva 4.",27.40
299.34,13.307,3.733,-208.821,34.139,-0.367,8.224,-1.000,1.000,0.000,-0.156,-0.196,35.117,-12.641,-7.362,1.026,76.713,0.280,359.548,198.139,"Curva 4.",27.42
299.36,13.988,3.727,-208.657,34.125,-0.461,8.413,-1.000,1.000,0.000,-0.157,-0.049,35.150,-9.289,-4.721,1.605,76.408,0.672,359.730,198.792,"Curva 4.",27.44
299.38,14.668,3.718,-208.484,34.112,-0.561,8.620,-1.000,1.000,0.000,-0.199,0.016,35.188,-10.145,-5.123,1.906,76.143,0.944,359.297,199.443,"Curva 4.",27.46
299.40,15.351,3.705,-208.311,34.080,-0.697,8.835,-1.000,1.000,0.000,-0.189,-0.098,35.213,-10.748,-6.885,1.226,75.776,0.979,359.249,200.096,"Curva 4.",27.48
299.42,16.033,3.688,-208.135,34.004,-0.782,9.056,-1.000,1.000,0.000,-0.079,-0.243,35.197,-11.582,-4.405,-0.797,75.221,0.880,359.412,200.749,"Curva 4.",27.50
299.44,16.712,3.671,-207.952,33.877,-0.812,9.342,-1.000,1.000,0.000,0.048,-0.339,35.150,-15.473,-1.772,-2.248,74.514,0.770,359.134,201.399,"Curva 4.",27.52
299.46,17.388,3.655,-207.762,33.751,-0.780,9.698,-1.000,1.000,0.000,0.110,-0.341,35.124,-18.888,1.233,-1.103,73.800,0.712,358.824,202.045,"Curva 4.",27.54
299.48,18.063,3.641,-207.566,33.631,-0.708,10.107,-1.000,1.000,0.000,0.052,-0.276,35.123,-21.389,3.142,0.109,73.196,0.704,358.860,202.689,"Curva 4.",27.56
299.50,18.734,3.628,-207.359,33.510,-0.610,10.564,-1.000,1.000,0.000,-0.133,-0.203,35.140,-23.689,4.470,0.952,72.726,0.668,358.956,203.329,"Curva 4.",27.58
299.52,19.404,3.617,-207.141,33.396,-0.505,11.015,-1.000,1.000,0.000,-0.338,-0.181,35.167,-23.285,4.774,1.373,72.304,0.540,358.773,203.966,"Curva 4.",27.60
299.54,20.073,3.607,-206.917,33.309,-0.419,11.380,-1.000,1.000,0.000,-0.391,-0.224,35.199,-18.794,3.942,1.527,71.782,0.331,358.836,204.603,"Curva 4.",27.62
299.56,20.741,3.597,-206.690,33.236,-0.372,11.670,-1.000,1.000,0.000,-0.281,-0.320,35.225,-14.959,2.096,1.263,71.118,0.093,359.034,205.238,"Curva 4.",27.64
299.58,21.406,3.589,-206.455,33.137,-0.330,11.992,-1.000,1.000,0.000,-0.189,-0.383,35.239,-16.875,1.782,0.702,70.424,359.920,358.908,205.871,"Curva 4.",27.66
299.60,22.068,3.583,-206.211,33.026,-0.269,12.349,-1.000,1.000,0.000,-0.184,-0.358,35.257,-18.706,2.591,0.944,69.813,359.862,358.579,206.499,"Curva 4.",27.68
299.62,22.729,3.580,-205.963,32.935,-0.184,12.689,-1.000,1.000,0.000,-0.229,-0.282,35.293,-17.623,3.883,1.779,69.310,359.848,358.836,207.127,"Curva 4.",27.70
299.64,23.388,3.577,-205.707,32.843,-0.092,13.017,-1.000,1.000,0.000,-0.297,-0.216,35.327,-17.033,4.295,1.662,68.867,359.807,358.981,207.752,"Curva 4.",27.72
299.66,24.043,3.576,-205.441,32.723,-0.041,13.364,-1.000,1.000,0.000,-0.375,-0.225,35.344,-18.358,2.110,0.818,68.402,359.715,358.624,208.373,"Curva 4.",27.74
299.68,24.699,3.575,-205.173,32.625,0.003,13.644,-1.000,0.804,0.000,-0.325,-0.267,35.361,-14.901,1.869,0.776,67.840,359.574,358.744,208.994,"Curva 4.",27.76
299.70,25.353,3.575,-204.902,32.527,0.065,13.884,-1.000,0.804,0.000,-0.188,-0.291,35.365,-12.974,2.866,0.151,67.198,359.428,359.098,209.615,"Curva 4.",27.78
299.72,26.002,3.576,-204.620,32.358,0.135,14.216,-1.000,0.804,0.000,-0.174,-0.292,35.342,-18.690,3.088,-1.116,66.575,359.315,358.665,210.229,"Curva 4.",27.80
299.74,26.647,3.580,-204.331,32.164,0.229,14.579,-1.000,0.804,0.000,-0.240,-0.272,35.313,-20.645,4.143,-1.444,66.018,359.199,358.407,210.840,"Curva 4.",27.82
299.76,27.291,3.586,-204.041,31.988,0.387,14.868,-1.000,0.700,0.000,-0.242,-0.224,35.276,-16.940,7.650,-1.836,65.471,359.014,358.977,211.450,"Curva 4.",27.84
299.78,27.930,3.595,-203.740,31.755,0.559,15.202,-1.000,0.700,0.000,-0.291,-0.229,35.209,-20.189,8.322,-3.285,64.899,358.726,358.962,212.054,"Curva 4.",27.86
299.80,28.562,3.606,-203.429,31.455,0.753,15.599,-1.000,0.601,0.000,-0.393,-0.282,35.115,-24.708,9.103,-4.637,64.276,358.330,358.352,212.651,"Curva 4.",27.88
299.82,29.193,3.622,-203.118,31.191,0.998,15.882,-1.000,0.494,0.000,-0.327,-0.327,35.013,-18.763,12.087,-5.031,63.562,357.843,358.909,213.248,"Curva 4.",27.90
299.84,29.818,3.643,-202.802,30.903,1.233,16.155,-1.000,0.494,0.000,-0.236,-0.365,34.890,-18.893,11.813,-6.043,62.795,357.381,359.312,213.839,"Curva 4.",27.92
299.86,30.430,3.668,-202.470,30.496,1.383,16.589,-1.000,0.186,0.000,-0.374,-0.379,34.739,-28.874,7.134,-7.446,62.089,357.110,358.488,214.416,"Curva 4.",27.94
299.88,31.036,3.697,-202.138,30.146,1.400,16.905,-1.000,0.186,0.000,-0.457,-0.333,34.587,-22.275,0.814,-7.732,61.486,357.143,358.813,214.988,"Curva 4.",27.96
299.90,31.637,3.727,-201.808,29.897,1.393,17.020,-1.000,0.186,0.000,-0.355,-0.136,34.428,-11.045,-0.087,-8.122,60.940,357.458,359.728,215.556,"Curva 4.",27.98
299.92,32.225,3.756,-201.466,29.597,1.212,17.194,-1.000,0.186,0.000,-0.401,0.029,34.248,-14.853,-8.912,-9.084,60.517,358.029,359.212,216.112,"Curva 4.",28.00
299.94,32.810,3.781,-201.125,29.338,0.981,17.274,-1.000,0.186,0.000,-0.398,0.168,34.057,-9.723,-11.498,-9.509,60.178,358.642,359.195,216.664,"Curva 4.",28.02
299.96,33.394,3.800,-200.789,29.159,0.749,17.221,-1.000,0.070,0.000,-0.230,0.194,33.872,-2.231,-11.457,-9.249,59.823,359.062,359.919,217.217,"Curva 4.",28.04
299.98,33.972,3.812,-200.445,28.909,0.516,17.251,-1.000,0.070,0.000,-0.139,0.076,33.668,-7.526,-11.563,-10.170,59.411,359.254,359.491,217.763,"Curva 4.",28.06
300.00,34.546,3.819,-200.099,28.636,0.373,17.359,-1.000,0.000,0.000,-0.044,-0.079,33.488,-11.562,-7.244,-8.993,58.853,359.228,358.959,218.305,"Curva 4.",28.08
300.02,35.118,3.824,-199.757,28.354,0.323,17.456,-1.000,0.000,0.000,0.156,-0.199,33.298,-11.548,-2.467,-9.408,58.117,359.098,359.310,218.848,"Curva 4.",28.10
300.04,35.680,3.829,-199.411,27.964,0.180,17.584,-1.000,0.000,0.000,0.307,-0.277,33.031,-15.840,-7.202,-13.076,57.310,359.202,359.310,4.987,"Curva 5.",28.12
300.06,36.228,3.832,-199.060,27.499,-0.040,17.731,-1.000,0.000,0.000,0.330,-0.228,32.717,-18.625,-11.358,-15.445,56.620,359.658,358.600,5.409,"Curva 5.",28.14
300.08,36.768,3.834,-198.710,27.052,-0.187,17.762,-1.000,0.000,0.000,0.293,0.029,32.361,-13.535,-7.771,-17.654,56.193,0.371,358.663,5.869,"Curva 5.",28.16
300.10,37.297,3.834,-198.361,26.632,-0.434,17.753,-1.000,0.000,0.000,0.160,0.325,32.007,-11.118,-13.013,-17.386,56.014,1.353,358.822,6.357,"Curva 5.",28.18
300.12,37.819,3.825,-198.011,26.284,-0.864,17.720,-1.000,0.000,0.000,-0.034,0.403,31.708,-8.066,-22.187,-14.480,56.063,2.289,359.177,6.869,"Curva 5.",28.20
300.14,38.337,3.806,-197.662,26.057,-1.305,17.629,-1.000,0.000,0.000,-0.152,0.348,31.485,-2.353,-22.671,-10.767,56.192,3.010,359.641,7.399,"Curva 5.",28.22
300.16,38.857,3.777,-197.317,25.918,-1.616,17.624,-1.000,0.000,0.000,-0.263,0.270,31.382,-3.867,-15.851,-4.987,56.272,3.439,0.792,7.943,"Curva 5.",28.24
300.18,39.377,3.741,-196.971,25.763,-1.884,17.683,-1.000,0.000,0.000,-0.364,0.073,31.302,-7.277,-13.415,-3.961,56.207,3.561,2.035,8.500,"Curva 5.",28.26
300.20,39.889,3.701,-196.614,25.623,-1.948,17.762,-1.000,0.000,0.000,-0.372,-0.018,31.236,-7.261,-3.237,-3.407,55.953,3.525,1.482,9.071,"Curva 5.",28.28
300.22,40.396,3.657,-196.254,25.374,-2.083,17.859,-1.000,0.000,0.000,-0.292,-0.302,31.096,-11.081,-7.125,-7.076,55.398,3.282,0.177,9.650,"Curva 5.",28.30
300.24,40.905,3.613,-195.903,25.101,-2.040,17.869,-1.000,0.000,0.000,0.006,-0.511,30.875,-8.315,1.678,-10.896,54.534,2.841,0.494,10.229,"Curva 5.",28.32
300.26,41.415,3.574,-195.557,24.913,-1.860,17.936,-1.000,0.000,0.000,0.407,-0.466,30.748,-8.041,8.986,-5.996,53.462,2.623,1.742,10.807,"Curva 5.",28.34
300.28,41.904,3.539,-195.202,24.394,-1.912,18.040,-1.000,0.000,0.000,0.615,-0.295,30.393,-19.997,-3.206,-17.182,52.346,3.068,0.888,11.383,"Curva 5.",28.36
300.30,42.378,3.508,-194.844,23.725,-1.886,18.173,-1.000,0.000,0.000,0.551,0.078,29.940,-26.043,0.050,-22.066,51.493,3.767,0.368,11.954,"Curva 5.",28.38
300.32,42.845,3.476,-194.492,23.163,-1.896,18.202,-1.000,0.000,0.000,0.479,0.390,29.513,-18.880,-1.702,-20.837,50.925,4.461,1.351,12.519,"Curva 5.",28.40
300.34,43.301,3.436,-194.134,22.678,-2.272,18.293,-1.000,0.000,0.000,0.341,0.281,29.221,-19.588,-19.470,-14.100,50.458,5.033,1.904,13.084,"Curva 5.",28.42
300.36,43.750,3.387,-193.771,22.313,-2.629,18.421,-1.000,0.000,0.000,0.250,0.066,29.052,-17.315,-18.070,-8.131,49.967,5.340,2.069,13.652,"Curva 5.",28.44
300.38,44.200,3.330,-193.409,22.162,-2.844,18.460,-1.000,0.000,0.000,0.429,-0.179,28.979,-6.935,-10.788,-3.441,49.338,5.319,2.834,14.221,"Curva 5.",28.46
300.40,44.644,3.268,-193.042,21.979,-3.013,18.550,-1.000,0.000,0.000,0.642,-0.427,28.907,-9.804,-8.376,-3.109,48.521,5.193,2.508,14.792,"Curva 5.",28.48
300.42,45.083,3.205,-192.670,21.809,-3.072,18.718,-1.000,0.000,0.000,0.900,-0.547,28.884,-12.015,-2.624,-0.346,47.537,5.070,1.645,15.365,"Curva 5.",28.50
300.44,45.523,3.147,-192.302,21.521,-2.966,18.850,-1.000,0.000,0.000,1.172,-0.437,28.735,-14.550,5.253,-6.305,46.407,5.138,2.054,15.934,"Curva 5.",28.52
300.46,45.950,3.095,-191.933,21.026,-2.737,18.955,-1.000,0.000,0.000,1.285,-0.090,28.412,-20.657,10.954,-14.929,45.358,5.455,2.396,16.496,"Curva 5.",28.54
300.48,46.358,3.046,-191.554,20.358,-2.611,19.102,-1.000,0.000,0.000,1.161,0.227,28.013,-28.887,5.173,-18.708,44.453,5.874,1.492,17.051,"Curva 5.",28.56
300.50,46.756,2.998,-191.175,19.694,-2.549,19.238,-1.000,0.000,0.000,1.000,0.413,27.628,-28.679,1.854,-18.182,43.610,6.197,1.364,17.600,"Curva 5.",28.58
300.52,47.148,2.949,-190.797,19.147,-2.514,19.344,-1.000,0.000,0.000,0.963,0.439,27.314,-23.678,0.996,-14.755,42.715,6.274,2.103,18.145,"Curva 5.",28.60
300.54,47.528,2.895,-190.412,18.658,-2.624,19.503,-1.000,0.000,0.000,0.972,0.246,27.099,-23.744,-5.829,-9.737,41.686,6.143,1.838,18.687,"Curva 5.",28.62
300.56,47.899,2.838,-190.023,18.209,-2.731,19.659,-1.000,0.000,0.000,1.103,0.007,26.912,-22.284,-5.666,-8.033,40.448,5.895,1.349,19.228,"Curva 5.",28.64
300.58,48.270,2.781,-189.638,17.869,-2.758,19.752,-1.000,0.000,0.000,1.435,-0.162,26.739,-16.195,-1.528,-6.887,39.036,5.674,1.884,19.765,"Curva 5.",28.66
300.60,48.632,2.725,-189.249,17.505,-2.765,19.812,-1.000,0.000,0.000,1.777,-0.262,26.521,-16.263,-0.645,-8.665,37.592,5.553,1.990,20.299,"Curva 5.",28.68
300.62,48.980,2.670,-188.856,17.064,-2.732,19.878,-1.000,0.000,0.000,2.016,-0.233,26.262,-19.751,1.086,-10.465,36.220,5.554,1.211,20.826,"Curva 5.",28.70
300.64,49.321,2.618,-188.464,16.633,-2.653,19.939,-1.000,0.000,0.000,2.203,-0.146,26.007,-19.361,3.320,-10.193,34.961,5.630,1.126,21.348,"Curva 5.",28.72
300.66,49.658,2.568,-188.074,16.261,-2.534,19.943,-1.000,0.000,0.000,2.361,-0.031,25.748,-15.356,5.391,-10.778,33.930,5.746,1.827,21.865,"Curva 5.",28.74
300.68,49.978,2.519,-187.677,15.776,-2.514,19.996,-1.000,0.000,0.000,2.338,0.051,25.487,-21.771,0.385,-11.026,33.009,5.903,1.388,22.375,"Curva 5.",28.76
300.70,50.288,2.470,-187.280,15.291,-2.543,20.062,-1.000,0.000,0.000,2.282,0.088,25.250,-22.327,-2.116,-9.875,32.129,6.068,0.972,22.879,"Curva 5.",28.78
300.72,50.597,2.421,-186.886,14.950,-2.536,20.062,-1.000,0.000,0.000,2.333,0.092,25.039,-14.600,-0.139,-8.876,31.352,6.199,1.881,23.381,"Curva 5.",28.80
300.74,50.896,2.370,-186.489,14.593,-2.617,20.067,-1.000,0.000,0.000,2.339,0.049,24.840,-15.665,-4.469,-8.358,30.622,6.351,2.015,23.877,"Curva 5.",28.82
300.76,51.182,2.316,-186.090,14.208,-2.748,20.099,-1.000,0.000,0.000,2.310,0.007,24.659,-17.668,-6.998,-7.399,29.873,6.552,1.455,24.369,"Curva 5.",28.84
300.78,51.467,2.262,-185.692,13.922,-2.782,20.100,-1.000,0.000,0.000,2.377,0.005,24.494,-12.567,-2.099,-6.668,29.131,6.693,1.637,24.858,"Curva 5.",28.86
300.80,51.747,2.207,-185.295,13.633,-2.866,20.085,-1.000,0.000,0.000,2.436,-0.036,24.322,-12.508,-4.662,-6.973,28.409,6.878,1.960,25.343,"Curva 5.",28.88
300.82,52.018,2.150,-184.898,13.301,-2.989,20.079,-1.000,0.000,0.000,2.444,-0.053,24.146,-14.792,-6.651,-7.170,27.697,7.172,1.845,25.823,"Curva 5.",28.90
300.84,52.285,2.091,-184.502,13.004,-3.070,20.043,-1.000,0.000,0.000,2.469,-0.047,23.962,-12.572,-4.588,-7.736,27.045,7.467,2.140,26.300,"Curva 5.",28.92
300.86,52.546,2.030,-184.107,12.724,-3.185,19.997,-1.000,0.000,0.000,2.482,-0.080,23.786,-11.804,-6.328,-7.461,26.455,7.766,2.513,26.772,"Curva 5.",28.94
300.88,52.800,1.968,-183.711,12.440,-3.211,19.987,-1.000,0.000,0.000,2.476,-0.059,23.631,-12.628,-1.599,-6.413,25.862,7.954,2.746,27.242,"Curva 5.",28.96
300.90,53.046,1.904,-183.312,12.170,-3.183,20.002,-1.000,0.000,0.000,2.483,-0.036,23.498,-12.493,1.176,-5.221,25.233,7.928,2.188,27.709,"Curva 5.",28.98
300.92,53.287,1.840,-182.911,11.822,-3.082,20.068,-1.000,0.000,0.000,2.452,-0.027,23.366,-17.103,4.939,-4.835,24.459,7.692,1.701,28.174,"Curva 5.",29.00
300.94,53.526,1.779,-182.511,11.442,-2.913,20.126,-1.000,0.000,0.000,2.457,-0.022,23.203,-18.290,8.399,-5.991,23.529,7.370,1.998,28.637,"Curva 5.",29.02
300.96,53.756,1.720,-182.110,11.012,-2.787,20.151,-1.000,0.000,0.000,2.443,-0.029,23.002,-20.122,6.069,-7.814,22.551,7.096,1.982,29.094,"Curva 5.",29.04
300.98,53.971,1.664,-181.708,10.543,-2.727,20.133,-1.000,0.000,0.000,2.379,-0.028,22.765,-21.409,2.296,-9.765,21.631,6.946,1.298,29.543,"Curva 5.",29.06
301.00,54.180,1.611,-181.309,10.138,-2.672,20.066,-1.000,0.000,0.000,2.338,0.001,22.518,-17.725,1.879,-10.604,20.837,6.941,1.205,29.986,"Curva 5.",29.08
301.02,54.382,1.558,-180.913,9.779,-2.666,19.972,-1.000,0.000,0.000,2.279,0.018,22.281,-15.228,-0.666,-10.524,20.208,7.056,1.348,30.422,"Curva 5.",29.10
301.04,54.572,1.506,-180.516,9.415,-2.671,19.906,-1.000,0.000,0.000,2.136,0.061,22.078,-16.013,-1.120,-9.185,19.751,7.199,0.966,30.851,"Curva 5.",29.12
301.06,54.754,1.454,-180.120,9.075,-2.667,19.849,-1.000,0.000,0.000,1.969,0.091,21.899,-15.120,-0.718,-8.277,19.396,7.287,0.598,31.276,"Curva 5.",29.14
301.08,54.930,1.401,-179.724,8.745,-2.673,19.805,-1.000,0.000,0.000,1.795,0.116,21.739,-14.902,-1.170,-7.392,19.069,7.394,0.312,31.696,"Curva 5.",29.16
301.10,55.099,1.349,-179.330,8.420,-2.663,19.779,-1.000,0.000,0.000,1.601,0.147,21.602,-14.951,-0.323,-6.427,18.790,7.481,0.118,32.112,"Curva 5.",29.18
301.12,55.262,1.296,-178.936,8.100,-2.675,19.744,-1.000,0.000,0.000,1.376,0.152,21.464,-14.621,-1.451,-6.633,18.610,7.566,0.051,32.524,"Curva 5.",29.20
301.14,55.416,1.242,-178.541,7.786,-2.743,19.705,-1.000,0.000,0.000,1.122,0.101,21.335,-14.223,-4.360,-6.336,18.524,7.638,359.647,32.932,"Curva 5.",29.22
301.16,55.564,1.187,-178.148,7.496,-2.777,19.665,-1.000,0.000,0.000,0.863,0.086,21.210,-13.108,-2.742,-6.212,18.512,7.727,359.302,33.335,"Curva 5.",29.24
301.18,55.710,1.133,-177.756,7.232,-2.787,19.624,-1.000,0.000,0.000,0.621,0.109,21.090,-11.830,-1.454,-6.003,18.527,7.876,359.511,33.736,"Curva 5.",29.26
301.20,55.847,1.077,-177.365,6.959,-2.860,19.568,-1.000,0.329,0.000,0.365,0.049,20.961,-11.964,-4.723,-6.441,18.571,7.965,359.294,34.133,"Curva 5.",29.28
301.22,55.978,1.019,-176.974,6.712,-2.897,19.522,-1.000,0.329,0.000,0.136,0.008,20.845,-10.956,-2.894,-5.833,18.595,8.003,358.839,34.526,"Curva 5.",29.30
301.24,56.110,0.963,-176.585,6.505,-2.865,19.476,-1.000,0.329,0.000,-0.016,0.055,20.733,-9.102,0.676,-5.605,18.509,8.094,359.050,34.918,"Curva 5.",29.32
301.26,56.238,0.905,-176.198,6.291,-2.892,19.410,-1.000,0.329,0.000,-0.128,0.013,20.608,-9.055,-2.396,-6.231,18.318,8.109,359.082,35.308,"Curva 5.",29.34
301.28,56.358,0.847,-175.810,6.068,-2.875,19.358,-1.000,0.329,0.000,-0.224,-0.010,20.488,-9.813,-0.278,-5.998,18.036,8.056,358.502,35.693,"Curva 5.",29.36
301.30,56.481,0.790,-175.425,5.857,-2.782,19.315,-1.000,0.329,0.000,-0.265,0.030,20.373,-9.474,3.704,-5.810,17.620,7.947,358.682,36.079,"Curva 5.",29.38
301.32,56.601,0.736,-175.041,5.624,-2.644,19.241,-1.000,0.432,0.000,-0.271,0.085,20.218,-10.131,5.732,-7.846,17.066,7.768,359.071,36.461,"Curva 5.",29.40
301.34,56.708,0.683,-174.657,5.313,-2.501,19.175,-1.000,0.432,0.000,-0.320,0.106,20.051,-14.168,5.653,-8.448,16.401,7.495,358.245,36.838,"Curva 5.",29.42
301.36,56.815,0.633,-174.276,5.017,-2.342,19.050,-1.000,0.539,0.000,-0.286,0.103,19.836,-12.846,6.204,-10.868,15.573,7.108,357.975,37.211,"Curva 5.",29.44
301.38,56.925,0.585,-173.899,4.792,-2.155,18.904,-1.000,0.850,0.000,-0.136,0.107,19.619,-9.200,7.967,-10.957,14.616,6.626,358.814,37.584,"Curva 5.",29.46
301.40,57.022,0.539,-173.523,4.500,-2.056,18.783,-1.000,0.850,0.000,-0.042,0.008,19.423,-12.853,3.532,-9.762,13.596,6.104,358.289,37.948,"Curva 5.",29.48
301.42,57.109,0.495,-173.147,4.169,-1.996,18.678,-1.000,0.850,0.000,0.031,-0.120,19.241,-15.106,1.394,-8.955,12.508,5.593,357.232,38.306,"Curva 5.",29.50
301.44,57.203,0.453,-172.776,3.967,-1.844,18.618,-1.000,0.850,0.000,0.201,-0.136,19.124,-9.557,6.787,-5.572,11.439,5.104,357.888,38.666,"Curva 5.",29.52
301.46,57.290,0.414,-172.406,3.715,-1.824,18.531,-1.000,0.850,0.000,0.295,-0.223,18.984,-11.610,0.156,-6.633,10.462,4.816,358.491,39.020,"Curva 5.",29.54
301.48,57.357,0.376,-172.037,3.317,-1.907,18.469,-1.000,0.850,0.000,0.195,-0.330,18.857,-18.875,-5.525,-6.039,9.635,4.774,357.370,39.363,"Curva 5.",29.56
301.50,57.422,0.339,-171.670,3.054,-1.874,18.420,-1.000,0.955,0.000,0.146,-0.265,18.763,-12.651,0.624,-4.602,9.008,4.898,357.112,39.703,"Curva 5.",29.58
301.52,57.492,0.305,-171.304,2.884,-1.750,18.421,-1.000,1.000,0.000,0.116,-0.101,18.726,-8.563,5.844,-1.777,8.551,5.042,358.537,40.045,"Curva 5.",29.60
301.54,57.543,0.272,-170.937,2.564,-1.807,18.414,-1.000,1.000,0.000,-0.076,-0.088,18.679,-15.663,-3.655,-2.317,8.170,5.289,357.914,40.378,"Curva 5.",29.62
301.56,57.585,0.238,-170.568,2.314,-1.749,18.500,0.000,1.000,0.000,-0.237,0.010,18.724,-13.128,2.369,2.241,7.857,5.431,356.751,40.709,"Curva 5.",29.64
301.58,57.638,0.207,-170.199,2.238,-1.661,18.514,0.000,1.000,0.000,-0.183,0.160,18.721,-4.080,4.227,-0.214,7.430,5.603,357.446,41.045,"Curva 5.",29.66
301.60,57.688,0.174,-169.830,2.091,-1.673,18.557,0.000,1.000,0.000,-0.149,0.188,18.748,-7.516,-0.751,1.330,6.865,5.712,358.002,41.382,"Curva 5.",29.68
301.62,57.724,0.139,-169.458,1.829,-1.766,18.632,0.000,1.000,0.000,-0.197,0.099,18.803,-13.153,-5.103,2.751,6.194,5.723,356.916,41.714,"Curva 5.",29.70
301.64,57.762,0.103,-169.084,1.688,-1.832,18.705,0.000,1.000,0.000,-0.107,0.047,18.870,-7.192,-3.407,3.263,5.472,5.734,356.515,42.049,"Curva 5.",29.72
301.66,57.806,0.066,-168.712,1.586,-1.868,18.724,0.000,1.000,0.000,0.057,0.047,18.884,-5.086,-2.000,0.724,4.660,5.810,357.252,42.387,"Curva 5.",29.74
301.68,57.841,0.026,-168.337,1.458,-2.020,18.792,0.000,1.000,0.000,0.184,-0.067,18.955,-6.224,-7.595,3.705,3.887,5.888,357.083,42.724,"Curva 5.",29.76
301.70,57.870,-0.015,-167.960,1.399,-2.059,18.871,1.000,1.000,0.000,0.333,-0.094,19.032,-3.042,-1.740,3.985,3.253,5.865,356.370,43.060,"Curva 5.",29.78
301.72,57.904,-0.057,-167.581,1.401,-2.105,18.949,1.000,1.000,0.000,0.505,-0.115,19.110,0.030,-1.881,4.122,2.732,5.887,356.481,43.400,"Curva 5.",29.80
301.74,57.936,-0.099,-167.201,1.370,-2.125,19.054,1.000,1.000,0.000,0.610,-0.104,19.211,-1.731,-0.580,5.222,2.305,5.935,356.604,43.743,"Curva 5.",29.82
301.76,57.961,-0.141,-166.818,1.298,-2.124,19.181,1.000,1.000,0.000,0.630,-0.071,19.331,-3.881,0.468,6.179,2.014,5.970,356.094,44.084,"Curva 5.",29.84
301.78,57.989,-0.183,-166.431,1.327,-2.132,19.326,1.000,1.000,0.000,0.683,-0.036,19.477,1.190,0.444,7.340,1.919,6.041,356.068,44.430,"Curva 5.",29.86
301.80,58.017,-0.226,-166.042,1.380,-2.165,19.488,1.000,1.000,0.000,0.702,-0.026,19.644,2.425,-0.620,8.286,2.002,6.119,356.290,44.780,"Curva 5.",29.88
301.82,58.041,-0.269,-165.649,1.401,-2.222,19.651,1.000,1.000,0.000,0.646,-0.039,19.815,0.846,-1.906,8.455,2.211,6.196,355.947,45.131,"Curva 5.",29.90
301.84,58.066,-0.314,-165.253,1.453,-2.256,19.801,1.000,0.904,0.000,0.582,-0.031,19.973,2.301,-0.681,7.739,2.526,6.276,355.804,45.487,"Curva 5.",29.92
301.86,58.094,-0.360,-164.854,1.540,-2.343,19.958,1.000,0.803,0.000,0.527,-0.075,20.147,4.221,-3.162,8.511,2.924,6.363,356.000,45.847,"Curva 5.",29.94
301.88,58.122,-0.407,-164.452,1.621,-2.403,20.117,1.000,0.803,0.000,0.451,-0.090,20.319,3.710,-1.795,8.428,3.349,6.447,355.889,46.211,"Curva 5.",29.96
301.90,58.151,-0.455,-164.047,1.708,-2.441,20.257,1.000,0.485,0.000,0.374,-0.092,20.472,3.940,-0.780,7.486,3.789,6.514,355.698,46.579,"Curva 5.",29.98
301.92,58.184,-0.505,-163.639,1.846,-2.501,20.394,1.000,0.485,0.000,0.336,-0.114,20.626,6.504,-1.652,7.610,4.259,6.580,355.789,46.953,"Curva 5.",30.00
301.94,58.220,-0.555,-163.228,1.998,-2.532,20.512,1.000,0.485,0.000,0.305,-0.107,20.762,7.133,-0.257,6.656,4.739,6.648,355.919,47.330,"Curva 5.",30.02
301.96,58.257,-0.605,-162.816,2.147,-2.557,20.605,1.000,0.485,0.000,0.273,-0.104,20.872,7.030,-0.112,5.399,5.218,6.694,355.632,47.711,"Curva 5.",30.04
301.98,58.299,-0.656,-162.402,2.334,-2.561,20.662,1.000,0.485,0.000,0.275,-0.083,20.949,8.949,0.915,3.786,5.706,6.741,355.686,48.095,"Curva 5.",30.06
302.00,58.347,-0.707,-161.988,2.547,-2.588,20.678,1.000,0.381,0.000,0.301,-0.080,20.992,10.575,-0.325,2.058,6.212,6.805,355.856,48.483,"Curva 5.",30.08
302.02,58.395,-0.758,-161.574,2.738,-2.578,20.683,1.000,0.381,0.000,0.298,-0.049,21.020,9.375,1.378,1.344,6.736,6.850,355.653,48.872,"Curva 5.",30.10
302.04,58.448,-0.810,-161.160,2.928,-2.584,20.655,1.000,0.274,0.000,0.295,-0.043,21.018,9.568,0.415,-0.199,7.269,6.881,355.536,49.264,"Curva 5.",30.12
302.06,58.507,-0.861,-160.747,3.149,-2.590,20.589,1.000,0.274,0.000,0.321,-0.041,20.987,11.413,0.335,-1.680,7.822,6.914,355.721,49.658,"Curva 5.",30.14
302.08,58.569,-0.913,-160.336,3.346,-2.597,20.508,1.000,0.000,0.000,0.318,-0.046,20.938,10.356,0.129,-2.539,8.400,6.935,355.696,50.052,"Curva 5.",30.16
302.10,58.632,-0.964,-159.927,3.529,-2.576,20.411,1.000,0.000,0.000,0.295,-0.035,20.871,9.699,1.427,-3.438,9.002,6.929,355.423,50.446,"Curva 5.",30.18
302.12,58.702,-1.016,-159.520,3.734,-2.582,20.287,1.000,0.000,0.000,0.296,-0.050,20.786,11.197,0.011,-4.345,9.621,6.934,355.614,50.841,"Curva 5.",30.20
302.14,58.775,-1.067,-159.116,3.944,-2.580,20.143,1.000,0.000,0.000,0.297,-0.055,20.685,11.613,0.332,-5.185,10.264,6.952,355.653,51.236,"Curva 5.",30.22
302.16,58.850,-1.118,-158.714,4.116,-2.559,19.993,1.000,0.000,0.000,0.257,-0.042,20.571,9.836,1.170,-5.794,10.926,6.970,355.436,51.629,"Curva 5.",30.24
302.18,58.930,-1.169,-158.317,4.302,-2.557,19.809,1.000,0.000,0.000,0.237,-0.040,20.430,10.945,0.084,-7.129,11.592,7.025,355.427,52.021,"Curva 5.",30.26
302.20,59.015,-1.219,-157.924,4.501,-2.551,19.619,1.000,0.000,0.000,0.229,-0.026,20.288,11.752,0.326,-7.141,12.275,7.100,355.621,52.413,"Curva 5.",30.28
302.22,59.101,-1.270,-157.533,4.677,-2.554,19.433,1.000,0.000,0.000,0.195,-0.018,20.150,10.751,-0.223,-7.005,12.980,7.189,355.489,52.802,"Curva 5.",30.30
302.24,59.191,-1.319,-157.147,4.853,-2.530,19.239,1.000,0.000,0.000,0.155,0.014,20.002,10.751,1.165,-7.434,13.706,7.271,355.363,53.190,"Curva 5.",30.32
302.26,59.286,-1.370,-156.765,5.042,-2.554,19.028,1.000,0.000,0.000,0.134,0.001,19.849,11.950,-1.277,-7.638,14.451,7.365,355.561,53.576,"Curva 5.",30.34
302.28,59.383,-1.420,-156.387,5.237,-2.552,18.832,1.000,0.000,0.000,0.103,0.011,19.712,11.989,0.120,-6.869,15.237,7.447,355.559,53.960,"Curva 5.",30.36
302.30,59.484,-1.470,-156.011,5.407,-2.560,18.640,1.000,0.000,0.000,0.043,0.001,19.576,10.919,-0.414,-6.742,16.051,7.507,355.443,54.343,"Curva 5.",30.38
302.32,59.588,-1.521,-155.640,5.593,-2.564,18.431,1.000,0.000,0.000,-0.002,-0.007,19.431,11.991,-0.243,-7.192,16.890,7.563,355.474,54.725,"Curva 5.",30.40
302.34,59.697,-1.572,-155.274,5.784,-2.568,18.230,1.000,0.000,0.000,-0.051,-0.013,19.297,12.201,-0.172,-6.602,17.760,7.622,355.667,55.105,"Curva 5.",30.42
302.36,59.808,-1.623,-154.910,5.971,-2.570,18.024,1.000,0.000,0.000,-0.106,-0.018,19.160,12.160,-0.028,-6.688,18.649,7.678,355.584,55.482,"Curva 5.",30.44
302.38,59.923,-1.673,-154.551,6.158,-2.545,17.811,1.000,0.000,0.000,-0.157,0.002,19.016,12.345,1.255,-7.026,19.549,7.733,355.561,55.858,"Curva 5.",30.46
302.40,60.043,-1.724,-154.197,6.358,-2.558,17.577,1.000,0.000,0.000,-0.188,-0.011,18.865,13.543,-0.634,-7.287,20.462,7.802,355.752,56.232,"Curva 5.",30.48
302.42,60.167,-1.774,-153.847,6.564,-2.546,17.347,1.000,0.000,0.000,-0.217,-0.001,18.721,13.780,0.638,-6.944,21.396,7.862,355.783,56.604,"Curva 5.",30.50
302.44,60.293,-1.825,-153.500,6.751,-2.541,17.124,1.000,0.000,0.000,-0.266,-0.003,18.579,12.877,0.296,-6.759,22.343,7.911,355.720,56.973,"Curva 5.",30.52
302.46,60.424,-1.875,-153.159,6.947,-2.538,16.886,1.000,0.000,0.000,-0.302,-0.008,18.432,13.731,0.166,-7.007,23.309,7.959,355.758,57.341,"Curva 5.",30.54
302.48,60.559,-1.925,-152.823,7.146,-2.528,16.652,1.000,0.000,0.000,-0.341,-0.004,18.293,13.891,0.576,-6.546,24.301,8.007,355.959,57.706,"Curva 5.",30.56
302.50,60.697,-1.975,-152.490,7.340,-2.529,16.416,1.000,0.000,0.000,-0.383,-0.012,18.155,13.865,-0.004,-6.479,25.313,8.058,355.933,58.068,"Curva 5.",30.58
302.52,60.839,-2.025,-152.162,7.531,-2.504,16.176,1.000,0.000,0.000,-0.430,0.003,18.013,13.781,1.345,-6.614,26.339,8.097,355.876,58.429,"Curva 5.",30.60
302.54,60.986,-2.075,-151.839,7.718,-2.513,15.927,1.000,0.000,0.000,-0.471,-0.010,17.870,14.124,-0.440,-6.628,27.379,8.153,356.085,58.786,"Curva 5.",30.62
302.56,61.135,-2.124,-151.521,7.913,-2.513,15.677,1.000,0.000,0.000,-0.509,-0.016,17.732,14.533,0.079,-6.289,28.444,8.205,356.106,59.141,"Curva 5.",30.64
302.58,61.288,-2.174,-151.207,8.096,-2.485,15.438,1.000,0.000,0.000,-0.565,-0.001,17.600,13.787,1.497,-6.005,29.526,8.238,356.083,59.494,"Curva 5.",30.66
302.60,61.446,-2.223,-150.898,8.284,-2.493,15.179,1.000,0.000,0.000,-0.608,-0.016,17.460,14.754,-0.384,-6.260,30.639,8.288,356.221,59.844,"Curva 5.",30.68
302.62,61.606,-2.273,-150.594,8.475,-2.485,14.918,1.000,0.000,0.000,-0.653,-0.014,17.324,14.994,0.494,-6.034,31.782,8.340,356.321,60.191,"Curva 5.",30.70
302.64,61.770,-2.322,-150.295,8.648,-2.476,14.667,1.000,0.000,0.000,-0.718,-0.012,17.191,14.057,0.521,-5.834,32.939,8.390,356.354,60.536,"Curva 5.",30.72
302.66,61.938,-2.371,-150.001,8.823,-2.473,14.403,1.000,0.000,0.000,-0.775,-0.019,17.054,14.692,0.176,-5.952,34.119,8.438,356.362,60.877,"Curva 5.",30.74
302.68,62.109,-2.419,-149.712,8.998,-2.464,14.140,1.000,0.000,0.000,-0.835,-0.016,16.920,14.708,0.513,-5.707,35.323,8.488,356.539,61.216,"Curva 5.",30.76
302.70,62.284,-2.468,-149.428,9.167,-2.466,13.878,1.000,0.000,0.000,-0.901,-0.023,16.790,14.658,-0.094,-5.430,36.553,8.548,356.666,61.552,"Curva 5.",30.78
302.72,62.461,-2.517,-149.148,9.334,-2.452,13.614,1.000,0.102,0.000,-0.970,-0.021,16.659,14.682,0.758,-5.347,37.803,8.591,356.603,61.885,"Curva 5.",30.80
302.74,62.642,-2.565,-148.873,9.481,-2.441,13.365,1.000,0.207,0.000,-1.059,-0.019,16.533,13.501,0.595,-5.058,39.053,8.633,356.727,62.215,"Curva 5.",30.82
302.76,62.825,-2.614,-148.603,9.596,-2.447,13.147,1.000,0.207,0.000,-1.174,-0.034,16.418,11.483,-0.341,-4.484,40.262,8.680,356.809,62.542,"Curva 5.",30.84
302.78,63.012,-2.662,-148.337,9.716,-2.439,12.933,1.000,0.516,0.000,-1.272,-0.037,16.309,11.558,0.414,-4.085,41.426,8.717,356.832,62.867,"Curva 5.",30.86
302.80,63.201,-2.710,-148.076,9.833,-2.425,12.714,1.000,0.516,0.000,-1.354,-0.030,16.198,11.699,0.685,-4.169,42.551,8.752,357.013,63.189,"Curva 5.",30.88
302.82,63.393,-2.759,-147.820,9.962,-2.412,12.492,1.000,0.516,0.000,-1.411,-0.028,16.097,12.328,0.688,-3.645,43.638,8.770,357.112,63.508,"Curva 5.",30.90
302.84,63.589,-2.806,-147.567,10.101,-2.387,12.259,1.000,0.516,0.000,-1.441,-0.020,15.998,13.089,1.369,-3.543,44.692,8.768,357.149,63.825,"Curva 5.",30.92
302.86,63.788,-2.854,-147.320,10.247,-2.360,12.014,1.000,0.516,0.000,-1.449,-0.006,15.900,13.800,1.485,-3.491,45.723,8.762,357.297,64.139,"Curva 5.",30.94
302.88,63.990,-2.901,-147.079,10.400,-2.345,11.755,1.000,0.613,0.000,-1.431,-0.004,15.805,14.658,0.913,-3.367,46.727,8.750,357.417,64.449,"Curva 5.",30.96
302.90,64.195,-2.948,-146.842,10.546,-2.330,11.503,1.000,0.613,0.000,-1.407,-0.007,15.715,14.193,0.868,-3.195,47.683,8.731,357.440,64.757,"Curva 5.",30.98
302.92,64.403,-2.994,-146.610,10.677,-2.309,11.266,1.000,0.730,0.000,-1.385,-0.003,15.631,13.156,1.231,-3.034,48.575,8.712,357.424,65.062,"Curva 5.",31.00
302.94,64.615,-3.040,-146.384,10.813,-2.312,11.021,1.000,0.730,0.000,-1.333,-0.015,15.554,13.746,-0.033,-2.767,49.405,8.700,357.582,65.363,"Curva 5.",31.02
302.96,64.830,-3.087,-146.163,10.956,-2.321,10.776,1.000,1.000,0.000,-1.258,-0.030,15.490,14.010,-0.208,-2.258,50.169,8.688,357.727,65.661,"Curva 5.",31.04
302.98,65.047,-3.133,-145.946,11.100,-2.293,10.550,1.000,1.000,0.000,-1.177,-0.020,15.440,13.290,1.693,-1.726,50.865,8.652,357.587,65.957,"Curva 5.",31.06
303.00,65.269,-3.179,-145.736,11.256,-2.281,10.310,1.000,1.000,0.000,-1.061,-0.021,15.397,14.188,0.958,-1.422,51.499,8.605,357.654,66.250,"Curva 5.",31.08
303.02,65.496,-3.225,-145.531,11.435,-2.283,10.062,1.000,1.000,0.000,-0.908,-0.030,15.375,15.269,0.377,-0.566,52.073,8.551,357.913,66.540,"Curva 5.",31.10
303.04,65.725,-3.271,-145.330,11.613,-2.257,9.845,1.000,1.000,0.000,-0.758,-0.022,15.373,13.982,1.887,0.299,52.565,8.472,357.799,66.828,"Curva 5.",31.12
303.06,65.959,-3.317,-145.133,11.794,-2.237,9.647,1.000,1.000,0.000,-0.599,-0.021,15.388,13.302,1.747,1.081,52.975,8.371,357.682,67.115,"Curva 5.",31.14
303.08,66.198,-3.363,-144.942,11.999,-2.245,9.433,1.000,1.000,0.000,-0.404,-0.040,15.422,14.659,0.364,1.878,53.346,8.278,357.929,67.399,"Curva 5.",31.16
303.10,66.441,-3.409,-144.754,12.216,-2.248,9.240,1.000,1.000,0.000,-0.218,-0.052,15.480,14.195,0.782,3.051,53.718,8.186,358.027,67.682,"Curva 5.",31.18
303.12,66.687,-3.454,-144.568,12.425,-2.243,9.097,1.000,1.000,0.000,-0.083,-0.060,15.561,11.913,1.331,4.173,54.110,8.076,357.833,67.965,"Curva 5.",31.20
303.14,66.938,-3.500,-144.385,12.633,-2.254,8.960,0.371,1.000,0.000,0.032,-0.080,15.651,11.570,0.508,4.552,54.547,7.982,357.837,68.249,"Curva 5.",31.22
303.16,67.193,-3.546,-144.205,12.846,-2.252,8.841,0.371,1.000,0.000,0.121,-0.084,15.755,10.951,1.197,5.229,55.030,7.899,358.028,68.532,"Curva 5.",31.24
303.18,67.452,-3.592,-144.026,13.055,-2.246,8.757,0.371,1.000,0.000,0.167,-0.085,15.879,9.316,1.472,6.154,55.549,7.806,358.045,68.816,"Curva 5.",31.26
303.20,67.715,-3.638,-143.847,13.265,-2.227,8.676,0.371,1.000,0.000,0.197,-0.076,16.004,9.163,2.131,6.241,56.113,7.702,357.952,69.102,"Curva 5.",31.28
303.22,67.983,-3.683,-143.672,13.480,-2.192,8.578,0.371,1.000,0.000,0.225,-0.056,16.125,9.906,2.877,6.011,56.730,7.588,358.170,69.388,"Curva 5.",31.30
303.24,68.255,-3.727,-143.498,13.702,-2.171,8.476,0.148,1.000,0.000,0.246,-0.051,16.256,10.226,2.191,6.459,57.392,7.471,358.412,69.674,"Curva 5.",31.32
303.26,68.529,-3.771,-143.322,13.903,-2.145,8.437,0.119,1.000,0.000,0.205,-0.046,16.402,6.894,2.488,7.214,58.033,7.329,358.103,69.964,"Curva 5.",31.34
303.28,68.808,-3.815,-143.147,14.054,-2.120,8.456,0.119,1.000,0.000,0.117,-0.051,16.538,3.052,2.202,6.770,58.565,7.173,358.013,70.255,"Curva 5.",31.36
303.30,69.093,-3.859,-142.977,14.228,-2.119,8.432,1.000,1.000,0.000,0.099,-0.080,16.673,5.504,1.040,6.763,59.012,7.017,358.538,70.546,"Curva 5.",31.38
303.32,69.379,-3.903,-142.804,14.392,-2.109,8.466,1.000,1.000,0.000,0.059,-0.102,16.829,2.669,1.500,7.799,59.344,6.844,358.349,70.840,"Curva 5.",31.40
303.34,69.669,-3.946,-142.629,14.527,-2.077,8.532,1.000,1.000,0.000,0.005,-0.108,16.975,0.445,2.456,7.273,59.568,6.666,357.997,71.138,"Curva 5.",31.42
303.36,69.963,-3.989,-142.458,14.684,-2.053,8.553,1.000,1.000,0.000,0.019,-0.116,17.116,3.004,2.113,7.105,59.728,6.499,358.369,71.435,"Curva 5.",31.44
303.38,70.262,-4.030,-142.286,14.850,-1.999,8.592,1.000,1.000,0.000,0.038,-0.096,17.272,2.426,3.662,7.810,59.828,6.323,358.587,71.735,"Curva 5.",31.46
303.40,70.561,-4.071,-142.110,14.992,-1.955,8.671,1.000,1.000,0.000,0.019,-0.091,17.428,0.042,3.028,7.830,59.904,6.140,358.186,72.039,"Curva 5.",31.48
303.42,70.865,-4.111,-141.935,15.183,-1.900,8.659,1.000,1.000,0.000,0.077,-0.080,17.582,5.178,3.721,7.696,60.059,5.936,358.286,72.345,"Curva 5.",31.50
303.44,71.175,-4.150,-141.765,15.408,-1.838,8.555,1.000,1.000,0.000,0.188,-0.064,17.718,9.977,4.009,6.840,60.351,5.736,358.911,72.650,"Curva 5.",31.52
303.46,71.485,-4.188,-141.589,15.609,-1.796,8.482,1.000,1.000,0.000,0.217,-0.074,17.854,8.040,2.942,6.758,60.786,5.522,358.599,72.961,"Curva 5.",31.54
303.48,71.799,-4.224,-141.414,15.807,-1.715,8.389,1.000,1.000,0.000,0.220,-0.052,17.976,8.683,4.940,6.080,61.346,5.287,358.284,73.272,"Curva 5.",31.56
303.50,72.119,-4.260,-141.248,16.017,-1.693,8.220,1.000,1.000,0.000,0.270,-0.093,18.080,12.368,1.795,5.150,61.980,5.060,358.923,73.581,"Curva 5.",31.58
303.52,72.443,-4.295,-141.081,16.236,-1.633,8.077,1.000,1.000,0.000,0.287,-0.105,18.205,11.308,3.692,6.172,62.648,4.801,359.023,73.891,"Curva 5.",31.60
303.54,72.768,-4.329,-140.912,16.421,-1.549,7.975,1.000,1.000,0.000,0.244,-0.097,18.319,8.584,4.900,5.611,63.338,4.527,358.467,74.205,"Curva 5.",31.62
303.56,73.100,-4.361,-140.751,16.622,-1.503,7.791,1.000,1.000,0.000,0.267,-0.130,18.416,12.601,2.918,4.833,64.061,4.261,358.736,74.515,"Curva 5.",31.64
303.58,73.437,-4.392,-140.595,16.841,-1.430,7.602,1.000,1.000,0.000,0.300,-0.133,18.530,13.193,4.255,5.636,64.782,4.001,359.185,74.824,"Curva 5.",31.66
303.60,73.775,-4.422,-140.436,17.046,-1.347,7.486,1.000,1.000,0.000,0.268,-0.135,18.663,9.371,4.815,6.611,65.474,3.707,358.743,75.137,"Curva 5.",31.68
303.62,74.119,-4.449,-140.281,17.260,-1.233,7.337,1.000,1.000,0.000,0.267,-0.109,18.793,11.039,6.381,6.437,66.165,3.407,358.545,75.449,"Curva 5.",31.70
303.64,74.469,-4.475,-140.136,17.486,-1.178,7.122,1.000,1.000,0.000,0.325,-0.139,18.914,14.260,3.275,6.005,66.859,3.136,359.118,75.757,"Curva 5.",31.72
303.66,74.823,-4.500,-139.989,17.721,-1.115,6.968,1.000,1.000,0.000,0.339,-0.149,19.071,11.524,3.740,7.763,67.524,2.887,358.959,76.068,"Curva 5.",31.74
303.68,75.179,-4.523,-139.843,17.927,-1.038,6.859,1.000,1.000,0.000,0.305,-0.143,19.220,8.785,4.444,7.341,68.166,2.646,358.387,76.382,"Curva 5.",31.76
303.70,75.542,-4.545,-139.706,18.139,-1.062,6.678,1.000,1.000,0.000,0.341,-0.210,19.354,12.273,-0.646,6.649,68.790,2.504,358.802,76.691,"Curva 5.",31.78
303.72,75.908,-4.567,-139.572,18.349,-1.048,6.539,1.000,1.000,0.000,0.351,-0.220,19.504,10.187,1.207,7.358,69.365,2.415,359.020,77.000,"Curva 5.",31.80
303.74,76.276,-4.588,-139.433,18.528,-0.997,6.504,1.000,1.000,0.000,0.275,-0.194,19.658,4.637,2.982,7.653,69.870,2.320,358.360,77.315,"Curva 5.",31.82
303.76,76.648,-4.608,-139.302,18.708,-1.051,6.384,1.000,1.000,0.000,0.278,-0.212,19.792,8.746,-2.206,6.598,70.368,2.409,358.478,77.626,"Curva 5.",31.84
303.78,77.025,-4.628,-139.174,18.899,-1.063,6.254,1.000,1.000,0.000,0.301,-0.169,19.932,9.275,-0.024,6.893,70.835,2.548,358.590,77.938,"Curva 5.",31.86
303.80,77.404,-4.648,-139.044,19.085,-1.053,6.218,1.000,1.000,0.000,0.257,-0.105,20.098,4.649,1.034,8.198,71.229,2.679,358.185,78.253,"Curva 5.",31.88
303.82,77.787,-4.668,-138.918,19.261,-1.087,6.119,1.000,1.000,0.000,0.264,-0.077,20.237,7.515,-1.141,6.884,71.633,2.836,358.112,78.568,"Curva 5.",31.90
303.84,78.174,-4.690,-138.797,19.439,-1.142,6.001,1.000,1.000,0.000,0.285,-0.077,20.374,8.442,-2.169,6.766,72.048,2.974,358.415,78.883,"Curva 5.",31.92
303.86,78.563,-4.712,-138.673,19.576,-1.163,5.918,1.000,1.000,0.000,0.255,-0.062,20.483,6.044,-0.534,5.346,72.472,3.058,358.081,79.202,"Curva 5.",31.94
303.88,78.956,-4.736,-138.552,19.698,-1.196,5.808,1.000,1.000,0.000,0.228,-0.078,20.570,7.075,-1.186,4.292,72.944,3.094,357.957,79.521,"Curva 5.",31.96
303.90,79.351,-4.760,-138.436,19.827,-1.220,5.645,1.000,1.000,0.000,0.229,-0.086,20.649,9.697,-0.674,3.902,73.479,3.128,358.188,79.839,"Curva 5.",31.98
303.92,79.749,-4.784,-138.321,19.960,-1.240,5.505,1.000,1.000,0.000,0.198,-0.090,20.741,8.571,-0.511,4.513,74.043,3.162,358.138,80.158,"Curva 5.",32.00
303.94,80.149,-4.809,-138.206,20.112,-1.227,5.368,1.000,1.000,0.000,0.163,-0.069,20.851,8.570,1.292,5.475,74.614,3.167,357.834,80.479,"Curva 5.",32.02
303.96,80.554,-4.834,-138.099,20.276,-1.256,5.192,1.000,1.000,0.000,0.166,-0.084,20.967,10.648,-0.756,5.746,75.190,3.190,358.055,80.797,"Curva 5.",32.04
303.98,80.961,-4.859,-137.994,20.447,-1.286,5.011,1.000,1.000,0.000,0.174,-0.093,21.091,10.880,-0.805,6.166,75.763,3.229,358.075,81.117,"Curva 5.",32.06
304.00,81.372,-4.885,-137.890,20.617,-1.296,4.870,1.000,1.000,0.000,0.151,-0.086,21.223,8.879,0.245,6.567,76.311,3.251,357.782,81.438,"Curva 5.",32.08
304.02,81.787,-4.911,-137.791,20.783,-1.331,4.699,1.000,1.000,0.000,0.155,-0.101,21.349,10.274,-1.009,6.275,76.855,3.287,357.781,81.758,"Curva 5.",32.10
304.04,82.205,-4.938,-137.697,20.954,-1.378,4.519,1.000,1.000,0.000,0.168,-0.125,21.479,10.688,-1.575,6.480,77.391,3.327,357.940,82.077,"Curva 5.",32.12
304.06,82.626,-4.966,-137.603,21.119,-1.401,4.374,1.000,1.000,0.000,0.152,-0.128,21.611,8.868,-0.451,6.587,77.910,3.362,357.688,82.399,"Curva 5.",32.14
304.08,83.050,-4.994,-137.514,21.278,-1.415,4.217,1.000,1.000,0.000,0.142,-0.122,21.738,9.269,0.089,6.284,78.427,3.396,357.604,82.721,"Curva 5.",32.16
304.10,83.478,-5.022,-137.430,21.444,-1.436,4.028,1.000,1.000,0.000,0.162,-0.122,21.865,10.904,-0.248,6.342,78.949,3.430,357.781,83.041,"Curva 5.",32.18
304.12,83.910,-5.051,-137.348,21.612,-1.443,3.854,1.000,1.000,0.000,0.166,-0.114,22.000,10.069,0.463,6.722,79.468,3.447,357.723,83.363,"Curva 5.",32.20
304.14,84.344,-5.080,-137.268,21.775,-1.445,3.683,1.000,1.000,0.000,0.161,-0.107,22.130,9.815,0.715,6.492,79.996,3.449,357.488,83.686,"Curva 5.",32.22
304.16,84.782,-5.109,-137.194,21.934,-1.455,3.482,1.000,1.000,0.000,0.176,-0.108,22.255,11.228,0.308,6.210,80.540,3.453,357.602,84.007,"Curva 5.",32.24
304.18,85.223,-5.138,-137.124,22.094,-1.478,3.281,1.000,1.000,0.000,0.187,-0.119,22.384,11.175,-0.299,6.410,81.088,3.462,357.652,84.329,"Curva 5.",32.26
304.20,85.668,-5.168,-137.055,22.253,-1.483,3.102,1.000,1.000,0.000,0.175,-0.122,22.516,9.966,0.625,6.574,81.632,3.446,357.378,84.653,"Curva 5.",32.28
304.22,86.115,-5.198,-136.992,22.402,-1.498,2.906,1.000,1.000,0.000,0.175,-0.130,22.638,10.754,0.103,6.072,82.180,3.445,357.419,84.975,"Curva 5.",32.30
304.24,86.566,-5.228,-136.935,22.552,-1.508,2.691,1.000,1.000,0.000,0.190,-0.128,22.761,11.615,0.367,6.122,82.731,3.456,357.576,85.296,"Curva 5.",32.32
304.26,87.019,-5.258,-136.878,22.710,-1.511,2.504,1.000,1.000,0.000,0.181,-0.127,22.896,10.193,0.690,6.721,83.270,3.446,357.374,85.619,"Curva 5.",32.34
304.28,87.476,-5.289,-136.827,22.859,-1.510,2.305,1.000,1.000,0.000,0.180,-0.123,23.023,10.640,0.963,6.330,83.809,3.432,357.289,85.941,"Curva 5.",32.36
304.30,87.936,-5.319,-136.782,23.000,-1.526,2.080,1.000,1.000,0.000,0.198,-0.136,23.143,11.891,0.082,5.945,84.356,3.421,357.488,86.262,"Curva 5.",32.38
304.32,88.399,-5.350,-136.739,23.147,-1.529,1.874,1.000,1.000,0.000,0.197,-0.136,23.271,10.911,0.724,6.392,84.902,3.411,357.411,86.584,"Curva 5.",32.40
304.34,88.864,-5.381,-136.699,23.284,-1.532,1.677,1.000,1.000,0.000,0.181,-0.138,23.394,10.312,0.676,6.082,85.451,3.397,357.263,86.906,"Curva 5.",32.42
304.36,89.332,-5.412,-136.666,23.414,-1.548,1.453,1.000,1.000,0.000,0.188,-0.145,23.509,11.654,0.074,5.749,86.005,3.402,357.447,87.226,"Curva 5.",32.44
304.38,89.803,-5.443,-136.637,23.547,-1.558,1.233,1.000,1.000,0.000,0.188,-0.144,23.629,11.358,0.310,5.957,86.559,3.413,357.537,87.547,"Curva 5.",32.46
304.40,90.276,-5.474,-136.611,23.677,-1.552,1.032,1.000,1.000,0.000,0.167,-0.129,23.749,10.347,1.165,5.964,87.116,3.416,357.377,87.868,"Curva 5.",32.48
304.42,90.752,-5.505,-136.590,23.794,-1.550,0.805,1.000,1.000,0.000,0.162,-0.117,23.857,11.557,0.913,5.395,87.685,3.427,357.498,88.188,"Curva 5.",32.50
304.44,91.230,-5.536,-136.575,23.913,-1.549,0.558,1.000,1.000,0.000,0.170,-0.109,23.969,12.484,0.894,5.570,88.267,3.428,357.729,88.506,"Curva 5.",32.52
304.46,91.711,-5.567,-136.563,24.034,-1.543,0.329,1.000,1.000,0.000,0.152,-0.105,24.085,11.560,1.112,5.790,88.865,3.409,357.689,88.826,"Curva 5.",32.54
304.48,92.194,-5.598,-136.555,24.139,-1.531,0.087,1.000,1.000,0.000,0.132,-0.102,24.187,12.052,1.380,5.098,89.489,3.375,357.666,89.144,"Curva 5.",32.56
304.50,92.679,-5.629,-136.555,24.237,-1.528,-0.182,1.000,1.000,0.000,0.130,-0.112,24.285,13.441,0.908,4.886,90.134,3.332,357.905,89.461,"Curva 5.",32.58
304.52,93.167,-5.660,-136.558,24.342,-1.522,-0.448,1.000,1.000,0.000,0.117,-0.121,24.393,13.187,1.091,5.397,90.789,3.285,357.968,89.777,"Curva 5.",32.60
304.54,93.656,-5.690,-136.566,24.443,-1.506,-0.708,1.000,1.000,0.000,0.094,-0.126,24.499,12.817,1.582,5.332,91.449,3.222,357.942,90.093,"Curva 5.",32.62
304.56,94.148,-5.721,-136.581,24.534,-1.493,-0.992,1.000,1.000,0.000,0.092,-0.135,24.599,14.010,1.385,5.043,92.111,3.158,358.122,90.406,"Curva 5.",32.64
304.58,94.641,-5.751,-136.602,24.630,-1.466,-1.286,1.000,1.000,0.000,0.096,-0.136,24.707,14.369,2.079,5.444,92.774,3.079,358.345,90.718,"Curva 5.",32.66
304.60,95.136,-5.780,-136.628,24.729,-1.431,-1.570,1.000,1.000,0.000,0.089,-0.134,24.819,13.838,2.412,5.664,93.438,2.991,358.325,91.029,"Curva 5.",32.68
304.62,95.634,-5.809,-136.660,24.816,-1.386,-1.871,1.000,1.000,0.000,0.091,-0.131,24.924,14.607,2.930,5.287,94.110,2.882,358.455,91.338,"Curva 5.",32.70
304.64,96.133,-5.837,-136.699,24.895,-1.339,-2.191,1.000,1.000,0.000,0.107,-0.134,25.027,15.558,2.975,5.174,94.791,2.754,358.668,91.645,"Curva 5.",32.72
304.66,96.634,-5.864,-136.743,24.977,-1.267,-2.508,1.000,1.000,0.000,0.110,-0.132,25.134,15.302,4.186,5.447,95.489,2.584,358.734,91.951,"Curva 5.",32.74
304.68,97.137,-5.890,-136.794,25.045,-1.203,-2.833,1.000,1.000,0.000,0.110,-0.147,25.233,15.687,3.742,4.986,96.211,2.393,358.793,92.255,"Curva 5.",32.76
304.70,97.641,-5.914,-136.853,25.104,-1.114,-3.181,1.000,1.000,0.000,0.121,-0.150,25.329,16.847,4.903,4.878,96.954,2.178,359.082,92.556,"Curva 5.",32.78
304.72,98.147,-5.937,-136.918,25.167,-1.041,-3.526,1.000,1.000,0.000,0.124,-0.179,25.433,16.620,4.084,5.272,97.701,1.938,359.181,92.855,"Curva 5.",32.80
304.74,98.654,-5.958,-136.989,25.227,-0.933,-3.870,1.000,1.000,0.000,0.125,-0.183,25.538,16.488,5.754,5.347,98.446,1.679,359.243,93.151,"Curva 5.",32.82
304.76,99.162,-5.977,-137.068,25.274,-0.835,-4.226,1.000,1.000,0.000,0.140,-0.191,25.638,17.174,5.228,5.053,99.184,1.437,359.341,93.445,"Curva 5.",32.84
304.78,99.670,-5.994,-137.156,25.330,-0.739,-4.594,1.000,1.000,0.000,0.172,-0.203,25.752,17.590,5.038,5.806,99.900,1.191,359.584,93.735,"Curva 5.",32.86
304.80,100.181,-6.008,-137.248,25.389,-0.650,-4.940,1.000,1.000,0.000,0.192,-0.207,25.872,16.407,4.732,6.007,100.589,0.977,359.509,94.024,"Curva 5.",32.88
304.82,100.692,-6.022,-137.349,25.442,-0.571,-5.271,1.000,1.000,0.000,0.204,-0.214,25.987,15.679,4.108,5.751,101.259,0.785,359.565,94.310,"Curva 5.",32.90
304.84,101.203,-6.033,-137.457,25.488,-0.501,-5.603,1.000,1.000,0.000,0.226,-0.210,26.100,15.767,3.619,5.659,101.902,0.637,359.799,94.592,"Curva 5.",32.92
304.86,101.716,-6.043,-137.570,25.546,-0.428,-5.904,1.000,1.000,0.000,0.223,-0.193,26.222,14.048,3.781,6.075,102.526,0.512,359.859,94.873,"Curva 5.",32.94
304.88,102.230,-6.051,-137.688,25.598,-0.360,-6.188,1.000,1.000,0.000,0.207,-0.172,26.336,13.247,3.486,5.707,103.142,0.407,359.789,95.154,"Curva 5.",32.96
304.90,102.744,-6.057,-137.814,25.630,-0.294,-6.491,1.000,1.000,0.000,0.209,-0.154,26.439,14.334,3.290,5.135,103.759,0.304,0.012,95.431,"Curva 5.",32.98
304.92,103.259,-6.063,-137.946,25.657,-0.237,-6.793,1.000,1.000,0.000,0.207,-0.147,26.541,14.307,2.818,5.058,104.382,0.196,0.179,95.707,"Curva 5.",33.00
304.94,103.775,-6.068,-138.082,25.678,-0.174,-7.075,1.000,1.000,0.000,0.178,-0.145,26.635,13.329,3.138,4.678,105.021,0.063,0.110,95.983,"Curva 5.",33.02
304.96,104.291,-6.071,-138.225,25.676,-0.117,-7.371,1.000,1.000,0.000,0.158,-0.151,26.712,14.313,2.798,3.883,105.679,359.930,0.217,96.256,"Curva 5.",33.04
304.98,104.806,-6.074,-138.375,25.663,-0.050,-7.688,1.000,1.000,0.000,0.155,-0.157,26.790,15.411,3.236,3.893,106.344,359.772,0.490,96.526,"Curva 5.",33.06
305.00,105.322,-6.075,-138.530,25.659,0.026,-7.996,1.000,1.000,0.000,0.139,-0.165,26.875,14.806,3.588,4.294,107.008,359.597,0.533,96.795,"Curva 5.",33.08
305.02,105.838,-6.074,-138.690,25.640,0.115,-8.309,1.000,1.000,0.000,0.128,-0.165,26.952,15.223,4.320,3.901,107.680,359.406,0.455,97.062,"Curva 5.",33.10
305.04,106.352,-6.071,-138.860,25.602,0.226,-8.651,1.000,1.000,0.000,0.146,-0.161,27.024,16.923,5.286,3.651,108.356,359.183,0.764,97.324,"Curva 5.",33.12
305.06,106.866,-6.067,-139.037,25.566,0.340,-9.002,1.000,1.000,0.000,0.168,-0.175,27.106,17.259,5.288,4.155,109.035,358.918,1.004,2.439,"Curva 6.",33.14
305.08,107.381,-6.060,-139.216,25.534,0.463,-9.335,1.000,1.000,0.000,0.161,-0.183,27.189,16.278,5.897,4.243,109.738,358.641,0.657,2.619,"Curva 6.",33.16
305.10,107.894,-6.051,-139.407,25.473,0.588,-9.686,1.000,1.000,0.000,0.171,-0.203,27.258,17.643,5.807,3.486,110.452,358.344,1.052,2.886,"Curva 6.",33.18
305.12,108.405,-6.039,-139.605,25.406,0.730,-10.055,1.000,1.000,0.000,0.205,-0.223,27.332,18.545,6.542,3.777,111.152,358.013,1.355,3.222,"Curva 6.",33.20
305.14,108.918,-6.024,-139.806,25.368,0.889,-10.378,1.000,1.000,0.000,0.185,-0.221,27.422,15.867,7.473,4.552,111.855,357.687,1.032,3.608,"Curva 6.",33.22
305.16,109.428,-6.006,-140.016,25.298,1.016,-10.731,1.000,1.000,0.000,0.200,-0.225,27.497,17.738,5.875,3.811,112.562,357.422,1.013,4.030,"Curva 6.",33.24
305.18,109.934,-5.985,-140.238,25.225,1.131,-11.117,1.000,1.000,0.000,0.265,-0.249,27.587,19.308,4.980,4.521,113.218,357.150,1.631,4.476,"Curva 6.",33.26
305.20,110.442,-5.962,-140.462,25.191,1.300,-11.427,1.000,1.000,0.000,0.264,-0.231,27.690,15.102,7.781,5.209,113.841,356.846,1.609,4.944,"Curva 6.",33.28
305.22,110.951,-5.934,-140.688,25.152,1.497,-11.701,1.000,1.000,0.000,0.212,-0.174,27.780,13.412,9.362,4.481,114.503,356.560,0.951,5.429,"Curva 6.",33.30
305.24,111.455,-5.904,-140.927,25.057,1.595,-12.084,1.000,1.000,0.000,0.269,-0.199,27.862,19.452,4.205,4.143,115.182,356.321,1.340,5.923,"Curva 6.",33.32
305.26,111.956,-5.873,-141.175,24.972,1.645,-12.463,1.000,1.000,0.000,0.333,-0.274,27.955,18.986,1.559,4.602,115.822,356.087,1.846,6.427,"Curva 6.",33.34
305.28,112.460,-5.840,-141.424,24.943,1.785,-12.683,1.000,1.000,0.000,0.242,-0.255,28.037,10.679,6.426,4.093,116.442,355.842,1.568,6.940,"Curva 6.",33.36
305.30,112.962,-5.802,-141.675,24.876,2.006,-12.911,1.000,1.000,0.000,0.167,-0.154,28.098,11.866,10.656,3.063,117.081,355.597,1.095,7.460,"Curva 6.",33.38
305.32,113.459,-5.761,-141.941,24.739,2.159,-13.295,1.000,1.000,0.000,0.255,-0.140,28.167,20.406,6.720,3.480,117.724,355.337,1.774,7.982,"Curva 6.",33.40
305.34,113.956,-5.718,-142.211,24.631,2.220,-13.684,1.000,1.000,0.000,0.331,-0.227,28.261,19.767,2.025,4.703,118.367,355.056,1.845,8.511,"Curva 6.",33.42
305.36,114.453,-5.675,-142.482,24.573,2.265,-13.923,1.000,1.000,0.000,0.238,-0.305,28.331,11.889,1.736,3.478,119.040,354.808,1.100,9.045,"Curva 6.",33.44
305.38,114.944,-5.629,-142.764,24.451,2.360,-14.170,1.000,1.000,0.000,0.184,-0.285,28.357,13.883,4.251,1.268,119.704,354.662,1.587,9.580,"Curva 6.",33.46
305.40,115.433,-5.579,-143.052,24.324,2.586,-14.458,1.000,1.000,0.000,0.206,-0.158,28.413,16.001,10.491,2.834,120.297,354.475,2.106,10.117,"Curva 6.",33.48
305.42,115.924,-5.525,-143.339,24.255,2.798,-14.726,1.000,1.000,0.000,0.189,-0.085,28.512,13.527,9.850,4.987,120.879,354.206,1.301,10.660,"Curva 6.",33.50
305.44,116.411,-5.470,-143.638,24.104,2.905,-15.093,1.000,1.000,0.000,0.247,-0.143,28.586,19.677,4.535,3.724,121.549,353.893,1.330,11.205,"Curva 6.",33.52
305.46,116.892,-5.414,-143.947,23.907,2.905,-15.483,1.000,1.000,0.000,0.320,-0.316,28.627,21.744,-0.947,2.073,122.265,353.565,1.924,11.750,"Curva 6.",33.54
305.48,117.374,-5.356,-144.254,23.833,2.962,-15.714,1.000,1.000,0.000,0.212,-0.353,28.697,11.779,2.191,3.459,122.957,353.382,1.386,12.299,"Curva 6.",33.56
305.50,117.855,-5.294,-144.566,23.744,3.147,-15.923,1.000,1.000,0.000,0.120,-0.225,28.761,11.279,8.733,3.170,123.599,353.274,0.862,12.849,"Curva 6.",33.58
305.52,118.326,-5.229,-144.894,23.575,3.323,-16.281,1.000,1.000,0.000,0.250,-0.128,28.841,19.827,7.795,4.060,124.122,353.145,1.759,13.398,"Curva 6.",33.60
305.54,118.798,-5.161,-145.224,23.444,3.439,-16.635,1.000,1.000,0.000,0.361,-0.127,28.948,18.427,4.595,5.319,124.632,352.948,1.777,13.952,"Curva 6.",33.62
305.56,119.274,-5.093,-145.552,23.386,3.530,-16.840,1.000,1.000,0.000,0.238,-0.175,29.032,10.086,3.975,4.145,125.281,352.675,0.620,14.510,"Curva 6.",33.64
305.58,119.742,-5.025,-145.893,23.215,3.484,-17.116,1.000,1.000,0.000,0.187,-0.347,29.049,16.163,-2.758,0.862,126.017,352.434,1.151,15.067,"Curva 6.",33.66
305.60,120.203,-4.955,-146.240,23.022,3.537,-17.403,1.000,1.000,0.000,0.167,-0.337,29.073,17.302,1.998,1.174,126.734,352.357,1.736,15.623,"Curva 6.",33.68
305.62,120.670,-4.882,-146.582,22.954,3.702,-17.577,1.000,1.000,0.000,0.042,-0.199,29.146,9.078,7.735,3.693,127.356,352.311,0.588,16.183,"Curva 6.",33.70
305.64,121.128,-4.806,-146.937,22.799,3.809,-17.883,1.000,1.000,0.000,0.124,-0.120,29.225,16.870,4.655,3.970,127.861,352.278,0.620,16.742,"Curva 6.",33.72
305.66,121.578,-4.728,-147.305,22.550,3.875,-18.278,1.000,1.000,0.000,0.353,-0.107,29.283,23.306,2.271,2.909,128.325,352.207,1.689,17.301,"Curva 6.",33.74
305.68,122.036,-4.652,-147.666,22.533,3.888,-18.453,1.000,1.000,0.000,0.238,-0.166,29.381,7.344,-0.119,4.830,128.845,352.078,0.498,17.866,"Curva 6.",33.76
305.70,122.491,-4.575,-148.033,22.439,3.880,-18.637,1.000,1.000,0.000,0.116,-0.240,29.425,10.095,-0.722,2.164,129.485,351.957,0.045,18.432,"Curva 6.",33.78
305.72,122.934,-4.497,-148.413,22.203,3.893,-18.926,1.000,1.000,0.000,0.140,-0.243,29.432,18.637,0.222,0.367,130.160,351.933,1.192,18.995,"Curva 6.",33.80
305.74,123.381,-4.420,-148.789,22.137,3.873,-19.126,1.000,1.000,0.000,0.065,-0.236,29.509,9.746,-1.628,3.853,130.695,352.002,0.547,19.561,"Curva 6.",33.82
305.76,123.827,-4.340,-149.169,22.029,3.933,-19.335,1.000,1.000,0.000,0.038,-0.150,29.574,11.397,2.647,3.245,131.200,352.067,359.757,20.129,"Curva 6.",33.84
305.78,124.262,-4.261,-149.562,21.807,3.909,-19.654,1.000,1.000,0.000,0.174,-0.132,29.616,19.268,-1.721,2.119,131.684,352.163,0.594,20.695,"Curva 6.",33.86
305.80,124.697,-4.183,-149.958,21.662,3.891,-19.934,1.000,1.000,0.000,0.229,-0.126,29.693,15.237,-1.605,3.837,132.173,352.233,0.603,21.264,"Curva 6.",33.88
305.82,125.137,-4.104,-150.351,21.601,3.939,-20.079,1.000,1.000,0.000,0.095,-0.092,29.754,7.380,2.118,3.002,132.727,352.213,359.413,21.837,"Curva 6.",33.90
305.84,125.567,-4.027,-150.756,21.426,3.847,-20.331,1.000,1.000,0.000,0.083,-0.177,29.785,15.184,-4.856,1.612,133.339,352.239,359.919,22.407,"Curva 6.",33.92
305.86,125.992,-3.952,-151.167,21.221,3.720,-20.615,1.000,1.000,0.000,0.110,-0.247,29.817,17.275,-6.767,1.618,133.954,352.361,0.455,22.978,"Curva 6.",33.94
305.88,126.421,-3.877,-151.574,21.159,3.718,-20.767,1.000,1.000,0.000,-0.017,-0.204,29.879,7.560,-0.448,3.088,134.499,352.461,359.528,23.552,"Curva 6.",33.96
305.90,126.845,-3.802,-151.989,21.028,3.647,-20.970,1.000,1.000,0.000,-0.036,-0.174,29.920,11.893,-3.715,2.092,134.995,352.668,359.227,24.126,"Curva 6.",33.98
305.92,127.259,-3.728,-152.413,20.827,3.619,-21.246,1.000,1.000,0.000,0.077,-0.077,29.971,16.819,-1.668,2.562,135.422,352.917,359.959,24.698,"Curva 6.",34.00
305.94,127.677,-3.656,-152.838,20.752,3.559,-21.457,1.000,1.000,0.000,0.097,-0.083,30.062,10.110,-3.502,4.555,135.773,353.041,359.552,25.274,"Curva 6.",34.02
305.96,128.096,-3.585,-153.266,20.647,3.566,-21.640,1.000,1.000,0.000,0.067,-0.114,30.121,10.089,0.175,2.974,136.220,352.981,358.927,25.854,"Curva 6.",34.04
305.98,128.506,-3.515,-153.704,20.422,3.563,-21.866,1.000,1.000,0.000,0.072,-0.196,30.131,15.962,-0.088,0.550,136.822,352.834,359.530,26.432,"Curva 6.",34.06
306.00,128.913,-3.444,-154.144,20.184,3.587,-22.124,1.000,1.000,0.000,0.043,-0.265,30.160,17.476,1.050,1.575,137.546,352.666,359.766,27.011,"Curva 6.",34.08
306.02,129.323,-3.372,-154.584,19.991,3.666,-22.348,1.000,1.000,0.000,-0.049,-0.273,30.207,14.595,3.948,2.472,138.290,352.514,358.894,27.592,"Curva 6.",34.10
306.04,129.721,-3.299,-155.034,19.719,3.697,-22.640,1.000,1.000,0.000,-0.007,-0.277,30.249,19.787,1.618,2.246,138.967,352.456,358.986,28.170,"Curva 6.",34.12
306.06,130.110,-3.224,-155.493,19.405,3.759,-22.969,1.000,1.000,0.000,0.149,-0.219,30.302,22.589,2.977,2.721,139.527,352.456,359.502,28.746,"Curva 6.",34.14
306.08,130.502,-3.145,-155.953,19.205,4.028,-23.216,1.000,1.000,0.000,0.216,-0.082,30.397,15.343,13.222,4.809,139.995,352.223,358.721,29.327,"Curva 6.",34.16
306.10,130.887,-3.063,-156.422,18.948,4.244,-23.486,1.000,1.000,0.000,0.285,-0.095,30.472,18.232,10.855,3.791,140.568,351.803,358.551,29.908,"Curva 6.",34.18
306.12,131.260,-2.980,-156.902,18.539,4.349,-23.839,1.000,1.000,0.000,0.404,-0.266,30.506,26.943,5.241,1.779,141.367,351.299,359.535,30.486,"Curva 6.",34.20
306.14,131.638,-2.896,-157.380,18.328,4.368,-24.086,1.000,1.000,0.000,0.268,-0.524,30.574,15.900,0.773,3.426,142.244,350.795,358.813,31.069,"Curva 6.",34.22
306.16,132.012,-2.808,-157.858,18.131,4.500,-24.236,1.000,1.000,0.000,0.090,-0.521,30.596,12.103,6.964,1.178,143.069,350.562,357.733,31.650,"Curva 6.",34.24
306.18,132.365,-2.715,-158.349,17.749,4.615,-24.501,1.000,1.000,0.000,0.216,-0.368,30.601,23.124,6.244,0.308,143.687,350.630,358.789,32.223,"Curva 6.",34.26
306.20,132.713,-2.620,-158.845,17.452,4.745,-24.811,1.000,1.000,0.000,0.446,-0.182,30.699,21.035,6.082,4.807,144.040,350.758,359.267,32.795,"Curva 6.",34.28
306.22,133.073,-2.521,-159.335,17.425,4.920,-24.920,1.000,1.000,0.000,0.287,-0.008,30.802,3.928,8.244,5.021,144.498,350.771,357.559,33.376,"Curva 6.",34.30
306.24,133.419,-2.424,-159.837,17.209,4.892,-25.116,1.000,1.000,0.000,0.253,-0.076,30.836,14.506,-1.248,1.623,145.112,350.715,358.143,33.953,"Curva 6.",34.32
306.26,133.755,-2.328,-160.346,16.859,4.866,-25.352,1.000,1.000,0.000,0.302,-0.191,30.830,21.101,-1.009,-0.293,145.811,350.558,359.324,34.529,"Curva 6.",34.34
306.28,134.102,-2.231,-160.848,16.755,4.885,-25.439,1.000,1.000,0.000,0.057,-0.238,30.849,6.736,1.047,0.898,146.541,350.444,357.891,35.110,"Curva 6.",34.36
306.30,134.438,-2.134,-161.355,16.548,4.796,-25.571,1.000,1.000,0.000,-0.075,-0.269,30.832,12.421,-3.879,-0.779,147.253,350.557,357.753,35.687,"Curva 6.",34.38
306.32,134.757,-2.038,-161.872,16.169,4.717,-25.821,1.000,1.000,0.000,0.069,-0.220,30.828,22.732,-3.617,-0.139,147.821,350.788,359.040,36.257,"Curva 6.",34.40
306.34,135.083,-1.942,-162.388,16.017,4.708,-26.022,1.000,1.000,0.000,0.078,-0.132,30.917,11.799,-0.808,4.429,148.248,350.991,358.516,36.833,"Curva 6.",34.42
306.36,135.411,-1.845,-162.903,15.932,4.768,-26.142,1.000,1.000,0.000,-0.017,0.012,30.983,6.629,2.865,3.323,148.671,351.171,357.074,37.412,"Curva 6.",34.44
306.38,135.717,-1.752,-163.434,15.645,4.602,-26.392,1.000,1.000,0.000,0.118,-0.074,31.024,18.916,-8.318,2.102,149.125,351.328,358.730,37.985,"Curva 6.",34.46
306.40,136.028,-1.664,-163.963,15.413,4.359,-26.564,1.000,1.000,0.000,0.121,-0.232,31.019,14.571,-11.988,-0.248,149.659,351.489,358.900,38.561,"Curva 6.",34.48
306.42,136.347,-1.576,-164.487,15.298,4.352,-26.617,1.000,1.000,0.000,-0.076,-0.188,31.007,6.330,0.080,-0.597,150.272,351.591,357.197,39.141,"Curva 6.",34.50
306.44,136.648,-1.490,-165.020,15.031,4.243,-26.760,1.000,1.000,0.000,-0.124,-0.202,30.984,15.321,-4.788,-1.013,150.923,351.765,357.748,39.716,"Curva 6.",34.52
306.46,136.937,-1.404,-165.561,14.673,4.262,-26.967,1.000,1.000,0.000,-0.048,-0.108,30.995,20.656,1.136,0.689,151.542,351.898,359.236,40.286,"Curva 6.",34.54
306.48,137.237,-1.317,-166.099,14.508,4.296,-27.135,1.000,1.000,0.000,-0.147,-0.079,31.068,11.178,1.532,3.779,152.147,351.914,358.284,40.864,"Curva 6.",34.56
306.50,137.533,-1.231,-166.640,14.300,4.270,-27.324,1.000,1.000,0.000,-0.190,-0.107,31.133,13.647,-1.142,3.402,152.737,351.938,357.150,41.443,"Curva 6.",34.58
306.52,137.807,-1.149,-167.192,13.890,4.096,-27.591,1.000,1.000,0.000,-0.003,-0.202,31.160,24.569,-8.352,1.497,153.295,352.076,358.477,42.014,"Curva 6.",34.60
306.54,138.082,-1.068,-167.745,13.670,3.988,-27.754,1.000,1.000,0.000,0.011,-0.222,31.193,13.569,-5.336,1.702,153.767,352.245,358.686,42.587,"Curva 6.",34.62
306.56,138.366,-0.987,-168.296,13.618,3.999,-27.856,1.000,1.000,0.000,-0.133,-0.168,31.263,4.566,0.292,3.485,154.209,352.357,357.034,43.167,"Curva 6.",34.64
306.58,138.635,-0.909,-168.855,13.352,3.835,-28.040,1.000,1.000,0.000,-0.071,-0.237,31.292,16.337,-7.690,1.559,154.689,352.532,357.295,43.741,"Curva 6.",34.66
306.60,138.893,-0.833,-169.420,13.206,3.710,-28.219,1.000,1.000,0.000,-0.016,-0.255,31.376,10.569,-6.568,4.188,154.964,352.745,358.479,44.314,"Curva 6.",34.68
306.62,139.159,-0.759,-169.982,13.133,3.577,-28.277,1.000,1.000,0.000,-0.084,-0.251,31.381,4.728,-6.589,0.255,155.257,353.002,358.219,44.891,"Curva 6.",34.70
306.64,139.428,-0.687,-170.543,13.106,3.465,-28.351,1.000,1.000,0.000,-0.165,-0.202,31.425,3.049,-5.715,2.170,155.511,353.316,357.067,45.471,"Curva 6.",34.72
306.66,139.683,-0.619,-171.112,12.898,3.321,-28.463,1.000,1.000,0.000,-0.053,-0.166,31.425,12.080,-6.810,0.037,155.731,353.636,357.760,46.046,"Curva 6.",34.74
306.68,139.934,-0.552,-171.683,12.783,3.206,-28.585,1.000,1.000,0.000,0.002,-0.131,31.477,7.875,-5.868,2.578,155.908,353.916,358.634,46.622,"Curva 6.",34.76
306.70,140.194,-0.489,-172.252,12.710,3.072,-28.685,1.000,1.000,0.000,-0.058,-0.121,31.524,5.616,-6.779,2.392,156.217,354.192,357.906,47.204,"Curva 6.",34.78
306.72,140.449,-0.427,-172.824,12.612,2.959,-28.744,1.000,1.000,0.000,-0.130,-0.093,31.528,5.888,-5.457,0.200,156.553,354.455,357.642,47.785,"Curva 6.",34.80
306.74,140.693,-0.368,-173.401,12.364,2.864,-28.880,1.000,1.000,0.000,-0.062,-0.071,31.545,14.197,-4.509,0.946,156.941,354.664,358.685,48.363,"Curva 6.",34.82
306.76,140.940,-0.313,-173.979,12.209,2.695,-29.045,1.000,1.000,0.000,-0.081,-0.128,31.621,10.532,-8.610,3.862,157.353,354.884,358.557,48.945,"Curva 6.",34.84
306.78,141.187,-0.260,-174.559,12.044,2.549,-29.183,1.000,1.000,0.000,-0.156,-0.131,31.673,10.507,-7.205,2.664,157.865,355.157,358.168,49.528,"Curva 6.",34.86
306.80,141.424,-0.209,-175.142,11.834,2.369,-29.321,1.000,1.000,0.000,-0.192,-0.122,31.706,12.512,-8.825,1.820,158.374,355.502,358.517,50.109,"Curva 6.",34.88
306.82,141.657,-0.162,-175.729,11.631,2.234,-29.482,1.000,1.000,0.000,-0.192,-0.065,31.771,12.521,-6.774,3.344,158.820,355.858,358.859,50.690,"Curva 6.",34.90
306.84,141.891,-0.117,-176.318,11.456,2.092,-29.640,1.000,1.000,0.000,-0.197,-0.045,31.845,11.159,-7.099,3.800,159.226,356.161,358.564,51.274,"Curva 6.",34.92
306.86,142.117,-0.077,-176.911,11.238,1.939,-29.790,1.000,1.000,0.000,-0.178,-0.076,31.898,13.014,-7.530,2.773,159.655,356.385,358.677,51.857,"Curva 6.",34.94
306.88,142.339,-0.040,-177.508,10.991,1.796,-29.924,1.000,1.000,0.000,-0.166,-0.136,31.929,14.040,-7.030,1.676,160.136,356.537,358.943,52.440,"Curva 6.",34.96
306.90,142.558,-0.005,-178.107,10.755,1.676,-30.055,1.000,1.000,0.000,-0.201,-0.186,31.964,13.382,-5.892,1.899,160.677,356.668,359.007,53.023,"Curva 6.",34.98
306.92,142.773,0.028,-178.708,10.502,1.585,-30.188,1.000,1.000,0.000,-0.238,-0.190,32.001,14.225,-4.335,2.007,161.253,356.829,358.797,53.607,"Curva 6.",35.00
306.94,142.979,0.059,-179.313,10.211,1.464,-30.343,1.000,1.000,0.000,-0.218,-0.193,32.047,16.304,-5.976,2.482,161.797,357.042,359.180,54.189,"Curva 6.",35.02
306.96,143.180,0.088,-179.921,9.920,1.367,-30.510,1.000,1.000,0.000,-0.154,-0.156,32.110,16.470,-4.793,3.279,162.267,357.285,359.306,54.770,"Curva 6.",35.04
306.98,143.377,0.116,-180.531,9.675,1.288,-30.666,1.000,1.000,0.000,-0.108,-0.111,32.181,14.074,-3.932,3.625,162.684,357.513,359.155,55.352,"Curva 6.",35.06
307.00,143.568,0.142,-181.145,9.407,1.186,-30.815,1.000,1.000,0.000,-0.041,-0.090,32.240,15.056,-4.981,3.032,163.099,357.733,359.155,55.933,"Curva 6.",35.08
307.02,143.752,0.163,-181.762,9.141,0.977,-30.962,1.000,1.000,0.000,0.007,-0.149,32.297,14.949,-10.443,2.901,163.542,358.003,359.453,56.513,"Curva 6.",35.10
307.04,143.934,0.182,-182.381,8.949,0.774,-31.089,1.000,1.000,0.000,-0.028,-0.170,32.360,11.058,-10.163,3.159,163.993,358.329,359.522,57.094,"Curva 6.",35.12
307.06,144.114,0.197,-183.001,8.820,0.664,-31.186,1.000,1.000,0.000,-0.114,-0.110,32.415,7.554,-5.471,2.818,164.410,358.634,359.452,57.677,"Curva 6.",35.14
307.08,144.287,0.212,-183.626,8.625,0.640,-31.287,1.000,1.000,0.000,-0.125,-0.008,32.460,10.745,-1.217,2.307,164.808,358.858,359.836,58.258,"Curva 6.",35.16
307.10,144.455,0.224,-184.253,8.335,0.570,-31.417,1.000,1.000,0.000,-0.073,-0.052,32.509,15.647,-3.592,2.519,165.270,358.904,0.105,58.841,"Curva 6.",35.18
307.12,144.621,0.232,-184.882,8.009,0.367,-31.530,1.000,1.000,0.000,-0.073,-0.228,32.533,17.196,-10.165,1.338,165.876,358.952,0.030,59.424,"Curva 6.",35.20
307.14,144.779,0.237,-185.511,7.715,0.158,-31.590,1.000,1.000,0.000,-0.172,-0.312,32.517,14.973,-10.523,-0.656,166.577,359.170,0.273,60.003,"Curva 6.",35.22
307.16,144.933,0.241,-186.141,7.493,0.034,-31.660,1.000,1.000,0.000,-0.281,-0.222,32.533,11.525,-6.284,0.912,167.176,359.545,0.422,60.581,"Curva 6.",35.24
307.18,145.079,0.245,-186.773,7.254,0.015,-31.775,1.000,1.000,0.000,-0.250,0.015,32.592,12.901,-1.125,3.041,167.580,-0.005,0.674,61.158,"Curva 6.",35.26
307.20,145.220,0.246,-187.410,6.955,-0.081,-31.935,1.000,1.000,0.000,-0.079,0.090,32.683,16.257,-4.964,4.691,167.855,0.298,0.698,61.736,"Curva 6.",35.28
307.22,145.355,0.242,-188.050,6.646,-0.279,-32.068,1.000,1.000,0.000,0.056,-0.032,32.751,16.315,-10.116,3.436,168.192,0.435,0.793,62.314,"Curva 6.",35.30
307.24,145.486,0.232,-188.690,6.379,-0.564,-32.116,1.000,1.000,0.000,0.024,-0.204,32.747,13.363,-14.434,-0.128,168.719,0.630,0.875,62.891,"Curva 6.",35.32
307.26,145.615,0.219,-189.330,6.201,-0.769,-32.152,0.864,1.000,0.000,-0.144,-0.242,32.752,8.912,-10.403,0.294,169.329,0.919,0.869,63.467,"Curva 6.",35.34
307.28,145.740,0.205,-189.972,6.047,-0.869,-32.218,0.864,1.000,0.000,-0.283,-0.141,32.790,8.070,-5.052,1.995,169.859,1.264,0.962,64.044,"Curva 6.",35.36
307.30,145.857,0.190,-190.616,5.802,-0.895,-32.335,0.864,1.000,0.000,-0.252,0.005,32.862,13.039,-1.499,3.719,170.267,1.560,1.277,64.619,"Curva 6.",35.38
307.32,145.969,0.170,-191.265,5.472,-0.970,-32.473,0.864,1.000,0.000,-0.115,-0.053,32.944,17.332,-4.098,4.222,170.633,1.592,1.432,65.196,"Curva 6.",35.40
307.34,146.076,0.149,-191.916,5.116,-0.967,-32.562,0.816,1.000,0.000,-0.035,-0.156,32.976,18.248,-0.225,1.697,171.125,1.408,1.345,65.774,"Curva 6.",35.42
307.36,146.179,0.129,-192.569,4.745,-0.869,-32.609,0.816,1.000,0.000,-0.068,-0.247,32.963,18.783,4.491,-0.445,171.831,1.080,1.166,66.351,"Curva 6.",35.44
307.38,146.271,0.111,-193.224,4.327,-0.759,-32.679,0.816,1.000,0.000,-0.110,-0.343,32.971,21.338,5.047,0.737,172.635,0.718,1.361,66.926,"Curva 6.",35.46
307.40,146.354,0.095,-193.881,3.862,-0.651,-32.782,0.816,1.000,0.000,-0.062,-0.400,33.013,23.793,4.796,2.414,173.371,0.433,1.472,67.498,"Curva 6.",35.48
307.42,146.430,0.082,-194.539,3.431,-0.589,-32.899,0.816,1.000,0.000,0.073,-0.413,33.080,22.123,2.642,3.482,173.906,0.308,1.178,68.068,"Curva 6.",35.50
307.44,146.495,0.073,-195.199,3.031,-0.509,-33.033,0.051,1.000,0.000,0.299,-0.306,33.173,20.609,3.730,4.654,174.231,0.359,0.890,68.636,"Curva 6.",35.52
307.46,146.553,0.065,-195.861,2.737,-0.426,-33.175,0.051,1.000,0.000,0.488,-0.174,33.287,15.357,4.021,5.624,174.439,0.442,0.589,69.204,"Curva 6.",35.54
307.48,146.608,0.057,-196.528,2.604,-0.366,-33.317,0.051,1.000,0.000,0.500,-0.121,33.417,7.321,2.992,6.414,174.671,0.427,0.448,69.774,"Curva 6.",35.56
307.50,146.661,0.049,-197.196,2.489,-0.358,-33.375,0.051,1.000,0.000,0.373,-0.225,33.467,5.987,0.342,2.400,175.092,0.235,0.534,70.347,"Curva 6.",35.58
307.52,146.713,0.038,-197.866,2.315,-0.367,-33.420,0.051,1.000,0.000,0.209,-0.437,33.498,8.822,-0.524,1.562,175.672,359.883,0.555,70.922,"Curva 6.",35.60
307.54,146.760,0.030,-198.536,2.083,-0.284,-33.439,0.000,1.000,0.000,0.060,-0.524,33.500,11.674,4.033,0.225,176.324,359.590,0.544,71.497,"Curva 6.",35.62
307.56,146.804,0.026,-199.206,1.887,-0.145,-33.450,0.000,1.000,0.000,-0.019,-0.441,33.500,9.843,6.901,0.075,176.799,359.495,0.259,72.070,"Curva 6.",35.64
307.58,146.840,0.027,-199.875,1.740,0.007,-33.488,0.000,1.000,0.000,0.118,-0.263,33.532,7.478,7.611,1.549,176.823,359.539,0.111,72.641,"Curva 6.",35.66
307.60,146.869,0.030,-200.545,1.612,0.102,-33.546,0.000,1.000,0.000,0.391,-0.108,33.582,6.577,4.658,2.552,176.581,359.647,0.277,73.211,"Curva 6.",35.68
307.62,146.907,0.033,-201.217,1.773,0.114,-33.595,0.000,1.000,0.000,0.334,-0.050,33.640,-7.889,0.537,2.950,176.411,359.717,359.591,73.789,"Curva 6.",35.70
307.64,146.949,0.033,-201.889,2.000,0.051,-33.631,0.000,1.000,0.000,0.106,-0.119,33.690,-11.177,-3.280,2.505,176.419,359.710,359.373,74.371,"Curva 6.",35.72
307.66,146.983,0.034,-202.563,2.021,0.027,-33.665,0.000,1.000,0.000,0.062,-0.174,33.725,-0.964,-1.179,1.730,176.456,359.659,0.407,74.951,"Curva 6.",35.74
307.68,147.026,0.033,-203.237,2.085,-0.038,-33.684,0.000,1.000,0.000,-0.017,-0.256,33.747,-3.102,-3.250,1.133,176.486,359.629,0.198,75.538,"Curva 6.",35.76
307.70,147.075,0.031,-203.911,2.178,-0.049,-33.694,0.000,1.000,0.000,-0.120,-0.279,33.763,-4.629,-0.635,0.784,176.509,359.612,359.426,76.129,"Curva 6.",35.78
307.72,147.112,0.030,-204.585,2.096,-0.059,-33.719,0.000,1.000,0.000,-0.024,-0.282,33.783,4.187,-0.497,0.979,176.482,359.622,0.188,76.716,"Curva 6.",35.80
307.74,147.150,0.030,-205.260,2.041,-0.046,-33.754,0.000,1.000,0.000,0.064,-0.259,33.815,2.838,0.607,1.589,176.427,359.640,0.519,77.306,"Curva 6.",35.82
307.76,147.199,0.029,-205.936,2.147,-0.007,-33.778,0.000,1.000,0.000,-0.035,-0.217,33.845,-5.238,1.904,1.525,176.426,359.646,359.489,77.903,"Curva 6.",35.84
307.78,147.240,0.030,-206.612,2.129,-0.001,-33.822,0.429,1.000,0.000,-0.017,-0.206,33.889,1.066,0.309,2.167,176.429,359.653,359.801,78.498,"Curva 6.",35.86
307.80,147.275,0.030,-207.290,2.030,0.030,-33.862,0.429,1.000,0.000,0.089,-0.182,33.923,5.070,1.438,1.703,176.415,359.644,0.657,79.092,"Curva 6.",35.88
307.82,147.323,0.031,-207.967,2.121,0.026,-33.889,0.429,1.000,0.000,-0.005,-0.189,33.955,-4.484,-0.220,1.618,176.427,359.638,359.769,79.694,"Curva 6.",35.90
307.84,147.369,0.031,-208.645,2.176,0.013,-33.919,0.429,1.000,0.000,-0.074,-0.202,33.988,-2.624,-0.676,1.676,176.458,359.638,359.467,80.297,"Curva 6.",35.92
307.86,147.403,0.031,-209.325,2.058,0.017,-33.950,0.506,1.000,0.000,0.052,-0.202,34.012,6.010,0.143,1.171,176.441,359.632,0.578,80.896,"Curva 6.",35.94
307.88,147.446,0.031,-210.004,2.031,-0.017,-33.985,0.506,1.000,0.000,0.045,-0.230,34.045,1.421,-1.726,1.650,176.503,359.642,0.305,81.501,"Curva 6.",35.96
307.90,147.494,0.031,-210.684,1.989,0.064,-34.002,0.390,1.000,0.000,-0.045,-0.194,34.059,2.072,4.083,0.735,176.732,359.566,359.265,82.110,"Curva 6.",35.98
307.92,147.531,0.034,-211.367,1.699,0.245,-34.032,0.390,1.000,0.000,0.052,-0.178,34.074,14.456,9.196,0.872,177.059,359.288,359.291,82.717,"Curva 6.",36.00
307.94,147.552,0.037,-212.050,1.277,0.245,-34.069,0.000,1.000,0.000,0.237,-0.303,34.092,21.171,-0.182,0.930,177.452,359.082,0.478,83.318,"Curva 6.",36.02
307.96,147.583,0.041,-212.733,1.156,0.313,-34.102,0.000,1.000,0.000,0.114,-0.393,34.120,6.116,3.390,1.479,177.869,358.814,359.902,83.925,"Curva 6.",36.04
307.98,147.617,0.047,-213.416,1.125,0.347,-34.121,0.000,1.000,0.000,-0.040,-0.419,34.139,1.503,1.697,0.948,178.196,358.718,358.503,84.534,"Curva 6.",36.06
308.00,147.631,0.055,-214.096,0.776,0.219,-34.149,0.000,1.000,0.000,0.232,-0.296,34.157,17.628,-6.060,0.797,178.319,359.130,358.852,85.133,"Curva 6.",36.08
308.02,147.639,0.059,-214.778,0.551,0.024,-34.219,0.000,1.000,0.000,0.488,-0.227,34.220,11.468,-9.587,3.097,178.265,359.569,359.207,85.731,"Curva 6.",36.10
308.04,147.662,0.060,-215.462,0.667,-0.062,-34.278,0.000,1.000,0.000,0.354,-0.168,34.282,-5.512,-4.535,3.075,178.305,359.802,357.834,86.339,"Curva 6.",36.12
308.06,147.679,0.058,-216.147,0.775,-0.139,-34.287,0.000,1.000,0.000,0.204,-0.213,34.295,-5.263,-4.084,0.605,178.378,359.864,357.677,86.947,"Curva 6.",36.14
308.08,147.685,0.055,-216.833,0.746,-0.089,-34.249,0.000,1.000,0.000,0.196,-0.219,34.256,1.391,2.566,-1.926,178.432,359.777,359.069,87.551,"Curva 6.",36.16
308.10,147.706,0.053,-217.518,0.849,-0.070,-34.234,0.351,1.000,0.000,0.112,-0.289,34.244,-5.228,0.806,-0.578,178.404,359.629,358.465,88.163,"Curva 6.",36.18
308.12,147.734,0.053,-218.204,0.989,0.050,-34.236,0.351,1.000,0.000,0.015,-0.269,34.250,-7.285,5.651,0.348,178.342,359.465,357.174,88.779,"Curva 6.",36.20
308.14,147.742,0.054,-218.890,0.871,0.115,-34.254,0.351,1.000,0.000,0.171,-0.244,34.264,5.872,3.365,0.765,178.269,359.392,358.401,89.388,"Curva 6.",36.22
308.16,147.756,0.057,-219.576,0.831,0.128,-34.303,0.351,1.000,0.000,0.245,-0.220,34.311,2.066,0.673,2.350,178.212,359.410,358.766,90.001,"Curva 6.",36.24
308.18,147.790,0.061,-220.262,1.073,0.178,-34.338,0.351,1.000,0.000,-0.042,-0.160,34.355,-12.197,1.833,2.160,178.294,359.442,356.920,90.624,"Curva 6.",36.26
308.20,147.808,0.064,-220.949,1.044,0.116,-34.405,0.080,1.000,0.000,-0.027,-0.174,34.421,1.683,-3.025,3.286,178.319,359.518,357.478,91.242,"Curva 6.",36.28
308.22,147.814,0.066,-221.638,0.811,0.089,-34.444,0.000,1.000,0.000,0.215,-0.169,34.452,11.765,-1.194,1.569,178.299,359.565,359.069,91.856,"Curva 6.",36.30
308.24,147.840,0.067,-222.327,0.813,0.026,-34.460,0.000,1.000,0.000,0.149,-0.215,34.468,0.026,-3.136,0.784,178.415,359.588,357.617,92.481,"Curva 6.",36.32
308.26,147.866,0.068,-223.016,0.841,0.032,-34.466,0.000,1.000,0.000,0.005,-0.222,34.476,-1.409,0.206,0.349,178.616,359.578,356.425,93.107,"Curva 6.",36.34
308.28,147.866,0.067,-223.706,0.568,0.010,-34.457,0.000,1.000,0.000,0.180,-0.238,34.461,13.677,-0.718,-0.733,178.768,359.579,358.408,93.722,"Curva 6.",36.36
308.30,147.879,0.067,-224.395,0.549,-0.049,-34.477,0.000,1.000,0.000,0.184,-0.280,34.480,1.053,-2.956,0.959,178.797,359.608,358.160,94.344,"Curva 6.",36.38
308.32,147.908,0.068,-225.085,0.744,0.064,-34.480,0.000,1.000,0.000,-0.020,-0.199,34.487,-10.136,4.995,0.370,178.819,359.565,356.007,94.974,"Curva 6.",36.40
308.34,147.913,0.068,-225.775,0.644,0.034,-34.502,0.000,1.000,0.000,0.099,-0.222,34.507,5.101,-1.277,0.959,178.784,359.568,357.255,95.595,"Curva 6.",36.42
308.36,147.914,0.069,-226.465,0.520,0.060,-34.520,0.000,1.000,0.000,0.273,-0.193,34.523,6.187,1.432,0.814,178.692,359.569,358.603,96.216,"Curva 6.",36.44
308.38,147.944,0.072,-227.156,0.778,0.090,-34.520,0.000,1.000,0.000,0.023,-0.179,34.529,-12.968,0.676,0.293,178.690,359.551,356.321,96.850,"Curva 6.",36.46
308.40,147.963,0.073,-227.847,0.856,0.053,-34.555,0.000,1.000,0.000,-0.088,-0.213,34.565,-3.693,-2.119,1.818,178.752,359.569,356.001,97.480,"Curva 6.",36.48
308.42,147.958,0.074,-228.538,0.562,0.109,-34.569,0.000,1.000,0.000,0.202,-0.157,34.573,14.638,3.174,0.387,178.741,359.550,358.557,98.102,"Curva 6.",36.50
308.44,147.975,0.076,-229.231,0.625,0.114,-34.592,0.000,1.000,0.000,0.158,-0.211,34.597,-3.169,0.120,1.218,178.716,359.452,357.896,98.735,"Curva 6.",36.52
308.46,148.007,0.080,-229.923,0.736,0.208,-34.604,0.000,1.000,0.000,-0.017,-0.200,34.612,-5.880,4.201,0.793,178.837,359.328,355.279,99.375,"Curva 6.",36.54
308.48,148.014,0.082,-230.616,0.553,0.137,-34.614,0.000,1.000,0.000,0.127,-0.307,34.617,9.375,-2.928,0.251,178.909,359.252,356.035,100.005,"Curva 6.",36.56
308.50,148.010,0.083,-231.307,0.435,0.085,-34.557,0.000,1.000,0.000,0.237,-0.321,34.557,5.911,-2.361,-2.993,178.903,359.315,358.096,100.630,"Curva 6.",36.58
308.52,148.030,0.084,-231.998,0.645,0.032,-34.552,0.000,1.000,0.000,-0.024,-0.351,34.557,-10.322,-3.179,-0.063,179.000,359.368,357.122,101.265,"Curva 6.",36.60
308.54,148.057,0.086,-232.687,0.716,0.012,-34.508,0.000,1.000,0.000,-0.158,-0.328,34.513,-3.519,-1.276,-2.194,179.119,359.461,355.178,101.904,"Curva 6.",36.62
308.56,148.058,0.085,-233.377,0.500,-0.106,-34.524,0.000,1.000,0.000,0.064,-0.346,34.526,11.135,-5.235,0.605,179.097,359.596,356.635,102.531,"Curva 6.",36.64
308.58,148.058,0.083,-234.067,0.365,-0.096,-34.530,0.000,1.000,0.000,0.226,-0.280,34.530,6.759,0.792,0.199,179.039,359.680,357.595,103.161,"Curva 6.",36.66
308.60,148.086,0.085,-234.758,0.576,0.048,-34.550,0.000,1.000,0.000,0.010,-0.190,34.555,-11.127,6.256,1.233,179.055,359.605,355.083,103.803,"Curva 6.",36.68
308.62,148.096,0.085,-235.451,0.570,0.047,-34.613,0.000,1.000,0.000,0.005,-0.227,34.617,0.350,-0.082,3.138,179.079,359.547,355.288,104.439,"Curva 6.",36.70
308.64,148.088,0.086,-236.144,0.325,0.118,-34.639,0.000,1.000,0.000,0.235,-0.158,34.639,12.104,4.030,1.108,179.083,359.529,357.712,105.070,"Curva 6.",36.72
308.66,148.108,0.088,-236.837,0.489,0.023,-34.675,0.000,1.000,0.000,0.069,-0.191,34.678,-7.828,-5.275,1.927,179.099,359.639,356.119,105.712,"Curva 6.",36.74
308.68,148.130,0.091,-237.530,0.627,0.020,-34.700,0.000,1.000,0.000,-0.125,-0.114,34.705,-6.826,-0.803,1.325,179.187,359.799,354.665,106.356,"Curva 6.",36.76
308.70,148.122,0.090,-238.224,0.361,0.020,-34.716,0.000,1.000,0.000,0.138,-0.069,34.718,13.299,0.692,0.631,179.182,359.841,357.113,106.990,"Curva 6.",36.78
308.72,148.127,0.088,-238.919,0.349,-0.086,-34.758,0.225,1.000,0.000,0.207,-0.187,34.759,0.902,-5.282,2.056,179.099,359.817,357.234,107.631,"Curva 6.",36.80
308.74,148.157,0.088,-239.615,0.647,0.005,-34.740,1.000,1.000,0.000,-0.065,-0.201,34.746,-15.300,3.120,-0.615,179.071,359.671,354.564,108.282,"Curva 6.",36.82
308.76,148.161,0.085,-240.310,0.600,-0.089,-34.745,1.000,1.000,0.000,-0.028,-0.347,34.749,2.708,-4.542,0.187,179.098,359.579,355.861,108.923,"Curva 6.",36.84
308.78,148.158,0.084,-241.006,0.469,0.002,-34.748,1.000,1.000,0.000,0.104,-0.291,34.750,6.352,4.795,0.073,179.074,359.512,357.805,109.563,"Curva 6.",36.86
308.80,148.188,0.086,-241.701,0.717,0.051,-34.753,1.000,1.000,0.000,-0.153,-0.262,34.759,-12.539,1.433,0.456,179.104,359.507,355.330,110.216,"Curva 6.",36.88
308.82,148.208,0.088,-242.396,0.760,0.047,-34.796,1.000,1.000,0.000,-0.228,-0.236,34.803,-2.079,-0.402,2.187,179.160,359.571,354.658,110.865,"Curva 6.",36.90
308.84,148.195,0.089,-243.093,0.335,0.122,-34.819,1.000,1.000,0.000,0.225,-0.122,34.820,21.075,4.608,0.838,179.086,359.584,357.716,111.504,"Curva 6.",36.92
308.86,148.201,0.091,-243.790,0.217,0.141,-34.853,1.000,1.000,0.000,0.285,-0.148,34.853,5.905,1.167,1.618,179.185,359.506,357.548,112.152,"Curva 6.",36.94
308.88,148.231,0.097,-244.488,0.295,0.289,-34.859,1.000,1.000,0.000,-0.049,-0.091,34.861,-4.610,6.990,0.390,179.611,359.384,354.263,112.810,"Curva 6.",36.96
308.90,148.227,0.099,-245.186,-0.180,0.122,-34.829,1.000,1.000,0.000,0.083,-0.290,34.828,24.369,-6.324,-1.506,180.200,359.312,355.175,113.454,"Curva 6.",36.98
308.92,148.204,0.098,-245.884,-0.465,-0.002,-34.906,1.000,1.000,0.000,0.219,-0.403,34.906,14.463,-5.664,3.899,180.432,359.327,357.632,114.093,"Curva 6.",37.00
308.94,148.199,0.097,-246.579,-0.488,-0.105,-34.776,1.000,1.000,0.000,0.036,-0.445,34.776,1.450,-5.023,-6.566,180.778,359.438,357.398,114.737,"Curva 6.",37.02
308.96,148.209,0.097,-247.276,-0.483,-0.085,-34.865,1.000,1.000,0.000,-0.208,-0.382,34.866,-0.419,0.922,4.463,181.190,359.545,354.883,115.388,"Curva 6.",37.04
308.98,148.191,0.093,-247.968,-0.777,-0.237,-34.674,1.000,1.000,0.000,0.018,-0.410,34.681,15.498,-6.297,-9.233,181.310,359.714,355.327,116.026,"Curva 6.",37.06
309.00,148.155,0.089,-248.663,-0.974,-0.188,-34.760,1.000,1.000,0.000,0.262,-0.343,34.771,9.649,2.796,4.507,181.196,359.729,357.843,116.659,"Curva 6.",37.08
309.02,148.142,0.085,-249.356,-1.042,-0.279,-34.663,1.000,1.000,0.000,0.208,-0.352,34.678,3.746,-4.351,-4.765,181.409,359.862,356.924,117.299,"Curva 6.",37.10
309.04,148.137,0.083,-250.048,-1.005,-0.130,-34.622,1.000,1.000,0.000,-0.001,-0.179,34.636,-2.446,7.283,-2.120,181.691,359.920,354.880,117.944,"Curva 6.",37.12
309.06,148.094,0.080,-250.740,-1.477,-0.142,-34.618,1.000,1.000,0.000,0.230,-0.175,34.649,23.618,0.377,0.667,182.077,359.929,357.594,118.574,"Curva 6.",37.14
309.08,148.051,0.076,-251.433,-1.928,-0.159,-34.650,1.000,1.000,0.000,0.324,-0.213,34.702,22.458,-0.437,2.651,182.657,359.901,358.972,119.207,"Curva 6.",37.16
309.10,148.037,0.077,-252.128,-1.995,0.023,-34.655,1.000,1.000,0.000,-0.105,-0.063,34.712,2.649,9.283,0.465,183.474,359.871,356.018,119.852,"Curva 6.",37.18
309.12,147.991,0.075,-252.819,-2.408,-0.157,-34.577,1.000,1.000,0.000,-0.182,-0.156,34.660,21.345,-7.871,-2.338,184.298,0.019,356.928,120.482,"Curva 6.",37.20
309.14,147.912,0.071,-253.508,-3.140,-0.164,-34.494,1.000,1.000,0.000,0.149,-0.152,34.636,36.844,-0.526,-0.976,184.954,0.022,0.295,121.100,"Curva 6.",37.22
309.16,147.850,0.073,-254.199,-3.413,0.081,-34.532,1.000,1.000,0.000,0.030,0.142,34.700,13.405,12.220,3.206,185.595,0.101,0.165,121.726,"Curva 6.",37.24
309.18,147.803,0.077,-254.890,-3.603,0.149,-34.484,1.000,1.000,0.000,-0.212,0.255,34.670,9.534,3.868,-1.375,186.295,0.191,357.258,122.359,"Curva 6.",37.26
309.20,147.715,0.072,-255.578,-4.322,-0.231,-34.360,1.000,1.000,0.000,0.169,-0.171,34.631,37.043,-17.860,-1.781,186.899,0.091,358.201,122.975,"Curva 6.",37.28
309.22,147.614,0.061,-256.267,-4.572,-0.440,-34.403,1.000,0.766,0.000,0.203,-0.530,34.704,12.092,-10.491,3.669,187.232,359.853,0.130,123.588,"Curva 6.",37.30
309.24,147.525,0.048,-256.952,-4.641,-0.627,-34.247,1.000,0.766,0.000,0.038,-0.709,34.558,4.426,-9.332,-7.299,187.651,359.864,0.180,124.203,"Curva 6.",37.32
309.26,147.444,0.038,-257.639,-4.716,-0.574,-34.263,1.000,0.766,0.000,-0.104,-0.606,34.585,3.516,2.698,1.334,188.032,359.953,358.653,124.822,"Curva 6.",37.34
309.28,147.337,0.028,-258.321,-4.952,-0.502,-34.192,1.000,0.766,0.000,0.061,-0.518,34.549,12.215,3.627,-1.823,188.138,359.974,0.060,125.430,"Curva 6.",37.36
309.30,147.219,0.020,-259.002,-5.323,-0.319,-34.066,1.000,0.683,0.000,0.334,-0.422,34.477,19.554,8.478,-3.547,188.301,359.849,1.997,126.033,"Curva 6.",37.38
309.32,147.131,0.017,-259.687,-5.407,-0.066,-34.072,1.000,0.615,0.000,0.037,-0.270,34.497,4.053,12.665,1.006,188.958,359.660,359.689,126.652,"Curva 6.",37.40
309.34,147.028,0.019,-260.370,-5.665,0.137,-34.024,1.000,0.483,0.000,-0.201,-0.132,34.491,12.979,10.329,-0.103,189.791,359.559,359.106,127.264,"Curva 6.",37.42
309.36,146.884,0.025,-261.044,-6.499,0.287,-33.807,1.000,0.483,0.000,0.214,-0.006,34.426,43.257,5.792,-2.986,190.527,359.527,2.344,127.856,"Curva 6.",37.44
309.38,146.760,0.031,-261.721,-6.737,0.390,-33.715,1.000,0.243,0.000,0.094,0.020,34.383,12.665,4.835,-2.148,191.144,359.388,1.571,128.457,"Curva 6.",37.46
309.40,146.645,0.040,-262.397,-6.816,0.444,-33.586,1.000,0.243,0.000,-0.165,0.050,34.274,5.154,2.864,-5.446,191.747,359.346,358.826,129.063,"Curva 6.",37.48
309.42,146.494,0.044,-263.062,-7.457,0.230,-33.268,1.000,0.243,0.000,0.268,-0.146,34.093,34.682,-10.538,-8.932,192.184,359.367,359.851,129.646,"Curva 6.",37.50
309.44,146.335,0.044,-263.722,-7.640,-0.104,-33.105,1.000,0.243,0.000,0.379,-0.365,33.971,10.413,-16.851,-6.108,192.346,359.572,1.018,130.223,"Curva 6.",37.52
309.46,146.191,0.040,-264.379,-7.549,-0.323,-32.903,1.000,0.156,0.000,0.167,-0.423,33.756,-2.297,-10.863,-10.914,192.634,359.831,0.379,130.803,"Curva 6.",37.54
309.48,146.052,0.034,-265.036,-7.512,-0.349,-32.739,1.000,0.156,0.000,0.023,-0.355,33.590,0.042,-1.337,-8.366,192.896,359.990,358.916,6.363,"Curva 7.",37.56
309.50,145.891,0.029,-265.681,-7.639,-0.306,-32.398,1.000,0.013,0.000,0.154,-0.263,33.287,10.018,2.081,-15.195,192.999,0.077,0.371,6.300,"Curva 7.",37.58
309.52,145.731,0.026,-266.321,-7.840,-0.155,-32.010,1.000,0.013,0.000,0.227,-0.119,32.955,14.469,7.136,-16.588,193.362,0.074,1.513,6.305,"Curva 7.",37.60
309.54,145.589,0.026,-266.960,-7.955,0.067,-31.733,1.000,0.000,0.000,-0.022,0.053,32.715,8.893,11.178,-12.022,194.111,359.975,359.746,6.394,"Curva 7.",37.62
309.56,145.429,0.029,-267.589,-8.281,0.179,-31.339,1.000,0.000,0.000,-0.075,0.118,32.415,20.827,5.654,-14.808,194.934,359.893,359.887,6.527,"Curva 7.",37.64
309.58,145.246,0.033,-268.206,-8.875,0.231,-30.892,1.000,0.000,0.000,0.166,0.127,32.142,34.682,1.539,-13.436,195.739,359.824,1.785,6.695,"Curva 7.",37.66
309.60,145.080,0.038,-268.822,-8.987,0.286,-30.565,1.000,0.000,0.000,-0.055,0.117,31.860,10.061,2.728,-14.095,196.487,359.696,0.569,6.931,"Curva 7.",37.68
309.62,144.911,0.042,-269.430,-9.107,0.221,-30.206,1.000,0.000,0.000,-0.201,0.049,31.549,11.052,-3.035,-15.391,197.141,359.692,359.307,7.208,"Curva 7.",37.70
309.64,144.714,0.043,-270.024,-9.552,-0.002,-29.822,1.000,0.000,0.000,0.046,-0.113,31.314,26.815,-11.587,-11.583,197.672,359.799,1.060,7.501,"Curva 7.",37.72
309.66,144.527,0.040,-270.614,-9.667,-0.216,-29.467,1.000,0.000,0.000,-0.010,-0.222,31.012,10.885,-10.872,-15.064,198.176,359.990,0.761,7.837,"Curva 7.",37.74
309.68,144.347,0.038,-271.202,-9.718,-0.144,-29.199,1.000,0.000,0.000,-0.182,-0.125,30.773,6.673,3.687,-11.883,198.751,0.042,359.198,8.208,"Curva 7.",37.76
309.70,144.144,0.035,-271.778,-10.015,-0.160,-28.840,1.000,0.000,0.000,-0.089,-0.140,30.529,19.938,-0.967,-12.034,199.316,0.037,0.483,8.585,"Curva 7.",37.78
309.72,143.935,0.032,-272.346,-10.369,-0.095,-28.440,1.000,0.000,0.000,0.005,-0.105,30.271,23.553,2.602,-12.741,200.016,359.982,1.637,8.979,"Curva 7.",37.80
309.74,143.742,0.033,-272.916,-10.508,0.063,-28.129,1.000,0.000,0.000,-0.176,0.009,30.027,11.990,7.958,-12.020,200.820,359.899,359.767,9.402,"Curva 7.",37.82
309.76,143.532,0.035,-273.473,-10.798,0.101,-27.708,1.000,0.000,0.000,-0.143,0.042,29.738,21.185,2.027,-14.248,201.565,359.886,359.814,9.826,"Curva 7.",37.84
309.78,143.302,0.037,-274.015,-11.264,0.127,-27.233,1.000,0.000,0.000,0.087,0.068,29.470,30.622,0.415,-13.143,202.306,359.890,1.630,10.247,"Curva 7.",37.86
309.80,143.087,0.040,-274.559,-11.329,0.170,-26.924,1.000,0.000,0.000,-0.110,0.079,29.210,9.036,2.104,-12.938,203.036,359.820,0.545,10.689,"Curva 7.",37.88
309.82,142.873,0.043,-275.096,-11.385,0.156,-26.572,1.000,0.000,0.000,-0.273,0.062,28.907,9.651,-0.529,-14.978,203.731,359.822,359.255,11.138,"Curva 7.",37.90
309.84,142.633,0.044,-275.617,-11.752,-0.005,-26.159,1.000,0.000,0.000,-0.073,-0.059,28.677,25.127,-8.466,-11.287,204.337,359.890,0.984,11.578,"Curva 7.",37.92
309.86,142.401,0.042,-276.134,-11.876,-0.163,-25.774,1.000,0.000,0.000,-0.116,-0.152,28.378,13.587,-8.107,-14.835,204.967,0.018,0.946,12.027,"Curva 7.",37.94
309.88,142.177,0.040,-276.651,-11.932,-0.066,-25.503,1.000,0.000,0.000,-0.292,-0.054,28.155,8.366,4.950,-10.994,205.669,0.030,359.344,12.487,"Curva 7.",37.96
309.90,141.933,0.038,-277.153,-12.191,-0.099,-25.121,1.000,0.000,0.000,-0.216,-0.087,27.922,20.061,-1.801,-11.353,206.330,0.022,0.330,12.938,"Curva 7.",37.98
309.92,141.682,0.037,-277.647,-12.493,-0.056,-24.700,1.000,0.000,0.000,-0.127,-0.061,27.679,23.054,1.577,-11.890,207.089,359.982,1.528,13.387,"Curva 7.",38.00
309.94,141.445,0.037,-278.143,-12.611,0.048,-24.389,1.000,0.000,0.000,-0.271,0.012,27.455,12.506,5.223,-10.950,207.908,359.924,359.937,13.848,"Curva 7.",38.02
309.96,141.195,0.039,-278.626,-12.821,0.079,-23.969,1.000,0.000,0.000,-0.249,0.043,27.181,19.294,1.638,-13.396,208.668,359.925,359.783,14.301,"Curva 7.",38.04
309.98,140.928,0.041,-279.093,-13.187,0.087,-23.483,1.000,0.000,0.000,-0.048,0.059,26.932,27.832,-0.264,-12.178,209.421,359.937,1.398,14.743,"Curva 7.",38.06
310.00,140.676,0.042,-279.564,-13.218,0.041,-23.180,1.000,0.000,0.000,-0.218,0.028,26.682,8.977,-2.337,-12.344,210.163,359.972,0.170,15.196,"Curva 7.",38.08
310.02,140.419,0.043,-280.025,-13.304,0.043,-22.829,1.000,0.000,0.000,-0.316,0.042,26.421,12.713,0.204,-12.816,210.917,0.004,359.545,15.644,"Curva 7.",38.10
310.04,140.145,0.043,-280.471,-13.585,0.007,-22.385,1.000,0.000,0.000,-0.183,0.015,26.184,23.534,-2.240,-11.519,211.652,0.010,1.091,16.082,"Curva 7.",38.12
310.06,139.880,0.042,-280.918,-13.667,-0.057,-22.092,1.000,0.000,0.000,-0.289,-0.053,25.977,11.293,-3.315,-10.169,212.378,0.003,0.556,16.526,"Curva 7.",38.14
310.08,139.614,0.042,-281.360,-13.781,0.013,-21.757,1.000,0.000,0.000,-0.360,-0.003,25.752,13.905,3.559,-10.932,213.152,359.970,359.686,16.969,"Curva 7.",38.16
310.10,139.334,0.042,-281.787,-14.011,-0.001,-21.325,1.000,0.000,0.000,-0.263,-0.016,25.515,21.578,-0.944,-11.503,213.896,359.959,0.669,17.402,"Curva 7.",38.18
310.12,139.054,0.042,-282.208,-14.199,-0.013,-20.900,1.000,0.000,0.000,-0.222,-0.022,25.266,19.816,-0.897,-12.121,214.693,359.970,1.002,17.832,"Curva 7.",38.20
310.14,138.780,0.043,-282.627,-14.293,0.059,-20.564,1.000,0.000,0.000,-0.304,0.042,25.042,13.600,3.623,-10.931,215.497,359.961,359.898,18.265,"Curva 7.",38.22
310.16,138.495,0.044,-283.033,-14.449,0.036,-20.171,1.000,0.000,0.000,-0.272,0.027,24.811,17.926,-1.188,-11.260,216.245,359.976,0.138,18.689,"Curva 7.",38.24
310.18,138.203,0.044,-283.429,-14.644,0.017,-19.746,1.000,0.000,0.000,-0.191,0.015,24.582,20.529,-1.341,-11.126,217.007,359.988,1.016,19.106,"Curva 7.",38.26
310.20,137.918,0.044,-283.824,-14.702,0.011,-19.435,1.000,0.000,0.000,-0.287,0.007,24.368,11.795,-0.322,-10.475,217.780,359.989,0.191,19.527,"Curva 7.",38.28
310.22,137.629,0.045,-284.212,-14.791,0.020,-19.080,1.000,0.000,0.000,-0.325,0.013,24.139,14.569,0.477,-11.126,218.556,359.986,359.864,19.942,"Curva 7.",38.30
310.24,137.331,0.045,-284.586,-14.957,0.002,-18.671,1.000,0.000,0.000,-0.263,-0.003,23.922,19.365,-1.131,-10.533,219.327,359.978,0.770,20.349,"Curva 7.",38.32
310.26,137.036,0.044,-284.957,-15.064,-0.014,-18.311,1.000,0.000,0.000,-0.288,-0.024,23.709,15.696,-0.976,-10.331,220.139,359.970,0.592,20.756,"Curva 7.",38.34
310.28,136.742,0.045,-285.324,-15.138,0.041,-17.979,1.000,0.000,0.000,-0.357,0.017,23.501,13.634,2.809,-10.099,220.966,359.942,359.863,21.161,"Curva 7.",38.36
310.30,136.440,0.045,-285.679,-15.258,0.022,-17.591,1.000,0.000,0.000,-0.336,-0.001,23.283,17.411,-1.068,-10.499,221.763,359.938,0.362,21.558,"Curva 7.",38.38
310.32,136.136,0.046,-286.025,-15.373,0.008,-17.187,1.000,0.000,0.000,-0.313,-0.008,23.057,17.908,-0.912,-10.968,222.589,359.949,0.798,21.950,"Curva 7.",38.40
310.34,135.835,0.046,-286.370,-15.442,0.037,-16.853,1.000,0.000,0.000,-0.368,0.018,22.855,13.962,1.420,-9.769,223.420,359.950,0.115,22.342,"Curva 7.",38.42
310.36,135.531,0.047,-286.705,-15.513,0.034,-16.491,1.000,0.000,0.000,-0.386,0.020,22.638,15.156,-0.159,-10.476,224.226,359.963,0.014,22.728,"Curva 7.",38.44
310.38,135.220,0.048,-287.029,-15.623,0.014,-16.098,1.000,0.148,0.000,-0.347,0.009,22.430,17.805,-1.194,-10.006,225.028,359.977,0.648,23.107,"Curva 7.",38.46
310.40,134.912,0.048,-287.350,-15.699,0.005,-15.747,1.000,0.148,0.000,-0.366,0.002,22.233,15.223,-0.580,-9.459,225.855,359.985,0.444,23.485,"Curva 7.",38.48
310.42,134.605,0.048,-287.666,-15.750,0.027,-15.417,1.000,0.236,0.000,-0.414,0.021,22.036,13.762,1.143,-9.467,226.688,359.984,359.962,23.860,"Curva 7.",38.50
310.44,134.291,0.048,-287.970,-15.829,0.009,-15.048,1.000,0.236,0.000,-0.401,0.007,21.837,16.249,-1.038,-9.567,227.500,359.990,0.355,24.227,"Curva 7.",38.52
310.46,133.977,0.048,-288.268,-15.912,-0.005,-14.677,1.000,0.320,0.000,-0.383,-0.003,21.644,16.612,-0.875,-9.227,228.326,-0.005,0.641,24.591,"Curva 7.",38.54
310.48,133.664,0.049,-288.562,-15.974,0.014,-14.351,1.000,0.391,0.000,-0.407,0.010,21.469,14.378,0.904,-8.356,229.151,359.988,0.180,24.953,"Curva 7.",38.56
310.50,133.348,0.049,-288.848,-16.035,0.015,-13.999,1.000,0.507,0.000,-0.399,0.012,21.283,15.425,0.050,-8.953,229.952,359.989,0.135,25.310,"Curva 7.",38.58
310.52,133.028,0.049,-289.123,-16.126,0.005,-13.622,1.000,0.507,0.000,-0.339,0.005,21.106,17.448,-0.724,-8.436,230.731,359.993,0.587,25.660,"Curva 7.",38.60
310.54,132.708,0.049,-289.395,-16.208,0.002,-13.285,1.000,0.747,0.000,-0.304,-0.001,20.955,15.729,-0.237,-7.264,231.491,359.985,0.427,26.008,"Curva 7.",38.62
310.56,132.388,0.049,-289.661,-16.279,0.022,-12.965,1.000,0.747,0.000,-0.274,0.011,20.809,14.839,0.954,-7.022,232.221,359.969,0.094,26.354,"Curva 7.",38.64
310.58,132.063,0.049,-289.917,-16.374,0.008,-12.621,1.000,0.747,0.000,-0.195,-0.005,20.673,16.593,-0.774,-6.559,232.915,359.959,0.385,26.693,"Curva 7.",38.66
310.60,131.736,0.049,-290.166,-16.488,-0.005,-12.306,1.000,0.747,0.000,-0.111,-0.025,20.574,16.064,-0.833,-4.772,233.574,359.943,0.547,27.029,"Curva 7.",38.68
310.62,131.409,0.049,-290.414,-16.595,0.007,-12.055,1.000,0.831,0.000,-0.073,-0.026,20.511,13.276,0.565,-2.984,234.207,359.910,0.165,27.365,"Curva 7.",38.70
310.64,131.077,0.049,-290.655,-16.711,0.002,-11.799,1.000,0.831,0.000,-0.018,-0.039,20.456,13.799,-0.260,-2.653,234.825,359.886,0.166,27.698,"Curva 7.",38.72
310.66,130.742,0.048,-290.888,-16.854,-0.010,-11.550,1.000,0.909,0.000,0.052,-0.057,20.432,14.330,-0.718,-1.166,235.432,359.871,0.475,28.028,"Curva 7.",38.74
310.68,130.406,0.048,-291.121,-16.999,-0.009,-11.364,1.000,1.000,0.000,0.076,-0.063,20.447,11.749,-0.027,0.795,236.023,359.851,0.273,28.359,"Curva 7.",38.76
310.70,130.066,0.048,-291.350,-17.144,0.000,-11.198,1.000,1.000,0.000,0.083,-0.060,20.477,10.929,0.463,1.497,236.615,359.832,0.058,28.690,"Curva 7.",38.78
310.72,129.722,0.048,-291.574,-17.313,-0.008,-11.019,1.000,1.000,0.000,0.111,-0.072,20.522,12.118,-0.507,2.268,237.216,359.823,0.319,29.020,"Curva 7.",38.80
310.74,129.375,0.047,-291.795,-17.502,-0.014,-10.876,1.000,1.000,0.000,0.115,-0.082,20.605,11.069,-0.353,4.170,237.821,359.812,0.359,29.351,"Curva 7.",38.82
310.76,129.024,0.047,-292.017,-17.684,-0.003,-10.763,1.000,1.000,0.000,0.086,-0.078,20.702,9.555,0.507,4.825,238.435,359.793,0.083,29.684,"Curva 7.",38.84
310.78,128.669,0.047,-292.233,-17.876,-0.007,-10.627,1.000,1.000,0.000,0.074,-0.085,20.796,10.804,-0.269,4.721,239.067,359.786,0.185,30.017,"Curva 7.",38.86
310.80,128.310,0.047,-292.447,-18.084,-0.014,-10.486,1.000,1.000,0.000,0.068,-0.093,20.904,11.334,-0.429,5.427,239.707,359.785,0.388,30.351,"Curva 7.",38.88
310.82,127.947,0.046,-292.660,-18.291,-0.010,-10.372,1.000,1.000,0.000,0.037,-0.091,21.026,10.056,0.161,6.156,240.343,359.780,0.199,30.688,"Curva 7.",38.90
310.84,127.580,0.046,-292.870,-18.495,-0.007,-10.242,1.000,1.000,0.000,0.014,-0.088,21.142,10.620,0.113,5.815,240.985,359.778,0.130,31.026,"Curva 7.",38.92
310.86,127.208,0.046,-293.076,-18.708,-0.014,-10.089,1.000,1.000,0.000,0.013,-0.094,21.255,11.817,-0.474,5.723,241.628,359.784,0.345,31.364,"Curva 7.",38.94
310.88,126.833,0.046,-293.280,-18.924,-0.017,-9.951,1.000,1.000,0.000,-0.002,-0.097,21.381,11.086,-0.246,6.331,242.265,359.786,0.307,31.704,"Curva 7.",38.96
310.90,126.453,0.045,-293.482,-19.131,-0.011,-9.815,1.000,1.000,0.000,-0.023,-0.092,21.502,10.782,0.279,6.131,242.900,359.783,0.148,32.047,"Curva 7.",38.98
310.92,126.068,0.045,-293.679,-19.340,-0.014,-9.651,1.000,1.000,0.000,-0.023,-0.096,21.614,12.005,-0.260,5.676,243.541,359.783,0.286,32.389,"Curva 7.",39.00
310.94,125.679,0.045,-293.873,-19.554,-0.017,-9.485,1.000,1.000,0.000,-0.023,-0.099,21.733,12.119,-0.216,6.039,244.181,359.782,0.382,32.732,"Curva 7.",39.02
310.96,125.287,0.045,-294.066,-19.763,-0.008,-9.332,1.000,1.000,0.000,-0.037,-0.095,21.855,11.412,0.372,6.203,244.820,359.771,0.223,33.078,"Curva 7.",39.04
310.98,124.890,0.044,-294.254,-19.970,-0.005,-9.158,1.000,1.000,0.000,-0.039,-0.097,21.969,12.192,0.063,5.779,245.466,359.761,0.235,33.424,"Curva 7.",39.06
311.00,124.488,0.044,-294.438,-20.180,-0.009,-8.971,1.000,1.000,0.000,-0.032,-0.104,22.084,12.790,-0.301,5.853,246.114,359.753,0.383,33.770,"Curva 7.",39.08
311.02,124.083,0.044,-294.619,-20.390,-0.008,-8.801,1.000,1.000,0.000,-0.040,-0.108,22.208,11.976,-0.046,6.249,246.756,359.742,0.299,34.118,"Curva 7.",39.10
311.04,123.673,0.044,-294.797,-20.593,-0.004,-8.626,1.000,1.000,0.000,-0.049,-0.108,22.326,11.939,0.140,6.026,247.396,359.732,0.219,34.468,"Curva 7.",39.12
311.06,123.259,0.044,-294.970,-20.797,-0.007,-8.434,1.000,1.000,0.000,-0.042,-0.113,22.441,12.759,-0.285,5.852,248.032,359.731,0.345,34.817,"Curva 7.",39.14
311.08,122.841,0.043,-295.140,-21.004,-0.007,-8.248,1.000,1.000,0.000,-0.039,-0.113,22.565,12.426,-0.113,6.266,248.658,359.731,0.353,35.168,"Curva 7.",39.16
311.10,122.419,0.043,-295.307,-21.206,-0.001,-8.068,1.000,1.000,0.000,-0.042,-0.108,22.689,11.980,0.236,6.275,249.275,359.730,0.236,35.521,"Curva 7.",39.18
311.12,121.993,0.043,-295.469,-21.405,-0.002,-7.870,1.000,1.000,0.000,-0.031,-0.109,22.806,12.699,-0.145,5.962,249.890,359.732,0.295,35.873,"Curva 7.",39.20
311.14,121.562,0.043,-295.627,-21.606,-0.006,-7.669,1.000,1.000,0.000,-0.019,-0.112,22.927,12.825,-0.282,6.098,250.502,359.734,0.373,36.227,"Curva 7.",39.22
311.16,121.128,0.043,-295.782,-21.802,-0.003,-7.480,1.000,1.000,0.000,-0.020,-0.111,23.049,12.147,0.030,6.213,251.112,359.731,0.277,36.582,"Curva 7.",39.24
311.18,120.690,0.043,-295.933,-21.992,-0.003,-7.280,1.000,1.000,0.000,-0.017,-0.112,23.166,12.445,-0.059,5.890,251.725,359.729,0.258,36.938,"Curva 7.",39.26
311.20,120.248,0.043,-296.079,-22.182,-0.007,-7.070,1.000,1.000,0.000,-0.008,-0.117,23.281,12.890,-0.312,5.842,252.338,359.729,0.355,37.295,"Curva 7.",39.28
311.22,119.802,0.043,-296.222,-22.370,-0.007,-6.870,1.000,1.000,0.000,-0.008,-0.118,23.401,12.319,-0.108,6.082,252.946,359.727,0.316,37.653,"Curva 7.",39.30
311.24,119.353,0.043,-296.360,-22.554,-0.004,-6.670,1.000,1.000,0.000,-0.010,-0.117,23.519,12.218,0.066,5.944,253.550,359.724,0.249,38.012,"Curva 7.",39.32
311.26,118.899,0.043,-296.494,-22.734,-0.006,-6.454,1.000,1.000,0.000,-0.001,-0.120,23.633,12.810,-0.196,5.761,254.152,359.724,0.323,38.372,"Curva 7.",39.34
311.28,118.442,0.042,-296.624,-22.916,-0.007,-6.241,1.000,1.000,0.000,0.006,-0.122,23.751,12.712,-0.157,5.962,254.749,359.724,0.350,38.732,"Curva 7.",39.36
311.30,117.982,0.042,-296.750,-23.094,-0.003,-6.033,0.971,1.000,0.000,0.006,-0.120,23.869,12.292,0.093,5.961,255.343,359.721,0.268,39.095,"Curva 7.",39.38
311.32,117.518,0.042,-296.871,-23.266,-0.003,-5.815,0.971,1.000,0.000,0.012,-0.121,23.982,12.656,-0.089,5.716,255.936,359.720,0.287,39.457,"Curva 7.",39.40
311.34,117.050,0.042,-296.987,-23.439,-0.006,-5.592,0.990,1.000,0.000,0.022,-0.124,24.096,12.868,-0.229,5.782,256.527,359.720,0.353,39.820,"Curva 7.",39.42
311.36,116.579,0.042,-297.100,-23.609,-0.005,-5.378,0.990,1.000,0.000,0.023,-0.124,24.213,12.314,-0.037,5.917,257.112,359.718,0.295,40.185,"Curva 7.",39.44
311.38,116.105,0.042,-297.209,-23.773,-0.004,-5.163,0.990,1.000,0.000,0.023,-0.124,24.327,12.249,-0.028,5.713,257.692,359.716,0.257,40.551,"Curva 7.",39.46
311.40,115.627,0.042,-297.312,-23.935,-0.006,-4.937,0.719,1.000,0.000,0.032,-0.127,24.438,12.706,-0.239,5.631,258.269,359.717,0.331,40.917,"Curva 7.",39.48
311.42,115.146,0.042,-297.411,-24.097,-0.007,-4.715,0.719,1.000,0.000,0.037,-0.129,24.553,12.457,-0.135,5.797,258.841,359.716,0.328,41.284,"Curva 7.",39.50
311.44,114.662,0.042,-297.506,-24.254,-0.004,-4.495,0.719,1.000,0.000,0.037,-0.128,24.666,12.243,0.051,5.698,259.412,359.714,0.264,41.653,"Curva 7.",39.52
311.46,114.175,0.041,-297.596,-24.406,-0.005,-4.264,0.719,1.000,0.000,0.044,-0.129,24.775,12.704,-0.123,5.479,259.985,359.713,0.305,42.022,"Curva 7.",39.54
311.48,113.685,0.041,-297.681,-24.558,-0.006,-4.030,0.719,1.000,0.000,0.053,-0.131,24.886,12.785,-0.164,5.577,260.557,359.714,0.346,42.391,"Curva 7.",39.56
311.50,113.191,0.041,-297.763,-24.707,-0.004,-3.802,0.719,1.000,0.000,0.053,-0.130,24.998,12.417,0.017,5.613,261.129,359.711,0.288,42.763,"Curva 7.",39.58
311.52,112.695,0.041,-297.839,-24.850,-0.003,-3.567,0.225,1.000,0.000,0.056,-0.130,25.104,12.659,-0.055,5.380,261.703,359.710,0.284,43.134,"Curva 7.",39.60
311.54,112.196,0.041,-297.910,-24.991,-0.005,-3.342,0.225,1.000,0.000,0.053,-0.133,25.213,12.125,-0.189,5.469,262.261,359.710,0.301,43.507,"Curva 7.",39.62
311.56,111.694,0.041,-297.979,-25.130,-0.006,-3.154,0.225,1.000,0.000,0.034,-0.135,25.327,10.207,-0.117,5.700,262.770,359.708,0.204,43.881,"Curva 7.",39.64
311.58,111.189,0.041,-298.042,-25.268,-0.009,-2.960,0.506,1.000,0.000,0.034,-0.139,25.440,10.411,-0.218,5.704,263.240,359.707,0.225,44.257,"Curva 7.",39.66
311.60,110.682,0.041,-298.101,-25.403,-0.012,-2.806,0.506,1.000,0.000,0.025,-0.143,25.557,8.389,-0.192,5.881,263.639,359.706,0.191,44.634,"Curva 7.",39.68
311.62,110.171,0.040,-298.160,-25.534,-0.012,-2.736,0.506,1.000,0.000,-0.010,-0.145,25.680,4.210,-0.041,6.120,263.908,359.703,359.978,45.014,"Curva 7.",39.70
311.64,109.658,0.040,-298.213,-25.666,-0.015,-2.641,0.768,1.000,0.000,0.013,-0.149,25.801,5.404,-0.193,6.104,264.096,359.703,0.117,45.396,"Curva 7.",39.72
311.66,109.142,0.040,-298.264,-25.801,-0.014,-2.536,1.000,1.000,0.000,0.057,-0.149,25.925,5.909,-0.014,6.181,264.260,359.703,0.268,45.780,"Curva 7.",39.74
311.68,108.624,0.039,-298.316,-25.934,-0.007,-2.430,1.000,1.000,0.000,0.078,-0.144,26.047,5.905,0.300,6.111,264.475,359.700,0.133,46.169,"Curva 7.",39.76
311.70,108.103,0.039,-298.365,-26.060,-0.001,-2.304,1.000,1.000,0.000,0.083,-0.138,26.161,6.855,0.277,5.687,264.766,359.700,0.104,46.560,"Curva 7.",39.78
311.72,107.579,0.040,-298.409,-26.182,0.000,-2.124,1.000,1.000,0.000,0.105,-0.136,26.267,9.444,-0.021,5.294,265.131,359.703,0.335,46.952,"Curva 7.",39.80
311.74,107.054,0.040,-298.452,-26.301,0.002,-1.950,0.564,1.000,0.000,0.098,-0.134,26.373,9.137,-0.016,5.297,265.544,359.706,0.282,47.347,"Curva 7.",39.82
311.76,106.526,0.040,-298.492,-26.410,0.006,-1.762,0.564,1.000,0.000,0.085,-0.129,26.468,9.794,0.190,4.767,265.999,359.707,0.158,47.744,"Curva 7.",39.84
311.78,105.996,0.040,-298.525,-26.510,0.002,-1.518,0.564,1.000,0.000,0.106,-0.132,26.553,12.461,-0.335,4.244,266.493,359.712,0.355,48.141,"Curva 7.",39.86
311.80,105.464,0.040,-298.555,-26.611,-0.003,-1.272,0.564,1.000,0.000,0.117,-0.136,26.641,12.567,-0.335,4.390,267.010,359.715,0.401,48.539,"Curva 7.",39.88
311.82,104.930,0.040,-298.581,-26.704,0.002,-1.040,0.564,1.000,0.000,0.103,-0.133,26.724,11.792,0.175,4.177,267.548,359.711,0.207,48.939,"Curva 7.",39.90
311.84,104.394,0.040,-298.601,-26.789,-0.002,-0.782,0.564,1.000,0.000,0.105,-0.138,26.800,13.001,-0.280,3.816,268.101,359.710,0.279,49.338,"Curva 7.",39.92
311.86,103.857,0.040,-298.615,-26.878,-0.008,-0.511,0.000,1.000,0.000,0.118,-0.145,26.882,13.666,-0.433,4.091,268.658,359.710,0.435,49.737,"Curva 7.",39.94
311.88,103.318,0.039,-298.627,-26.973,-0.005,-0.294,0.000,1.000,0.000,0.089,-0.146,26.974,10.928,0.079,4.628,269.185,359.702,0.208,50.138,"Curva 7.",39.96
311.90,102.776,0.039,-298.635,-27.065,-0.006,-0.136,0.000,1.000,0.000,0.044,-0.149,27.065,7.922,-0.037,4.548,269.620,359.696,0.002,50.541,"Curva 7.",39.98
311.92,102.233,0.039,-298.635,-27.157,-0.014,0.064,0.000,1.000,0.000,0.071,-0.158,27.156,9.969,-0.517,4.574,269.983,359.698,0.318,50.942,"Curva 7.",40.00
311.94,101.688,0.039,-298.634,-27.265,-0.018,0.178,0.000,1.000,0.000,0.063,-0.163,27.265,5.700,-0.232,5.444,270.240,359.696,0.184,51.347,"Curva 7.",40.02
311.96,101.140,0.038,-298.635,-27.373,-0.011,0.171,0.000,1.000,0.000,0.004,-0.159,27.373,-0.409,0.330,5.404,270.350,359.690,359.688,51.757,"Curva 7.",40.04
311.98,100.591,0.038,-298.629,-27.479,-0.015,0.209,0.000,1.000,0.000,0.035,-0.163,27.479,1.866,-0.227,5.272,270.362,359.691,0.026,52.167,"Curva 7.",40.06
312.00,100.039,0.038,-298.622,-27.587,-0.010,0.230,0.000,1.000,0.000,0.072,-0.159,27.588,1.059,0.218,5.437,270.327,359.691,0.271,52.581,"Curva 7.",40.08
312.02,99.485,0.038,-298.622,-27.694,-0.003,0.176,0.000,1.000,0.000,0.031,-0.153,27.694,-2.734,0.291,5.322,270.302,359.690,359.783,53.003,"Curva 7.",40.10
312.04,98.929,0.038,-298.618,-27.804,-0.005,0.160,0.000,1.000,0.000,0.018,-0.155,27.804,-0.844,-0.113,5.495,270.293,359.690,359.819,53.427,"Curva 7.",40.12
312.06,98.371,0.038,-298.612,-27.904,0.003,0.186,0.000,1.000,0.000,0.044,-0.150,27.904,1.275,0.350,5.015,270.289,359.687,0.266,53.853,"Curva 7.",40.14
312.08,97.811,0.038,-298.610,-28.003,-0.002,0.155,0.000,1.000,0.000,0.012,-0.154,28.003,-1.561,-0.268,4.956,270.293,359.689,359.990,54.286,"Curva 7.",40.16
312.10,97.249,0.038,-298.610,-28.099,-0.002,0.120,0.000,1.000,0.000,-0.027,-0.154,28.098,-1.786,-0.051,4.755,270.301,359.692,359.724,54.724,"Curva 7.",40.18
312.12,96.685,0.038,-298.604,-28.188,-0.003,0.155,0.000,1.000,0.000,0.006,-0.154,28.188,1.707,-0.066,4.462,270.302,359.694,0.157,55.162,"Curva 7.",40.20
312.14,96.120,0.037,-298.600,-28.279,-0.008,0.161,0.000,1.000,0.000,0.014,-0.158,28.279,0.277,-0.283,4.574,270.296,359.696,0.174,55.605,"Curva 7.",40.22
312.16,95.552,0.037,-298.601,-28.364,-0.004,0.124,0.000,1.000,0.000,-0.022,-0.155,28.364,-1.876,0.154,4.247,270.295,359.695,359.752,56.054,"Curva 7.",40.24
312.18,94.983,0.037,-298.596,-28.451,-0.008,0.142,0.000,1.000,0.000,-0.003,-0.159,28.451,0.903,-0.201,4.324,270.292,359.696,359.979,56.503,"Curva 7.",40.26
312.20,94.413,0.037,-298.591,-28.535,-0.005,0.171,0.000,1.000,0.000,0.029,-0.158,28.535,1.453,0.121,4.234,270.285,359.693,0.256,56.956,"Curva 7.",40.28
312.22,93.840,0.037,-298.591,-28.618,-0.004,0.138,0.000,1.000,0.000,-0.004,-0.158,28.618,-1.675,0.047,4.155,270.287,359.691,359.872,57.415,"Curva 7.",40.30
312.24,93.266,0.037,-298.589,-28.705,-0.005,0.127,0.000,1.000,0.000,-0.019,-0.160,28.705,-0.582,-0.096,4.337,270.294,359.690,359.819,57.876,"Curva 7.",40.32
312.26,92.690,0.037,-298.583,-28.787,-0.001,0.166,0.000,1.000,0.000,0.018,-0.158,28.787,1.911,0.174,4.110,270.293,359.687,0.230,58.339,"Curva 7.",40.34
312.28,92.113,0.037,-298.581,-28.872,-0.005,0.151,0.000,1.000,0.000,0.001,-0.162,28.872,-0.770,-0.211,4.247,270.297,359.687,0.037,58.807,"Curva 7.",40.36
312.30,91.534,0.037,-298.580,-28.955,-0.003,0.122,0.000,1.000,0.000,-0.032,-0.162,28.955,-1.466,0.061,4.124,270.305,359.686,359.753,59.279,"Curva 7.",40.38
312.32,90.953,0.037,-298.575,-29.036,-0.004,0.155,0.000,1.000,0.000,0.001,-0.163,29.036,1.625,-0.064,4.067,270.304,359.685,0.112,59.752,"Curva 7.",40.40
312.34,90.371,0.036,-298.571,-29.120,-0.006,0.171,0.000,1.000,0.000,0.020,-0.166,29.120,0.783,-0.139,4.197,270.297,359.685,0.188,60.228,"Curva 7.",40.42
312.36,89.787,0.036,-298.571,-29.200,-0.003,0.134,0.000,1.000,0.000,-0.017,-0.164,29.199,-1.889,0.122,3.972,270.297,359.683,359.782,60.710,"Curva 7.",40.44
312.38,89.201,0.036,-298.567,-29.281,-0.006,0.148,0.000,1.000,0.000,-0.002,-0.168,29.281,0.674,-0.200,4.096,270.294,359.683,359.950,61.193,"Curva 7.",40.46
312.40,88.614,0.036,-298.561,-29.360,-0.004,0.179,0.000,1.000,0.000,0.032,-0.167,29.360,1.549,0.104,3.935,270.285,359.682,0.246,61.679,"Curva 7.",40.48
312.42,88.025,0.036,-298.561,-29.438,-0.004,0.148,0.000,1.000,0.000,0.001,-0.168,29.438,-1.567,-0.034,3.906,270.286,359.681,359.901,62.170,"Curva 7.",40.50
312.44,87.435,0.036,-298.559,-29.518,-0.005,0.130,0.000,1.000,0.000,-0.020,-0.170,29.518,-0.896,-0.081,4.007,270.292,359.681,359.804,62.663,"Curva 7.",40.52
312.46,86.843,0.036,-298.553,-29.594,-0.002,0.169,0.000,1.000,0.000,0.018,-0.168,29.594,1.898,0.131,3.806,270.291,359.679,0.212,63.157,"Curva 7.",40.54
312.48,86.249,0.036,-298.550,-29.673,-0.005,0.156,0.000,1.000,0.000,0.004,-0.172,29.673,-0.641,-0.196,3.936,270.294,359.679,0.059,63.656,"Curva 7.",40.56
312.50,85.654,0.036,-298.550,-29.748,-0.003,0.124,0.000,1.000,0.000,-0.034,-0.170,29.748,-1.652,0.095,3.749,270.304,359.678,359.753,64.159,"Curva 7.",40.58
312.52,85.058,0.036,-298.545,-29.823,-0.004,0.155,0.000,1.000,0.000,-0.004,-0.172,29.823,1.544,-0.067,3.742,270.304,359.677,0.092,64.663,"Curva 7.",40.60
312.54,84.460,0.036,-298.540,-29.899,-0.005,0.175,0.000,1.000,0.000,0.019,-0.174,29.899,0.990,-0.090,3.814,270.298,359.677,0.203,65.169,"Curva 7.",40.62
312.56,83.860,0.036,-298.540,-29.972,-0.002,0.138,0.000,1.000,0.000,-0.018,-0.172,29.972,-1.894,0.114,3.626,270.300,359.675,359.792,65.681,"Curva 7.",40.64
312.58,83.260,0.035,-298.536,-30.047,-0.006,0.150,0.000,1.000,0.000,-0.005,-0.176,30.047,0.600,-0.197,3.776,270.296,359.675,359.933,66.193,"Curva 7.",40.66
312.60,82.657,0.035,-298.531,-30.118,-0.003,0.185,0.000,1.000,0.000,0.034,-0.175,30.118,1.718,0.109,3.565,270.286,359.674,0.250,66.707,"Curva 7.",40.68
312.62,82.053,0.035,-298.530,-30.190,-0.004,0.155,0.000,1.000,0.000,0.004,-0.176,30.190,-1.526,-0.066,3.582,270.286,359.673,359.914,67.226,"Curva 7.",40.70
312.64,81.448,0.035,-298.528,-30.263,-0.005,0.134,0.000,1.000,0.000,-0.020,-0.178,30.263,-1.061,-0.070,3.636,270.293,359.673,359.790,67.748,"Curva 7.",40.72
312.66,80.841,0.035,-298.522,-30.332,-0.002,0.173,0.000,1.000,0.000,0.018,-0.176,30.332,1.928,0.116,3.459,270.291,359.671,0.207,68.270,"Curva 7.",40.74
312.68,80.233,0.035,-298.519,-30.405,-0.005,0.162,0.000,1.000,0.000,0.006,-0.180,30.405,-0.546,-0.195,3.629,270.294,359.671,0.074,68.796,"Curva 7.",40.76
312.70,79.624,0.035,-298.519,-30.473,-0.003,0.127,0.000,1.000,0.000,-0.034,-0.178,30.472,-1.778,0.113,3.395,270.304,359.670,359.747,69.326,"Curva 7.",40.78
312.72,79.013,0.035,-298.514,-30.541,-0.004,0.158,0.000,1.000,0.000,-0.004,-0.180,30.541,1.514,-0.080,3.428,270.303,359.670,0.081,69.856,"Curva 7.",40.80
312.74,78.401,0.035,-298.509,-30.610,-0.005,0.180,0.000,1.000,0.000,0.021,-0.181,30.610,1.125,-0.067,3.463,270.296,359.669,0.217,70.389,"Curva 7.",40.82
312.76,77.787,0.035,-298.509,-30.676,-0.002,0.141,0.000,1.000,0.000,-0.018,-0.180,30.676,-1.980,0.109,3.294,270.299,359.668,359.793,70.927,"Curva 7.",40.84
312.78,77.172,0.035,-298.505,-30.746,-0.005,0.152,0.000,1.000,0.000,-0.007,-0.184,30.746,0.500,-0.199,3.477,270.297,359.668,359.918,71.465,"Curva 7.",40.86
312.80,76.556,0.035,-298.499,-30.810,-0.002,0.189,0.000,1.000,0.000,0.034,-0.182,30.810,1.850,0.123,3.227,270.287,359.666,0.259,72.004,"Curva 7.",40.88
312.82,75.939,0.034,-298.498,-30.876,-0.004,0.159,0.000,1.000,0.000,0.004,-0.184,30.876,-1.509,-0.085,3.276,270.288,359.666,359.923,72.549,"Curva 7.",40.90
312.84,75.320,0.034,-298.496,-30.942,-0.004,0.136,0.000,1.000,0.000,-0.023,-0.185,30.942,-1.187,-0.057,3.294,270.295,359.666,359.776,73.095,"Curva 7.",40.92
312.86,74.700,0.034,-298.490,-31.004,-0.002,0.177,0.000,1.000,0.000,0.018,-0.184,31.004,2.054,0.110,3.133,270.292,359.664,0.209,73.641,"Curva 7.",40.94
312.88,74.078,0.034,-298.488,-31.071,-0.005,0.168,0.000,1.000,0.000,0.009,-0.188,31.071,-0.459,-0.202,3.328,270.294,359.664,0.089,74.192,"Curva 7.",40.96
312.90,73.456,0.034,-298.487,-31.133,-0.002,0.130,0.000,1.000,0.000,-0.034,-0.186,31.132,-1.934,0.131,3.067,270.303,359.663,359.734,74.745,"Curva 7.",40.98
312.92,72.832,0.034,-298.482,-31.195,-0.004,0.161,0.000,1.000,0.000,-0.004,-0.187,31.195,1.518,-0.095,3.124,270.302,359.663,0.074,75.299,"Curva 7.",41.00
312.94,72.207,0.034,-298.477,-31.257,-0.004,0.186,0.000,1.000,0.000,0.025,-0.189,31.257,1.255,-0.052,3.129,270.294,359.662,0.233,75.855,"Curva 7.",41.02
312.96,71.580,0.034,-298.477,-31.317,-0.002,0.143,0.000,1.000,0.000,-0.019,-0.187,31.317,-2.145,0.110,2.977,270.298,359.661,359.786,76.415,"Curva 7.",41.04
312.98,70.953,0.034,-298.473,-31.381,-0.005,0.152,0.000,1.000,0.000,-0.010,-0.191,31.380,0.430,-0.210,3.178,270.297,359.661,359.905,76.976,"Curva 7.",41.06
313.00,70.324,0.034,-298.467,-31.439,-0.002,0.193,0.000,1.000,0.000,0.035,-0.189,31.439,2.034,0.143,2.910,270.287,359.660,0.275,77.538,"Curva 7.",41.08
313.02,69.694,0.034,-298.466,-31.498,-0.004,0.163,0.000,1.000,0.000,0.004,-0.191,31.498,-1.549,-0.103,2.974,270.289,359.659,359.927,78.104,"Curva 7.",41.10
313.04,69.063,0.034,-298.464,-31.558,-0.004,0.136,0.000,1.000,0.000,-0.026,-0.192,31.557,-1.330,-0.048,2.970,270.297,359.659,359.756,78.672,"Curva 7.",41.12
313.06,68.430,0.034,-298.458,-31.614,-0.001,0.182,0.000,1.000,0.000,0.020,-0.190,31.614,2.260,0.115,2.824,270.293,359.658,0.221,79.240,"Curva 7.",41.14
313.08,67.797,0.033,-298.455,-31.675,-0.005,0.174,0.000,1.000,0.000,0.011,-0.194,31.675,-0.424,-0.222,3.032,270.293,359.658,0.101,79.811,"Curva 7.",41.16
313.10,67.162,0.033,-298.455,-31.730,-0.002,0.131,0.000,1.000,0.000,-0.036,-0.192,31.730,-2.158,0.156,2.759,270.302,359.657,359.712,80.386,"Curva 7.",41.18
313.12,66.527,0.033,-298.449,-31.786,-0.004,0.163,0.000,1.000,0.000,-0.004,-0.194,31.786,1.599,-0.111,2.823,270.301,359.656,0.074,80.960,"Curva 7.",41.20
313.14,65.890,0.033,-298.444,-31.843,-0.004,0.191,0.000,1.000,0.000,0.028,-0.195,31.843,1.397,-0.047,2.817,270.292,359.657,0.256,81.536,"Curva 7.",41.22
313.16,65.252,0.033,-298.445,-31.896,-0.001,0.143,0.000,1.000,0.000,-0.021,-0.193,31.896,-2.411,0.123,2.674,270.296,359.655,359.769,82.116,"Curva 7.",41.24
313.18,64.613,0.033,-298.441,-31.954,-0.006,0.152,0.000,1.000,0.000,-0.012,-0.198,31.954,0.442,-0.238,2.887,270.296,359.655,359.894,82.697,"Curva 7.",41.26
313.20,63.973,0.033,-298.434,-32.006,-0.002,0.199,0.000,1.000,0.000,0.037,-0.195,32.006,2.308,0.173,2.611,270.287,359.654,0.304,83.278,"Curva 7.",41.28
313.22,63.331,0.033,-298.433,-32.060,-0.004,0.165,0.000,1.000,0.000,0.004,-0.197,32.059,-1.687,-0.119,2.674,270.289,359.654,359.922,83.864,"Curva 7.",41.30
313.24,62.689,0.033,-298.432,-32.113,-0.004,0.137,0.000,1.000,0.000,-0.030,-0.198,32.113,-1.457,-0.049,2.671,270.300,359.654,359.731,84.451,"Curva 7.",41.32
313.26,62.046,0.033,-298.425,-32.163,-0.001,0.189,0.000,1.000,0.000,0.022,-0.196,32.163,2.612,0.138,2.524,270.295,359.652,0.247,85.037,"Curva 7.",41.34
313.28,61.402,0.033,-298.422,-32.218,-0.006,0.179,0.000,1.000,0.000,0.013,-0.201,32.218,-0.492,-0.262,2.749,270.295,359.653,0.110,85.627,"Curva 7.",41.36
313.30,60.756,0.033,-298.422,-32.268,-0.001,0.130,0.000,1.000,0.000,-0.040,-0.198,32.268,-2.485,0.193,2.467,270.305,359.651,359.676,86.220,"Curva 7.",41.38
313.32,60.110,0.033,-298.416,-32.318,-0.003,0.167,0.000,1.000,0.000,-0.003,-0.200,32.318,1.834,-0.126,2.527,270.301,359.651,0.088,86.812,"Curva 7.",41.40
313.34,59.462,0.033,-298.411,-32.369,-0.004,0.198,0.000,1.000,0.000,0.033,-0.201,32.369,1.522,-0.059,2.531,270.290,359.652,0.284,87.406,"Curva 7.",41.42
313.36,58.814,0.033,-298.412,-32.417,0.000,0.141,0.000,1.000,0.000,-0.024,-0.199,32.416,-2.848,0.164,2.373,270.294,359.650,359.731,88.004,"Curva 7.",41.44
313.38,58.165,0.032,-298.408,-32.469,-0.006,0.153,0.000,1.000,0.000,-0.014,-0.204,32.469,0.567,-0.296,2.617,270.294,359.651,359.888,88.602,"Curva 7.",41.46
313.40,57.514,0.032,-298.401,-32.515,-0.001,0.206,0.000,1.000,0.000,0.044,-0.201,32.515,2.666,0.218,2.323,270.283,359.649,0.349,89.200,"Curva 7.",41.48
313.42,56.863,0.032,-298.400,-32.563,-0.003,0.166,0.000,1.000,0.000,0.003,-0.203,32.563,-2.041,-0.132,2.381,270.287,359.649,359.898,89.803,"Curva 7.",41.50
313.44,56.211,0.032,-298.399,-32.611,-0.004,0.134,0.000,1.000,0.000,-0.036,-0.204,32.611,-1.594,-0.077,2.400,270.300,359.650,359.698,90.406,"Curva 7.",41.52
313.46,55.558,0.032,-298.391,-32.655,0.000,0.196,0.000,1.000,0.000,0.027,-0.201,32.655,3.098,0.200,2.228,270.295,359.648,0.295,91.009,"Curva 7.",41.54
313.48,54.904,0.032,-298.389,-32.705,-0.006,0.183,0.000,1.000,0.000,0.014,-0.207,32.705,-0.664,-0.340,2.492,270.295,359.649,0.113,91.616,"Curva 7.",41.56
313.50,54.249,0.032,-298.389,-32.749,-0.001,0.126,0.000,1.000,0.000,-0.049,-0.203,32.749,-2.857,0.247,2.185,270.309,359.647,359.623,92.224,"Curva 7.",41.58
313.52,53.593,0.032,-298.383,-32.794,-0.003,0.172,0.000,1.000,0.000,-0.003,-0.205,32.794,2.299,-0.138,2.236,270.305,359.647,0.120,92.832,"Curva 7.",41.60
313.54,52.936,0.032,-298.377,-32.839,-0.005,0.206,0.000,1.000,0.000,0.039,-0.207,32.839,1.668,-0.103,2.274,270.290,359.648,0.321,93.442,"Curva 7.",41.62
313.56,52.278,0.032,-298.379,-32.881,0.001,0.139,0.000,1.000,0.000,-0.030,-0.203,32.881,-3.348,0.248,2.085,270.296,359.645,359.675,94.055,"Curva 7.",41.64
313.58,51.620,0.032,-298.374,-32.929,-0.007,0.155,0.000,1.000,0.000,-0.014,-0.210,32.928,0.797,-0.392,2.374,270.296,359.647,359.886,94.668,"Curva 7.",41.66
313.60,50.960,0.032,-298.366,-32.969,0.000,0.217,0.000,1.000,0.000,0.055,-0.205,32.969,3.068,0.280,2.053,270.280,359.645,0.409,95.281,"Curva 7.",41.68
313.62,50.300,0.032,-298.367,-33.011,-0.003,0.166,0.000,1.000,0.000,0.002,-0.207,33.011,-2.578,-0.141,2.094,270.284,359.645,359.859,95.899,"Curva 7.",41.70
313.64,49.639,0.032,-298.365,-33.055,-0.005,0.131,0.000,1.000,0.000,-0.042,-0.209,33.054,-1.716,-0.136,2.156,270.302,359.646,359.659,96.517,"Curva 7.",41.72
313.66,48.977,0.032,-298.357,-33.093,0.002,0.204,0.000,1.000,0.000,0.033,-0.204,33.093,3.613,0.304,1.944,270.295,359.644,0.356,97.134,"Curva 7.",41.74
313.68,48.314,0.032,-298.355,-33.139,-0.007,0.185,0.000,1.000,0.000,0.014,-0.212,33.138,-0.955,-0.451,2.264,270.296,359.645,0.112,97.755,"Curva 7.",41.76
313.70,47.651,0.032,-298.356,-33.178,0.000,0.119,0.000,1.000,0.000,-0.061,-0.207,33.177,-3.300,0.313,1.931,270.314,359.643,359.558,98.378,"Curva 7.",41.78
313.72,46.987,0.032,-298.348,-33.216,-0.002,0.178,0.000,1.000,0.000,-0.002,-0.209,33.216,2.918,-0.142,1.952,270.309,359.643,0.166,98.999,"Curva 7.",41.80
313.74,46.321,0.031,-298.343,-33.257,-0.006,0.213,0.000,1.000,0.000,0.045,-0.212,33.257,1.730,-0.183,2.047,270.287,359.645,0.360,99.622,"Curva 7.",41.82
313.76,45.656,0.031,-298.345,-33.293,0.003,0.135,0.000,1.000,0.000,-0.036,-0.206,33.293,-3.919,0.374,1.802,270.296,359.642,359.607,100.249,"Curva 7.",41.84
313.78,44.989,0.031,-298.340,-33.337,-0.007,0.159,0.000,1.000,0.000,-0.012,-0.215,33.336,1.203,-0.517,2.160,270.294,359.644,359.895,100.875,"Curva 7.",41.86
313.80,44.321,0.031,-298.331,-33.373,0.000,0.230,0.000,1.000,0.000,0.068,-0.209,33.373,3.545,0.343,1.817,270.275,359.642,0.479,101.501,"Curva 7.",41.88
313.82,43.653,0.031,-298.333,-33.409,-0.002,0.163,0.000,1.000,0.000,0.000,-0.211,33.409,-3.347,-0.126,1.810,270.281,359.642,359.800,102.132,"Curva 7.",41.90
313.84,42.984,0.031,-298.331,-33.448,-0.006,0.128,0.000,1.000,0.000,-0.048,-0.214,33.448,-1.769,-0.254,1.947,270.304,359.644,359.621,102.763,"Curva 7.",41.92
313.86,42.315,0.031,-298.322,-33.481,0.004,0.215,0.000,1.000,0.000,0.041,-0.207,33.481,4.354,0.468,1.659,270.296,359.641,0.443,103.392,"Curva 7.",41.94
313.88,41.644,0.031,-298.320,-33.522,-0.008,0.184,0.000,1.000,0.000,0.009,-0.217,33.522,-1.545,-0.609,2.059,270.298,359.643,0.090,104.025,"Curva 7.",41.96
313.90,40.973,0.031,-298.322,-33.557,0.000,0.108,0.000,1.000,0.000,-0.077,-0.211,33.556,-3.808,0.372,1.700,270.320,359.641,359.476,104.661,"Curva 7.",41.98
313.92,40.301,0.031,-298.313,-33.589,-0.001,0.189,0.000,1.000,0.000,0.003,-0.212,33.589,4.005,-0.089,1.653,270.315,359.641,0.252,105.294,"Curva 7.",42.00
313.94,39.629,0.031,-298.308,-33.626,-0.008,0.225,0.000,1.000,0.000,0.053,-0.217,33.626,1.796,-0.372,1.857,270.290,359.644,0.400,105.929,"Curva 7.",42.02
313.96,38.956,0.031,-298.311,-33.657,0.005,0.128,0.000,1.000,0.000,-0.046,-0.207,33.657,-4.848,0.615,1.512,270.300,359.640,359.490,106.568,"Curva 7.",42.04
313.98,38.282,0.031,-298.305,-33.696,-0.009,0.165,0.000,1.000,0.000,-0.010,-0.219,33.695,1.831,-0.728,1.934,270.297,359.643,359.925,107.205,"Curva 7.",42.06
314.00,37.607,0.031,-298.296,-33.727,0.000,0.245,0.000,1.000,0.000,0.081,-0.212,33.727,4.019,0.414,1.582,270.275,359.641,0.579,107.843,"Curva 7.",42.08
314.02,36.932,0.031,-298.298,-33.757,0.000,0.154,0.000,1.000,0.000,-0.011,-0.212,33.757,-4.556,-0.042,1.481,270.283,359.640,359.698,108.485,"Curva 7.",42.10
314.04,36.256,0.031,-298.297,-33.793,-0.010,0.120,0.000,1.000,0.000,-0.062,-0.219,33.792,-1.728,-0.509,1.777,270.311,359.645,359.576,109.127,"Curva 7.",42.12
314.06,35.580,0.031,-298.286,-33.819,0.007,0.230,0.000,1.000,0.000,0.051,-0.207,33.819,5.481,0.771,1.370,270.298,359.639,0.581,109.766,"Curva 7.",42.14
314.08,34.903,0.031,-298.285,-33.856,-0.010,0.189,0.000,1.000,0.000,0.011,-0.221,33.856,-2.044,-0.872,1.815,270.301,359.643,0.064,110.411,"Curva 7.",42.16
314.10,34.225,0.031,-298.288,-33.886,0.000,0.106,0.000,1.000,0.000,-0.085,-0.213,33.886,-4.185,0.469,1.488,270.327,359.641,359.363,111.057,"Curva 7.",42.18
314.12,33.547,0.031,-298.277,-33.912,0.001,0.206,0.000,1.000,0.000,0.018,-0.212,33.912,4.994,0.006,1.323,270.315,359.640,0.344,111.700,"Curva 7.",42.20
314.14,32.868,0.030,-298.272,-33.946,-0.011,0.239,0.000,1.000,0.000,0.070,-0.222,33.946,1.678,-0.643,1.709,270.284,359.646,0.453,112.345,"Curva 7.",42.22
314.16,32.188,0.031,-298.277,-33.972,0.009,0.117,0.000,1.000,0.000,-0.057,-0.206,33.971,-6.126,0.930,1.241,270.298,359.638,359.351,112.995,"Curva 7.",42.24
314.18,31.508,0.030,-298.270,-34.005,-0.011,0.162,0.000,1.000,0.000,-0.013,-0.223,34.005,2.215,-1.030,1.698,270.295,359.644,359.940,113.642,"Curva 7.",42.26
314.20,30.828,0.030,-298.259,-34.033,0.001,0.249,0.000,1.000,0.000,0.089,-0.214,34.033,4.390,0.539,1.382,270.266,359.641,0.696,114.289,"Curva 7.",42.28
314.22,30.146,0.030,-298.264,-34.056,0.002,0.141,0.000,1.000,0.000,-0.023,-0.212,34.056,-5.438,0.042,1.157,270.278,359.640,359.618,114.941,"Curva 7.",42.30
314.24,29.465,0.030,-298.262,-34.089,-0.013,0.110,0.000,1.000,0.000,-0.075,-0.223,34.089,-1.546,-0.775,1.640,270.314,359.647,359.520,115.592,"Curva 7.",42.32
314.26,28.782,0.030,-298.250,-34.110,0.011,0.244,0.000,1.000,0.000,0.062,-0.205,34.111,6.691,1.093,1.106,270.301,359.638,0.709,116.241,"Curva 7.",42.34
314.28,28.100,0.030,-298.250,-34.143,-0.013,0.195,0.000,1.000,0.000,0.014,-0.224,34.143,-2.433,-1.177,1.615,270.303,359.644,0.054,116.895,"Curva 7.",42.36
314.30,27.416,0.030,-298.253,-34.169,0.001,0.106,0.000,1.000,0.000,-0.092,-0.214,34.169,-4.490,0.601,1.282,270.336,359.642,359.257,117.550,"Curva 7.",42.38
314.32,26.732,0.030,-298.241,-34.189,0.004,0.223,0.000,1.000,0.000,0.028,-0.212,34.189,5.877,0.086,0.998,270.324,359.640,0.418,118.202,"Curva 7.",42.40
314.34,26.048,0.030,-298.235,-34.220,-0.014,0.253,0.000,1.000,0.000,0.079,-0.225,34.220,1.492,-0.908,1.581,270.288,359.648,0.503,118.856,"Curva 7.",42.42
314.36,25.363,0.030,-298.241,-34.241,0.013,0.111,0.000,1.000,0.000,-0.068,-0.205,34.240,-7.143,1.244,0.998,270.303,359.638,359.238,119.514,"Curva 7.",42.44
314.38,24.678,0.030,-298.234,-34.272,-0.013,0.165,0.000,1.000,0.000,-0.014,-0.226,34.271,2.688,-1.317,1.552,270.300,359.645,359.954,120.170,"Curva 7.",42.46
314.40,23.992,0.030,-298.223,-34.295,0.001,0.256,0.000,1.000,0.000,0.096,-0.215,34.295,4.577,0.643,1.209,270.263,359.642,0.785,120.825,"Curva 7.",42.48
314.42,23.306,0.030,-298.228,-34.313,0.005,0.131,0.000,1.000,0.000,-0.032,-0.212,34.313,-6.294,0.139,0.872,270.274,359.639,359.547,121.486,"Curva 7.",42.50
314.44,22.619,0.030,-298.227,-34.344,-0.016,0.101,0.000,1.000,0.000,-0.083,-0.227,34.344,-1.456,-1.041,1.535,270.311,359.649,359.477,122.145,"Curva 7.",42.52
314.46,21.931,0.030,-298.213,-34.361,0.014,0.251,0.000,1.000,0.000,0.072,-0.204,34.362,7.509,1.394,0.900,270.295,359.637,0.810,122.802,"Curva 7.",42.54
314.48,21.244,0.030,-298.214,-34.392,-0.014,0.193,0.000,1.000,0.000,0.013,-0.228,34.391,-2.939,-1.441,1.494,270.299,359.645,0.036,123.464,"Curva 7.",42.56
314.50,20.555,0.030,-298.218,-34.415,0.001,0.100,0.000,1.000,0.000,-0.101,-0.216,34.414,-4.662,0.676,1.137,270.340,359.642,359.178,124.127,"Curva 7.",42.58
314.52,19.867,0.030,-298.205,-34.429,0.006,0.235,0.000,1.000,0.000,0.035,-0.211,34.429,6.761,0.195,0.751,270.330,359.639,0.490,124.786,"Curva 7.",42.60
314.54,19.178,0.030,-298.199,-34.459,-0.017,0.264,0.000,1.000,0.000,0.085,-0.229,34.459,1.407,-1.184,1.483,270.293,359.649,0.538,125.448,"Curva 7.",42.62
314.56,18.488,0.030,-298.206,-34.475,0.016,0.108,0.000,1.000,0.000,-0.075,-0.203,34.475,-7.831,1.547,0.798,270.309,359.637,359.144,126.114,"Curva 7.",42.64
314.58,17.798,0.030,-298.197,-34.504,-0.015,0.172,0.000,1.000,0.000,-0.011,-0.229,34.503,3.199,-1.550,1.429,270.303,359.645,359.976,126.777,"Curva 7.",42.66
314.60,17.108,0.030,-298.186,-34.525,0.001,0.265,0.000,1.000,0.000,0.106,-0.217,34.525,4.656,0.693,1.067,270.258,359.642,0.853,127.440,"Curva 7.",42.68
314.62,16.417,0.030,-298.192,-34.538,0.007,0.119,0.000,1.000,0.000,-0.039,-0.211,34.537,-7.272,0.265,0.634,270.266,359.639,359.470,128.108,"Curva 7.",42.70
314.64,15.725,0.029,-298.191,-34.567,-0.019,0.093,0.000,1.000,0.000,-0.088,-0.231,34.566,-1.305,-1.337,1.445,270.304,359.650,359.455,128.774,"Curva 7.",42.72
314.66,15.034,0.030,-298.177,-34.580,0.018,0.255,0.000,1.000,0.000,0.077,-0.203,34.581,8.102,1.694,0.718,270.289,359.637,0.900,129.438,"Curva 7.",42.74
314.68,14.342,0.029,-298.179,-34.608,-0.015,0.185,0.000,1.000,0.000,0.006,-0.230,34.608,-3.494,-1.635,1.366,270.297,359.645,0.005,130.107,"Curva 7.",42.76
314.70,13.649,0.029,-298.183,-34.629,0.000,0.094,0.000,1.000,0.000,-0.111,-0.218,34.628,-4.575,0.679,1.015,270.345,359.642,359.122,130.777,"Curva 7.",42.78
314.72,12.956,0.029,-298.169,-34.639,0.009,0.250,0.000,1.000,0.000,0.044,-0.210,34.639,7.804,0.360,0.527,270.338,359.638,0.574,131.443,"Curva 7.",42.80
314.74,12.263,0.029,-298.163,-34.667,-0.021,0.272,0.000,1.000,0.000,0.088,-0.233,34.667,1.092,-1.502,1.421,270.301,359.651,0.542,132.112,"Curva 7.",42.82
314.76,11.569,0.029,-298.170,-34.680,0.019,0.107,0.000,1.000,0.000,-0.080,-0.202,34.680,-8.290,1.829,0.624,270.315,359.637,359.059,132.785,"Curva 7.",42.84
314.78,10.875,0.029,-298.160,-34.705,-0.015,0.185,0.000,1.000,0.000,0.000,-0.230,34.705,3.877,-1.673,1.266,270.304,359.645,0.025,133.453,"Curva 7.",42.86
314.80,10.181,0.029,-298.149,-34.724,-0.001,0.273,0.000,1.000,0.000,0.116,-0.219,34.724,4.416,0.613,0.959,270.253,359.643,0.894,134.123,"Curva 7.",42.88
314.82,9.486,0.029,-298.157,-34.733,0.011,0.106,0.000,1.000,0.000,-0.050,-0.209,34.733,-8.339,0.496,0.415,270.261,359.638,359.377,134.797,"Curva 7.",42.90
314.84,8.791,0.029,-298.154,-34.762,-0.022,0.093,0.000,1.000,0.000,-0.086,-0.235,34.761,-0.678,-1.681,1.428,270.297,359.652,359.480,135.470,"Curva 7.",42.92
314.86,8.095,0.029,-298.140,-34.772,0.019,0.259,0.000,1.000,0.000,0.083,-0.203,34.772,8.359,1.932,0.566,270.285,359.637,0.976,136.140,"Curva 7.",42.94
314.88,7.399,0.029,-298.143,-34.796,-0.013,0.174,0.000,1.000,0.000,-0.005,-0.230,34.796,-4.239,-1.633,1.167,270.297,359.644,359.934,136.815,"Curva 7.",42.96
314.90,6.703,0.029,-298.147,-34.815,-0.002,0.091,0.000,1.000,0.000,-0.117,-0.221,34.814,-4.195,0.481,0.934,270.348,359.643,359.101,137.491,"Curva 7.",42.98
314.92,6.007,0.029,-298.131,-34.821,0.013,0.266,0.000,1.000,0.000,0.058,-0.208,34.821,8.779,0.662,0.322,270.338,359.637,0.674,138.162,"Curva 7.",43.00
314.94,5.310,0.029,-298.127,-34.850,-0.024,0.267,0.000,1.000,0.000,0.080,-0.237,34.850,0.027,-1.860,1.453,270.305,359.652,0.480,138.837,"Curva 7.",43.02
314.96,4.612,0.029,-298.134,-34.861,0.019,0.102,0.000,1.000,0.000,-0.087,-0.204,34.861,-8.308,1.974,0.539,270.316,359.637,358.998,139.516,"Curva 7.",43.04
314.98,3.915,0.029,-298.123,-34.882,-0.011,0.192,0.000,1.000,0.000,0.005,-0.229,34.882,4.477,-1.497,1.062,270.306,359.642,0.112,140.190,"Curva 7.",43.06
315.00,3.217,0.029,-298.113,-34.900,-0.004,0.271,0.000,1.000,0.000,0.111,-0.223,34.900,3.990,0.301,0.926,270.258,359.643,0.897,140.865,"Curva 7.",43.08
315.02,2.519,0.029,-298.121,-34.906,0.015,0.092,0.000,1.000,0.000,-0.070,-0.208,34.905,-8.976,0.840,0.243,270.271,359.635,359.283,141.545,"Curva 7.",43.10
315.04,1.820,0.029,-298.117,-34.935,-0.025,0.109,0.000,1.000,0.000,-0.067,-0.238,34.935,0.848,-2.006,1.470,270.291,359.651,359.573,142.223,"Curva 7.",43.12
315.06,1.121,0.029,-298.103,-34.945,0.017,0.270,0.000,1.000,0.000,0.098,-0.206,34.945,8.079,1.934,0.532,270.276,359.637,1.011,142.899,"Curva 7.",43.14
315.08,0.422,0.029,-298.107,-34.965,-0.008,0.174,0.000,1.000,0.000,0.002,-0.227,34.964,-4.778,-1.277,0.948,270.283,359.641,359.834,143.579,"Curva 7.",43.16
315.10,-0.278,0.029,-298.110,-34.984,-0.006,0.096,0.000,1.000,0.000,-0.100,-0.225,34.983,-3.938,0.070,0.941,270.327,359.643,359.114,144.260,"Curva 7.",43.18
315.12,-0.978,0.029,-298.094,-34.987,0.018,0.273,0.000,1.000,0.000,0.080,-0.207,34.987,8.861,1.034,0.206,270.310,359.633,0.748,144.937,"Curva 7.",43.20
315.14,-1.678,0.029,-298.091,-35.017,-0.025,0.243,0.000,1.000,0.000,0.059,-0.240,35.017,-1.489,-2.109,1.480,270.299,359.648,0.381,145.618,"Curva 7.",43.22
315.16,-2.379,0.029,-298.098,-35.028,0.015,0.084,0.000,1.000,0.000,-0.108,-0.209,35.028,-8.013,1.851,0.535,270.320,359.636,358.980,146.301,"Curva 7.",43.24
315.18,-3.079,0.029,-298.087,-35.044,-0.006,0.191,0.000,1.000,0.000,0.001,-0.227,35.044,5.362,-1.111,0.831,270.310,359.639,0.227,146.981,"Curva 7.",43.26
315.20,-3.781,0.029,-298.077,-35.063,-0.009,0.268,0.000,1.000,0.000,0.102,-0.228,35.063,3.835,-0.181,0.923,270.266,359.644,0.872,147.661,"Curva 7.",43.28
315.22,-4.482,0.029,-298.086,-35.066,0.019,0.087,0.000,1.000,0.000,-0.086,-0.207,35.066,-9.068,1.270,0.154,270.287,359.633,359.201,148.346,"Curva 7.",43.30
315.24,-5.184,0.029,-298.081,-35.096,-0.025,0.124,0.000,1.000,0.000,-0.055,-0.241,35.095,1.865,-2.226,1.459,270.295,359.648,359.660,149.029,"Curva 7.",43.32
315.26,-5.886,0.029,-298.066,-35.104,0.014,0.282,0.000,1.000,0.000,0.116,-0.211,35.105,7.912,1.838,0.479,270.265,359.636,1.043,149.710,"Curva 7.",43.34
315.28,-6.588,0.029,-298.071,-35.118,-0.004,0.161,0.000,1.000,0.000,-0.004,-0.226,35.118,-6.024,-0.955,0.656,270.271,359.639,359.709,150.395,"Curva 7.",43.36
315.30,-7.291,0.029,-298.073,-35.136,-0.012,0.085,0.000,1.000,0.000,-0.102,-0.231,35.135,-3.814,-0.445,0.881,270.311,359.646,359.129,151.081,"Curva 7.",43.38
315.32,-7.994,0.029,-298.057,-35.137,0.022,0.271,0.000,1.000,0.000,0.093,-0.205,35.137,9.337,1.530,0.093,270.286,359.633,0.858,151.762,"Curva 7.",43.40
315.34,-8.697,0.028,-298.056,-35.166,-0.026,0.226,0.000,1.000,0.000,0.051,-0.242,35.166,-2.302,-2.405,1.423,270.282,359.649,0.303,152.448,"Curva 7.",43.42
315.36,-9.401,0.029,-298.064,-35.175,0.013,0.069,0.000,1.000,0.000,-0.125,-0.212,35.174,-7.864,1.843,0.409,270.323,359.637,358.923,153.136,"Curva 7.",43.44
315.38,-10.104,0.029,-298.050,-35.184,-0.002,0.207,0.000,1.000,0.000,0.007,-0.224,35.184,6.880,-0.812,0.507,270.324,359.639,0.365,153.820,"Curva 7.",43.46
315.40,-10.808,0.028,-298.041,-35.201,-0.016,0.281,0.000,1.000,0.000,0.101,-0.233,35.201,3.686,-0.747,0.869,270.288,359.649,0.870,154.505,"Curva 7.",43.48
315.42,-11.512,0.029,-298.051,-35.203,0.024,0.088,0.000,1.000,0.000,-0.102,-0.202,35.202,-9.665,1.850,0.055,270.315,359.633,359.072,155.194,"Curva 7.",43.50
315.44,-12.217,0.028,-298.044,-35.231,-0.028,0.142,0.000,1.000,0.000,-0.054,-0.243,35.230,2.671,-2.595,1.372,270.321,359.649,359.732,155.881,"Curva 7.",43.52
315.46,-12.922,0.028,-298.029,-35.237,0.013,0.295,0.000,1.000,0.000,0.124,-0.212,35.237,7.691,1.871,0.349,270.271,359.638,1.112,156.566,"Curva 7.",43.54
315.48,-13.627,0.028,-298.036,-35.245,0.001,0.147,0.000,1.000,0.000,-0.014,-0.221,35.244,-7.361,-0.663,0.378,270.265,359.639,359.580,157.256,"Curva 7.",43.56
315.50,-14.332,0.028,-298.037,-35.263,-0.018,0.079,0.000,1.000,0.000,-0.101,-0.235,35.262,-3.415,-1.000,0.873,270.298,359.651,359.131,157.945,"Curva 7.",43.58
315.52,-15.037,0.029,-298.020,-35.262,0.027,0.281,0.000,1.000,0.000,0.111,-0.201,35.262,10.117,2.072,0.017,270.269,359.633,0.989,158.631,"Curva 7.",43.60
315.54,-15.743,0.028,-298.020,-35.289,-0.029,0.222,0.000,1.000,0.000,0.059,-0.245,35.289,-2.947,-2.772,1.335,270.263,359.650,0.239,159.320,"Curva 7.",43.62
315.56,-16.449,0.028,-298.028,-35.296,0.012,0.072,0.000,1.000,0.000,-0.120,-0.212,35.295,-7.523,1.883,0.307,270.319,359.640,358.857,160.012,"Curva 7.",43.64
315.58,-17.155,0.028,-298.013,-35.301,0.003,0.228,0.000,1.000,0.000,0.022,-0.220,35.301,7.763,-0.526,0.283,270.331,359.639,0.467,160.700,"Curva 7.",43.66
315.60,-17.861,0.028,-298.004,-35.318,-0.020,0.290,0.000,1.000,0.000,0.102,-0.237,35.318,3.120,-1.214,0.884,270.301,359.652,0.866,161.388,"Curva 7.",43.68
315.62,-18.568,0.029,-298.015,-35.319,0.029,0.082,0.000,1.000,0.000,-0.118,-0.199,35.318,-10.477,2.272,-0.012,270.330,359.633,358.960,162.082,"Curva 7.",43.70
315.64,-19.274,0.028,-298.007,-35.345,-0.029,0.146,0.000,1.000,0.000,-0.061,-0.245,35.344,3.189,-2.896,1.306,270.336,359.650,359.787,162.772,"Curva 7.",43.72
315.66,-19.981,0.028,-297.992,-35.350,0.011,0.291,0.000,1.000,0.000,0.119,-0.213,35.350,7.306,1.882,0.277,270.271,359.640,1.166,163.460,"Curva 7.",43.74
315.68,-20.688,0.028,-298.000,-35.355,0.005,0.127,0.000,1.000,0.000,-0.028,-0.218,35.354,-8.202,-0.399,0.210,270.253,359.639,359.489,164.154,"Curva 7.",43.76
315.70,-21.396,0.028,-298.001,-35.373,-0.022,0.068,0.000,1.000,0.000,-0.102,-0.238,35.372,-2.915,-1.420,0.904,270.281,359.653,359.140,164.847,"Curva 7.",43.78
315.72,-22.103,0.028,-297.983,-35.371,0.031,0.282,0.000,1.000,0.000,0.122,-0.198,35.372,10.728,2.444,-0.031,270.253,359.633,1.083,165.536,"Curva 7.",43.80
315.74,-22.811,0.028,-297.984,-35.397,-0.029,0.213,0.000,1.000,0.000,0.059,-0.246,35.397,-3.438,-2.996,1.253,270.249,359.650,0.187,166.230,"Curva 7.",43.82
315.76,-23.519,0.028,-297.992,-35.402,0.011,0.071,0.000,1.000,0.000,-0.120,-0.214,35.401,-7.166,1.853,0.240,270.316,359.641,358.814,166.925,"Curva 7.",43.84
315.78,-24.227,0.028,-297.976,-35.404,0.007,0.244,0.000,1.000,0.000,0.034,-0.217,35.404,8.634,-0.271,0.145,270.336,359.639,0.554,167.615,"Curva 7.",43.86
315.80,-24.936,0.028,-297.968,-35.422,-0.025,0.298,0.000,1.000,0.000,0.103,-0.240,35.423,2.693,-1.622,0.918,270.309,359.654,0.854,168.308,"Curva 7.",43.88
315.82,-25.644,0.028,-297.979,-35.422,0.032,0.079,0.000,1.000,0.000,-0.125,-0.197,35.421,-11.022,2.613,-0.082,270.336,359.633,358.873,169.005,"Curva 7.",43.90
315.84,-26.353,0.028,-297.970,-35.445,-0.030,0.154,0.000,1.000,0.000,-0.055,-0.246,35.444,3.777,-3.076,1.172,270.339,359.650,359.844,169.697,"Curva 7.",43.92
315.86,-27.062,0.028,-297.955,-35.448,0.009,0.291,0.000,1.000,0.000,0.120,-0.214,35.448,6.904,1.806,0.187,270.270,359.643,1.200,170.390,"Curva 7.",43.94
315.88,-27.771,0.028,-297.964,-35.451,0.009,0.109,0.000,1.000,0.000,-0.043,-0.215,35.450,-9.098,-0.100,0.094,270.250,359.639,359.400,171.087,"Curva 7.",43.96
315.90,-28.481,0.028,-297.965,-35.470,-0.027,0.061,0.000,1.000,0.000,-0.107,-0.242,35.469,-2.407,-1.833,0.959,270.277,359.655,359.162,171.782,"Curva 7.",43.98
315.92,-29.190,0.028,-297.946,-35.467,0.033,0.286,0.000,1.000,0.000,0.128,-0.197,35.467,11.330,2.765,-0.104,270.249,359.633,1.172,172.475,"Curva 7.",44.00
315.94,-29.900,0.028,-297.949,-35.489,-0.029,0.204,0.000,1.000,0.000,0.050,-0.246,35.489,-4.127,-3.134,1.090,270.249,359.650,0.118,173.171,"Curva 7.",44.02
315.96,-30.610,0.028,-297.956,-35.493,0.008,0.074,0.000,1.000,0.000,-0.119,-0.215,35.492,-6.537,1.707,0.147,270.320,359.644,358.792,173.869,"Curva 7.",44.04
315.98,-31.319,0.028,-297.939,-35.493,0.012,0.266,0.000,1.000,0.000,0.053,-0.213,35.493,9.596,0.103,0.049,270.339,359.639,0.652,174.563,"Curva 7.",44.06
316.00,-32.030,0.028,-297.932,-35.513,-0.029,0.309,0.000,1.000,0.000,0.111,-0.243,35.513,2.104,-2.067,1.026,270.314,359.656,0.816,175.258,"Curva 7.",44.08
316.02,-32.740,0.028,-297.943,-35.512,0.034,0.079,0.000,1.000,0.000,-0.127,-0.196,35.511,-11.541,2.919,-0.115,270.340,359.632,358.784,175.958,"Curva 7.",44.10
316.04,-33.451,0.028,-297.933,-35.533,-0.029,0.169,0.000,1.000,0.000,-0.039,-0.246,35.533,4.489,-3.150,1.089,270.336,359.649,359.925,176.653,"Curva 7.",44.12
316.06,-34.161,0.028,-297.918,-35.535,0.005,0.290,0.000,1.000,0.000,0.123,-0.218,35.536,6.084,1.571,0.131,270.261,359.645,1.210,177.348,"Curva 7.",44.14
316.08,-34.872,0.028,-297.928,-35.535,0.014,0.086,0.000,1.000,0.000,-0.062,-0.211,35.535,-10.212,0.326,-0.048,270.242,359.638,359.289,178.049,"Curva 7.",44.16
316.10,-35.583,0.028,-297.928,-35.557,-0.031,0.048,0.000,1.000,0.000,-0.115,-0.245,35.556,-1.858,-2.321,1.062,270.269,359.658,359.211,178.747,"Curva 7.",44.18
316.12,-36.294,0.028,-297.909,-35.553,0.035,0.280,0.000,1.000,0.000,0.123,-0.195,35.554,11.662,3.078,-0.110,270.246,359.633,1.259,179.442,"Curva 7.",44.20
316.14,-37.006,0.028,-297.913,-35.574,-0.027,0.183,0.000,1.000,0.000,0.026,-0.246,35.573,-4.847,-3.136,0.994,270.254,359.648,0.030,180.142,"Curva 7.",44.22
316.16,-37.717,0.028,-297.921,-35.577,0.003,0.070,0.000,1.000,0.000,-0.129,-0.219,35.576,-5.703,1.400,0.133,270.328,359.646,358.786,180.842,"Curva 7.",44.24
316.18,-38.429,0.028,-297.902,-35.572,0.017,0.288,0.000,1.000,0.000,0.072,-0.208,35.573,10.900,0.560,-0.166,270.343,359.638,0.776,181.538,"Curva 7.",44.26
316.20,-39.140,0.027,-297.896,-35.594,-0.034,0.315,0.000,1.000,0.000,0.119,-0.247,35.594,1.326,-2.605,1.080,270.311,359.660,0.749,182.237,"Curva 7.",44.28
316.22,-39.852,0.028,-297.908,-35.593,0.036,0.080,0.000,1.000,0.000,-0.119,-0.195,35.592,-11.816,3.225,-0.107,270.327,359.634,358.695,182.939,"Curva 7.",44.30
316.24,-40.565,0.028,-297.895,-35.611,-0.025,0.186,0.000,1.000,0.000,-0.010,-0.244,35.610,5.304,-3.033,0.897,270.315,359.648,0.031,183.637,"Curva 7.",44.32
316.26,-41.277,0.028,-297.881,-35.613,0.000,0.292,0.000,1.000,0.000,0.135,-0.222,35.613,5.308,1.148,0.156,270.244,359.648,1.216,184.334,"Curva 7.",44.34
316.28,-41.989,0.028,-297.893,-35.608,0.021,0.059,0.000,1.000,0.000,-0.085,-0.205,35.607,-11.667,0.871,-0.291,270.237,359.638,359.146,185.037,"Curva 7.",44.36
316.30,-42.701,0.027,-297.891,-35.631,-0.038,0.055,0.000,1.000,0.000,-0.114,-0.249,35.630,-0.156,-2.945,1.109,270.277,359.662,359.328,185.737,"Curva 7.",44.38
316.32,-43.414,0.028,-297.873,-35.627,0.034,0.290,0.000,1.000,0.000,0.117,-0.195,35.628,11.821,3.302,-0.100,270.270,359.636,1.347,186.435,"Curva 7.",44.40
316.34,-44.127,0.027,-297.879,-35.643,-0.020,0.169,0.000,1.000,0.000,-0.010,-0.240,35.643,-6.036,-2.704,0.769,270.288,359.647,359.871,187.138,"Curva 7.",44.42
316.36,-44.840,0.027,-297.885,-35.649,-0.004,0.074,0.000,1.000,0.000,-0.140,-0.225,35.648,-4.767,0.670,0.237,270.352,359.650,358.803,187.840,"Curva 7.",44.44
316.38,-45.553,0.028,-297.864,-35.639,0.027,0.323,0.000,1.000,0.000,0.103,-0.201,35.640,12.474,1.346,-0.406,270.349,359.636,0.958,188.538,"Curva 7.",44.46
316.40,-46.266,0.027,-297.861,-35.663,-0.041,0.293,0.000,1.000,0.000,0.088,-0.252,35.663,-1.549,-3.360,1.176,270.325,359.663,0.550,189.239,"Curva 7.",44.48
316.42,-46.979,0.028,-297.872,-35.663,0.030,0.078,0.000,1.000,0.000,-0.126,-0.198,35.662,-10.831,3.256,-0.038,270.334,359.640,358.647,189.944,"Curva 7.",44.50
316.44,-47.693,0.027,-297.857,-35.674,-0.010,0.213,0.000,1.000,0.000,0.009,-0.232,35.674,6.769,-2.031,0.566,270.326,359.644,0.252,190.643,"Curva 7.",44.52
316.46,-48.406,0.027,-297.845,-35.681,-0.009,0.302,0.000,1.000,0.000,0.124,-0.230,35.682,4.423,-0.015,0.398,270.279,359.650,1.149,191.344,"Curva 7.",44.54
316.48,-49.120,0.028,-297.858,-35.675,0.033,0.057,0.000,1.000,0.000,-0.125,-0.199,35.674,-12.304,1.858,-0.386,270.297,359.632,358.970,192.049,"Curva 7.",44.56
316.50,-49.834,0.027,-297.852,-35.700,-0.040,0.113,0.000,1.000,0.000,-0.075,-0.254,35.699,2.842,-3.622,1.271,270.305,359.658,359.564,192.751,"Curva 7.",44.58
316.52,-50.548,0.028,-297.834,-35.700,0.024,0.308,0.000,1.000,0.000,0.139,-0.204,35.700,9.820,2.965,0.040,270.263,359.640,1.334,193.451,"Curva 7.",44.60
316.54,-51.262,0.028,-297.842,-35.708,-0.004,0.148,0.000,1.000,0.000,-0.011,-0.227,35.708,-7.973,-1.459,0.381,270.258,359.642,359.619,194.156,"Curva 7.",44.62
316.56,-51.976,0.027,-297.845,-35.719,-0.017,0.067,0.000,1.000,0.000,-0.116,-0.236,35.718,-4.061,-0.711,0.539,270.301,359.653,358.919,194.860,"Curva 7.",44.64
316.58,-52.691,0.028,-297.825,-35.711,0.035,0.308,0.000,1.000,0.000,0.131,-0.197,35.712,12.116,2.389,-0.320,270.279,359.631,1.101,195.560,"Curva 7.",44.66
316.60,-53.405,0.027,-297.825,-35.738,-0.039,0.243,0.000,1.000,0.000,0.071,-0.254,35.738,-3.273,-3.686,1.277,270.275,359.655,0.348,196.265,"Curva 7.",44.68
316.62,-54.120,0.028,-297.835,-35.740,0.020,0.067,0.000,1.000,0.000,-0.138,-0.208,35.739,-8.900,2.739,0.054,270.336,359.639,358.677,196.971,"Curva 7.",44.70
316.64,-54.835,0.028,-297.819,-35.742,0.001,0.242,0.000,1.000,0.000,0.020,-0.224,35.742,8.740,-1.027,0.176,270.352,359.639,0.475,197.673,"Curva 7.",44.72
316.66,-55.550,0.027,-297.809,-35.753,-0.022,0.316,0.000,1.000,0.000,0.114,-0.240,35.754,3.693,-1.228,0.583,270.317,359.654,1.029,198.376,"Curva 7.",44.74
316.68,-56.265,0.028,-297.821,-35.748,0.037,0.074,0.000,1.000,0.000,-0.137,-0.196,35.747,-12.147,2.707,-0.327,270.345,359.631,358.840,199.083,"Curva 7.",44.76
316.70,-56.980,0.027,-297.813,-35.772,-0.038,0.143,0.000,1.000,0.000,-0.078,-0.254,35.772,3.435,-3.733,1.217,270.355,359.654,359.712,199.787,"Curva 7.",44.78
316.72,-57.696,0.028,-297.796,-35.771,0.017,0.308,0.000,1.000,0.000,0.124,-0.210,35.772,8.350,2.567,0.014,270.287,359.640,1.327,200.489,"Curva 7.",44.80
316.74,-58.411,0.028,-297.805,-35.773,0.005,0.128,0.000,1.000,0.000,-0.034,-0.221,35.772,-8.997,-0.730,0.019,270.264,359.639,359.469,201.196,"Curva 7.",44.82
316.76,-59.127,0.027,-297.807,-35.785,-0.025,0.063,0.000,1.000,0.000,-0.114,-0.242,35.784,-3.225,-1.530,0.580,270.290,359.655,359.006,201.902,"Curva 7.",44.84
316.78,-59.843,0.028,-297.786,-35.775,0.038,0.309,0.000,1.000,0.000,0.143,-0.195,35.776,12.347,2.884,-0.399,270.259,359.632,1.204,202.605,"Curva 7.",44.86
316.80,-60.558,0.027,-297.788,-35.799,-0.037,0.236,0.000,1.000,0.000,0.079,-0.254,35.799,-3.694,-3.744,1.159,270.249,359.654,0.242,203.311,"Curva 7.",44.88
316.82,-61.275,0.027,-297.797,-35.798,0.015,0.077,0.000,1.000,0.000,-0.118,-0.211,35.797,-7.968,2.433,-0.095,270.320,359.642,358.669,204.019,"Curva 7.",44.90
316.84,-61.990,0.027,-297.780,-35.796,0.008,0.264,0.000,1.000,0.000,0.046,-0.219,35.797,9.339,-0.479,-0.035,270.346,359.639,0.581,204.722,"Curva 7.",44.92
316.86,-62.707,0.027,-297.770,-35.809,-0.027,0.323,0.000,1.000,0.000,0.117,-0.244,35.810,2.885,-1.786,0.657,270.323,359.656,0.968,205.428,"Curva 7.",44.94
316.88,-63.423,0.028,-297.783,-35.802,0.039,0.072,0.000,1.000,0.000,-0.146,-0.195,35.801,-12.579,3.037,-0.412,270.355,359.631,358.755,206.136,"Curva 7.",44.96
316.90,-64.139,0.027,-297.774,-35.824,-0.037,0.152,0.000,1.000,0.000,-0.075,-0.254,35.823,3.979,-3.776,1.085,270.364,359.653,359.801,206.842,"Curva 7.",44.98
316.92,-64.856,0.027,-297.757,-35.820,0.013,0.303,0.000,1.000,0.000,0.116,-0.213,35.820,7.602,2.306,-0.154,270.291,359.644,1.337,207.546,"Curva 7.",45.00
316.94,-65.572,0.027,-297.768,-35.819,0.010,0.107,0.000,1.000,0.000,-0.056,-0.216,35.819,-9.776,-0.249,-0.060,270.265,359.639,359.368,208.255,"Curva 7.",45.02
316.96,-66.289,0.027,-297.769,-35.835,-0.030,0.055,0.000,1.000,0.000,-0.121,-0.246,35.834,-2.575,-2.041,0.740,270.288,359.657,359.057,208.963,"Curva 7.",45.04
316.98,-67.005,0.028,-297.748,-35.825,0.040,0.310,0.000,1.000,0.000,0.146,-0.194,35.825,12.845,3.203,-0.422,270.256,359.631,1.290,209.667,"Curva 7.",45.06
317.00,-67.722,0.027,-297.751,-35.846,-0.036,0.225,0.000,1.000,0.000,0.067,-0.254,35.846,-4.304,-3.803,1.024,270.251,359.653,0.156,210.375,"Curva 7.",45.08
317.02,-68.439,0.027,-297.759,-35.843,0.011,0.084,0.000,1.000,0.000,-0.115,-0.214,35.842,-7.103,2.179,-0.191,270.326,359.645,358.662,211.084,"Curva 7.",45.10
317.04,-69.156,0.027,-297.741,-35.839,0.013,0.290,0.000,1.000,0.000,0.067,-0.214,35.840,10.306,-0.001,-0.097,270.352,359.639,0.687,211.789,"Curva 7.",45.12
317.06,-69.873,0.027,-297.732,-35.856,-0.032,0.334,0.000,1.000,0.000,0.123,-0.248,35.856,2.156,-2.301,0.805,270.331,359.659,0.909,212.496,"Curva 7.",45.14
317.08,-70.590,0.028,-297.745,-35.848,0.041,0.074,0.000,1.000,0.000,-0.148,-0.193,35.848,-13.040,3.352,-0.416,270.362,359.631,358.668,213.206,"Curva 7.",45.16
317.10,-71.307,0.027,-297.734,-35.867,-0.034,0.169,0.000,1.000,0.000,-0.058,-0.253,35.867,4.757,-3.771,0.940,270.364,359.652,359.899,213.913,"Curva 7.",45.18
317.12,-72.024,0.027,-297.718,-35.862,0.008,0.303,0.000,1.000,0.000,0.120,-0.216,35.862,6.732,1.959,-0.218,270.285,359.647,1.339,214.619,"Curva 7.",45.20
317.14,-72.742,0.027,-297.730,-35.860,0.017,0.085,0.000,1.000,0.000,-0.074,-0.211,35.859,-10.923,0.295,-0.142,270.258,359.639,359.246,215.330,"Curva 7.",45.22
317.16,-73.459,0.027,-297.730,-35.874,-0.035,0.047,0.000,1.000,0.000,-0.126,-0.249,35.873,-1.874,-2.631,0.698,270.282,359.662,359.123,216.038,"Curva 7.",45.24
317.18,-74.176,0.028,-297.709,-35.865,0.042,0.307,0.000,1.000,0.000,0.142,-0.192,35.866,13.126,3.553,-0.378,270.257,359.633,1.380,216.744,"Curva 7.",45.26
317.20,-74.894,0.027,-297.713,-35.883,-0.033,0.204,0.000,1.000,0.000,0.041,-0.251,35.883,-5.147,-3.743,0.842,270.261,359.652,0.049,217.454,"Curva 7.",45.28
317.22,-75.612,0.027,-297.721,-35.880,0.005,0.080,0.000,1.000,0.000,-0.127,-0.218,35.879,-6.251,1.754,-0.155,270.339,359.649,358.659,218.164,"Curva 7.",45.30
317.24,-76.329,0.027,-297.701,-35.875,0.020,0.316,0.000,1.000,0.000,0.088,-0.208,35.876,11.772,0.576,-0.188,270.358,359.638,0.830,218.870,"Curva 7.",45.32
317.26,-77.047,0.027,-297.694,-35.892,-0.039,0.341,0.000,1.000,0.000,0.133,-0.253,35.892,1.243,-2.991,0.842,270.327,359.663,0.827,219.579,"Curva 7.",45.34
317.28,-77.765,0.027,-297.707,-35.886,0.042,0.076,0.000,1.000,0.000,-0.135,-0.191,35.885,-13.362,3.734,-0.352,270.345,359.633,358.564,220.290,"Curva 7.",45.36
317.30,-78.483,0.027,-297.694,-35.900,-0.030,0.190,0.000,1.000,0.000,-0.021,-0.249,35.900,5.686,-3.617,0.710,270.337,359.651,0.025,220.998,"Curva 7.",45.38
317.32,-79.200,0.027,-297.679,-35.898,0.001,0.304,0.000,1.000,0.000,0.133,-0.221,35.898,5.743,1.430,-0.063,270.265,359.651,1.343,221.705,"Curva 7.",45.40
317.34,-79.919,0.027,-297.692,-35.893,0.025,0.049,0.000,1.000,0.000,-0.109,-0.204,35.892,-12.758,0.989,-0.292,270.257,359.638,359.072,222.417,"Curva 7.",45.42
317.36,-80.637,0.027,-297.690,-35.912,-0.044,0.054,0.000,1.000,0.000,-0.131,-0.255,35.911,0.269,-3.443,0.945,270.300,359.666,359.271,223.127,"Curva 7.",45.44
317.38,-81.355,0.027,-297.670,-35.904,0.040,0.321,0.000,1.000,0.000,0.130,-0.192,35.904,13.466,3.836,-0.349,270.297,359.637,1.493,223.834,"Curva 7.",45.46
317.40,-82.073,0.027,-297.677,-35.915,-0.023,0.187,0.000,1.000,0.000,-0.010,-0.242,35.915,-6.676,-3.165,0.527,270.315,359.650,359.847,224.546,"Curva 7.",45.48
317.42,-82.791,0.027,-297.683,-35.917,-0.006,0.089,0.000,1.000,0.000,-0.144,-0.225,35.916,-4.934,0.759,0.048,270.380,359.655,358.685,225.257,"Curva 7.",45.50
317.44,-83.509,0.027,-297.660,-35.904,0.033,0.368,0.000,1.000,0.000,0.132,-0.197,35.905,14.001,1.661,-0.517,270.372,359.637,1.071,225.964,"Curva 7.",45.52
317.46,-84.228,0.027,-297.657,-35.926,-0.049,0.319,0.000,1.000,0.000,0.101,-0.257,35.926,-2.488,-4.047,1.027,270.345,359.669,0.564,226.674,"Curva 7.",45.54
317.48,-84.946,0.027,-297.668,-35.922,0.033,0.087,0.000,1.000,0.000,-0.131,-0.194,35.921,-11.701,3.797,-0.247,270.357,359.643,358.515,227.387,"Curva 7.",45.56
317.50,-85.665,0.027,-297.652,-35.926,-0.008,0.242,0.000,1.000,0.000,0.018,-0.230,35.926,7.694,-2.135,0.240,270.354,359.647,0.316,228.095,"Curva 7.",45.58
317.52,-86.383,0.027,-297.639,-35.930,-0.011,0.327,0.000,1.000,0.000,0.128,-0.230,35.930,4.258,-0.222,0.231,270.310,359.655,1.228,228.804,"Curva 7.",45.60
317.54,-87.102,0.027,-297.654,-35.920,0.041,0.054,0.000,1.000,0.000,-0.150,-0.193,35.919,-13.690,2.335,-0.571,270.332,359.632,358.843,229.517,"Curva 7.",45.62
317.56,-87.821,0.027,-297.646,-35.943,-0.046,0.129,0.000,1.000,0.000,-0.082,-0.259,35.942,3.762,-4.320,1.162,270.339,359.662,359.583,230.227,"Curva 7.",45.64
317.58,-88.540,0.027,-297.628,-35.939,0.025,0.328,0.000,1.000,0.000,0.146,-0.203,35.940,10.073,3.294,-0.111,270.283,359.643,1.440,230.936,"Curva 7.",45.66
317.60,-89.258,0.027,-297.637,-35.942,-0.001,0.145,0.000,1.000,0.000,-0.020,-0.225,35.941,-9.147,-1.372,0.077,270.266,359.643,359.528,231.649,"Curva 7.",45.68
317.62,-89.977,0.027,-297.640,-35.951,-0.022,0.066,0.000,1.000,0.000,-0.117,-0.239,35.950,-3.930,-1.153,0.423,270.300,359.658,358.867,232.361,"Curva 7.",45.70
317.64,-90.696,0.027,-297.618,-35.940,0.043,0.328,0.000,1.000,0.000,0.152,-0.192,35.940,13.178,2.969,-0.478,270.275,359.631,1.229,233.069,"Curva 7.",45.72
317.66,-91.415,0.027,-297.619,-35.965,-0.043,0.255,0.000,1.000,0.000,0.087,-0.259,35.964,-3.720,-4.274,1.202,270.265,359.657,0.333,233.781,"Curva 7.",45.74
317.68,-92.135,0.027,-297.629,-35.964,0.022,0.078,0.000,1.000,0.000,-0.127,-0.208,35.963,-8.907,3.024,-0.084,270.335,359.640,358.580,234.495,"Curva 7.",45.76
317.70,-92.854,0.027,-297.611,-35.961,0.005,0.268,0.000,1.000,0.000,0.038,-0.222,35.961,9.480,-0.947,-0.090,270.363,359.639,0.543,235.204,"Curva 7.",45.78
317.72,-93.573,0.027,-297.601,-35.970,-0.026,0.335,0.000,1.000,0.000,0.119,-0.243,35.971,3.347,-1.587,0.497,270.337,359.657,1.069,235.915,"Curva 7.",45.80
317.74,-94.293,0.027,-297.615,-35.961,0.043,0.072,0.000,1.000,0.000,-0.155,-0.192,35.960,-13.235,3.131,-0.520,270.369,359.631,358.731,236.629,"Curva 7.",45.82
317.76,-95.012,0.027,-297.605,-35.983,-0.042,0.149,0.000,1.000,0.000,-0.090,-0.258,35.983,3.843,-4.200,1.114,270.382,359.657,359.728,237.340,"Curva 7.",45.84
317.78,-95.732,0.027,-297.588,-35.980,0.018,0.314,0.000,1.000,0.000,0.115,-0.210,35.981,8.357,2.775,-0.107,270.310,359.642,1.410,238.050,"Curva 7.",45.86
317.80,-96.451,0.027,-297.598,-35.977,0.008,0.121,0.000,1.000,0.000,-0.052,-0.220,35.977,-9.679,-0.612,-0.192,270.280,359.639,359.407,238.764,"Curva 7.",45.88
317.82,-97.171,0.027,-297.600,-35.988,-0.028,0.062,0.000,1.000,0.000,-0.122,-0.246,35.988,-2.899,-1.860,0.537,270.300,359.657,358.974,239.477,"Curva 7.",45.90
317.84,-97.891,0.027,-297.578,-35.976,0.043,0.328,0.000,1.000,0.000,0.157,-0.193,35.976,13.375,3.262,-0.552,270.266,359.630,1.304,240.187,"Curva 7.",45.92
317.86,-98.611,0.027,-297.580,-35.997,-0.040,0.247,0.000,1.000,0.000,0.086,-0.257,35.997,-4.090,-4.144,1.027,270.255,359.655,0.221,240.900,"Curva 7.",45.94
317.88,-99.331,0.027,-297.589,-35.994,0.015,0.090,0.000,1.000,0.000,-0.112,-0.211,35.993,-7.916,2.581,-0.204,270.329,359.644,358.596,241.615,"Curva 7.",45.96
317.90,-100.050,0.027,-297.570,-35.989,0.011,0.291,0.000,1.000,0.000,0.063,-0.217,35.989,10.070,-0.333,-0.195,270.360,359.639,0.646,242.325,"Curva 7.",45.98
317.92,-100.770,0.027,-297.561,-36.001,-0.031,0.344,0.000,1.000,0.000,0.126,-0.248,36.002,2.622,-2.133,0.637,270.341,359.658,0.994,243.037,"Curva 7.",46.00
317.94,-101.490,0.027,-297.575,-35.991,0.044,0.075,0.000,1.000,0.000,-0.156,-0.193,35.991,-13.551,3.407,-0.557,270.375,359.630,358.656,243.752,"Curva 7.",46.02
317.96,-102.210,0.027,-297.564,-36.010,-0.039,0.163,0.000,1.000,0.000,-0.076,-0.257,36.010,4.430,-4.143,0.945,270.383,359.654,359.827,244.464,"Curva 7.",46.04
317.98,-102.930,0.027,-297.547,-36.004,0.012,0.310,0.000,1.000,0.000,0.112,-0.213,36.004,7.391,2.409,-0.255,270.306,359.646,1.399,245.175,"Curva 7.",46.06
318.00,-103.651,0.027,-297.558,-36.002,0.014,0.097,0.000,1.000,0.000,-0.075,-0.214,36.001,-10.646,-0.056,-0.158,270.278,359.638,359.296,245.890,"Curva 7.",46.08
318.02,-104.371,0.027,-297.559,-36.017,-0.034,0.052,0.000,1.000,0.000,-0.131,-0.250,36.016,-2.218,-2.417,0.723,270.298,359.659,359.045,246.604,"Curva 7.",46.10
318.04,-105.091,0.027,-297.537,-36.004,0.044,0.326,0.000,1.000,0.000,0.155,-0.192,36.005,13.785,3.571,-0.543,270.265,359.630,1.390,247.315,"Curva 7.",46.12
318.06,-105.811,0.027,-297.541,-36.022,-0.038,0.230,0.000,1.000,0.000,0.065,-0.256,36.022,-4.800,-4.099,0.855,270.261,359.653,0.118,248.029,"Curva 7.",46.14
318.08,-106.532,0.027,-297.549,-36.016,0.009,0.092,0.000,1.000,0.000,-0.116,-0.215,36.016,-6.969,2.187,-0.318,270.339,359.648,358.599,248.744,"Curva 7.",46.16
318.10,-107.252,0.027,-297.529,-36.012,0.017,0.319,0.000,1.000,0.000,0.088,-0.211,36.012,11.357,0.252,-0.165,270.363,359.639,0.776,249.456,"Curva 7.",46.18
318.12,-107.972,0.027,-297.521,-36.023,-0.038,0.355,0.000,1.000,0.000,0.139,-0.252,36.024,1.783,-2.782,0.586,270.338,359.663,0.915,250.168,"Curva 7.",46.20
318.14,-108.693,0.027,-297.535,-36.014,0.045,0.076,0.000,1.000,0.000,-0.149,-0.190,36.014,-14.054,3.781,-0.509,270.365,359.632,358.553,250.884,"Curva 7.",46.22
318.16,-109.413,0.027,-297.522,-36.029,-0.036,0.180,0.000,1.000,0.000,-0.049,-0.253,36.028,5.179,-4.053,0.713,270.365,359.654,359.942,251.597,"Curva 7.",46.24
318.18,-110.134,0.027,-297.506,-36.022,0.006,0.309,0.000,1.000,0.000,0.122,-0.217,36.023,6.520,1.950,-0.278,270.289,359.651,1.410,252.309,"Curva 7.",46.26
318.20,-110.854,0.027,-297.519,-36.019,0.022,0.063,0.000,1.000,0.000,-0.104,-0.208,36.018,-12.297,0.590,-0.207,270.272,359.638,359.137,253.025,"Curva 7.",46.28
318.22,-111.575,0.027,-297.519,-36.033,-0.043,0.043,0.000,1.000,0.000,-0.144,-0.255,36.032,-0.986,-3.227,0.672,270.304,359.665,359.140,253.739,"Curva 7.",46.30
318.24,-112.295,0.027,-297.497,-36.021,0.045,0.327,0.000,1.000,0.000,0.143,-0.189,36.022,14.334,4.012,-0.486,270.285,359.634,1.514,254.451,"Curva 7.",46.32
318.26,-113.016,0.027,-297.503,-36.033,-0.033,0.210,0.000,1.000,0.000,0.027,-0.250,36.033,-5.872,-3.908,0.551,270.290,359.654,359.971,255.166,"Curva 7.",46.34
318.28,-113.736,0.027,-297.510,-36.030,0.001,0.093,0.000,1.000,0.000,-0.129,-0.219,36.030,-5.902,1.560,-0.166,270.360,359.654,358.589,255.882,"Curva 7.",46.36
318.30,-114.457,0.027,-297.488,-36.023,0.028,0.361,0.000,1.000,0.000,0.128,-0.202,36.024,13.456,1.097,-0.301,270.366,359.638,0.978,256.593,"Curva 7.",46.38
318.32,-115.178,0.026,-297.482,-36.040,-0.048,0.347,0.000,1.000,0.000,0.142,-0.258,36.040,-0.763,-3.780,0.839,270.320,359.668,0.746,257.307,"Curva 7.",46.40
318.34,-115.898,0.027,-297.495,-36.032,0.043,0.062,0.000,1.000,0.000,-0.135,-0.189,36.031,-14.383,4.133,-0.467,270.321,359.638,358.422,258.024,"Curva 7.",46.42
318.36,-116.619,0.027,-297.480,-36.038,-0.024,0.202,0.000,1.000,0.000,0.012,-0.243,36.038,7.022,-3.351,0.355,270.302,359.652,0.178,258.737,"Curva 7.",46.44
318.38,-117.340,0.027,-297.466,-36.038,-0.007,0.300,0.000,1.000,0.000,0.144,-0.225,36.038,4.897,0.738,-0.014,270.240,359.658,1.375,259.450,"Curva 7.",46.46
318.40,-118.060,0.027,-297.482,-36.028,0.037,0.002,0.000,1.000,0.000,-0.154,-0.194,36.027,-14.916,1.898,-0.515,270.256,359.638,358.856,260.166,"Curva 7.",46.48
318.42,-118.781,0.026,-297.477,-36.047,-0.054,0.068,0.000,1.000,0.000,-0.110,-0.261,36.046,3.298,-4.496,0.944,270.286,359.672,359.447,260.881,"Curva 7.",46.50
318.44,-119.502,0.027,-297.457,-36.039,0.034,0.306,0.000,1.000,0.000,0.130,-0.192,36.039,12.035,4.065,-0.341,270.271,359.646,1.555,261.593,"Curva 7.",46.52
318.46,-120.223,0.027,-297.467,-36.041,-0.006,0.141,0.000,1.000,0.000,-0.027,-0.227,36.040,-8.234,-2.064,0.035,270.269,359.649,359.635,262.310,"Curva 7.",46.54
318.48,-120.944,0.027,-297.472,-36.045,-0.013,0.060,0.000,1.000,0.000,-0.128,-0.231,36.044,-4.032,-0.432,0.197,270.308,359.658,358.741,263.025,"Curva 7.",46.56
318.50,-121.665,0.027,-297.449,-36.031,0.047,0.350,0.000,1.000,0.000,0.171,-0.189,36.032,14.528,2.658,-0.600,270.278,359.631,1.238,263.738,"Curva 7.",46.58
318.52,-122.385,0.026,-297.448,-36.054,-0.049,0.269,0.000,1.000,0.000,0.102,-0.261,36.054,-4.082,-4.745,1.114,270.262,359.663,0.405,264.453,"Curva 7.",46.60
318.54,-123.107,0.027,-297.460,-36.052,0.026,0.066,0.000,1.000,0.000,-0.131,-0.202,36.051,-10.239,3.467,-0.180,270.321,359.644,358.492,265.170,"Curva 7.",46.62
318.56,-123.828,0.027,-297.442,-36.048,0.001,0.253,0.000,1.000,0.000,0.034,-0.223,36.049,9.333,-1.328,-0.104,270.345,359.644,0.507,265.883,"Curva 7.",46.64
318.58,-124.549,0.027,-297.431,-36.055,-0.025,0.325,0.109,1.000,0.000,0.120,-0.241,36.055,3.570,-1.351,0.332,270.317,359.661,1.160,266.597,"Curva 7.",46.66
318.60,-125.270,0.027,-297.446,-36.043,0.046,0.047,0.109,1.000,0.000,-0.167,-0.189,36.043,-13.941,3.215,-0.632,270.347,359.632,358.704,267.314,"Curva 7.",46.68
318.62,-125.991,0.027,-297.438,-36.065,-0.046,0.126,0.109,1.000,0.000,-0.100,-0.261,36.064,3.936,-4.580,1.083,270.361,359.660,359.673,268.029,"Curva 7.",46.70
318.64,-126.712,0.027,-297.419,-36.061,0.022,0.302,0.216,1.000,0.000,0.115,-0.206,36.062,8.935,3.196,-0.122,270.289,359.642,1.473,268.743,"Curva 7.",46.72
318.66,-127.433,0.027,-297.429,-36.059,0.007,0.126,0.216,1.000,0.000,-0.046,-0.221,36.058,-8.801,-0.874,-0.170,270.277,359.640,359.472,269.460,"Curva 7.",46.74
318.68,-128.155,0.027,-297.432,-36.069,-0.023,0.081,0.322,1.000,0.000,-0.124,-0.242,36.069,-2.259,-1.520,0.504,270.333,359.656,358.940,270.176,"Curva 7.",46.76
318.70,-128.876,0.027,-297.408,-36.054,0.054,0.411,0.429,1.000,0.000,0.173,-0.191,36.055,16.615,3.436,-0.653,270.371,359.617,1.415,270.889,"Curva 7.",46.78
318.72,-129.597,0.027,-297.408,-36.077,-0.018,0.394,0.545,1.000,0.000,0.094,-0.263,36.078,-0.864,-3.591,1.115,270.475,359.612,0.368,271.605,"Curva 7.",46.80
318.74,-130.319,0.028,-297.415,-36.073,0.076,0.291,0.545,1.000,0.000,-0.131,-0.213,36.073,-5.278,4.571,-0.220,270.679,359.547,358.565,6.697,"Curva 8.",46.82
318.76,-131.041,0.029,-297.389,-36.058,0.066,0.661,0.642,1.000,0.000,0.092,-0.254,36.063,18.480,-0.809,-0.457,270.898,359.495,0.889,6.745,"Curva 8.",46.84
318.78,-131.762,0.029,-297.370,-36.051,0.017,0.928,0.642,1.000,0.000,0.177,-0.298,36.061,13.305,-2.747,-0.089,271.182,359.507,1.413,6.875,"Curva 8.",46.86
318.80,-132.483,0.032,-297.372,-36.040,0.164,0.882,0.642,1.000,0.000,-0.111,-0.176,36.051,-2.428,7.273,-0.522,271.585,359.464,358.823,7.095,"Curva 8.",46.88
318.82,-133.203,0.034,-297.345,-36.017,0.067,1.195,0.651,1.000,0.000,-0.044,-0.233,36.036,15.691,-4.807,-0.662,271.971,359.523,359.896,7.354,"Curva 8.",46.90
318.84,-133.922,0.036,-297.301,-35.991,0.103,1.682,0.651,1.000,0.000,0.234,-0.194,36.029,24.440,1.006,-0.327,272.294,359.540,1.944,7.658,"Curva 8.",46.92
318.86,-134.644,0.039,-297.281,-35.996,0.211,1.718,0.642,1.000,0.000,0.026,-0.161,36.037,1.797,5.385,0.395,272.692,359.409,0.096,8.035,"Curva 8.",46.94
318.88,-135.365,0.042,-297.256,-35.995,0.174,1.843,0.651,1.000,0.000,-0.124,-0.235,36.042,6.252,-1.725,0.286,273.136,359.354,358.874,8.453,"Curva 8.",46.96
318.90,-136.083,0.044,-297.195,-35.962,0.087,2.407,0.642,1.000,0.000,0.228,-0.309,36.040,28.143,-5.031,-0.033,273.455,359.379,1.339,8.883,"Curva 8.",46.98
318.92,-136.801,0.045,-297.149,-35.900,0.026,2.490,0.642,1.000,0.000,0.148,-0.347,35.985,4.271,-3.085,-2.816,273.721,359.411,1.138,9.359,"Curva 8.",47.00
318.94,-137.521,0.048,-297.120,-35.917,0.134,2.440,0.642,1.000,0.000,-0.104,-0.262,35.999,-2.687,5.308,0.704,274.063,359.374,358.418,9.876,"Curva 8.",47.02
318.96,-138.238,0.049,-297.060,-35.872,0.070,2.836,0.622,1.000,0.000,0.065,-0.338,35.982,19.924,-3.020,-0.767,274.421,359.349,359.493,10.397,"Curva 8.",47.04
318.98,-138.953,0.050,-296.987,-35.806,0.065,3.075,0.555,1.000,0.000,0.161,-0.329,35.936,12.195,-0.559,-2.311,274.639,359.379,1.581,10.932,"Curva 8.",47.06
319.00,-139.671,0.052,-296.936,-35.826,0.100,3.092,0.535,1.000,0.000,-0.040,-0.318,35.958,0.783,1.706,1.082,274.994,359.334,0.358,11.501,"Curva 8.",47.08
319.02,-140.386,0.055,-296.887,-35.711,0.131,3.119,0.526,1.000,0.000,-0.165,-0.281,35.846,1.805,1.691,-5.554,275.266,359.349,358.575,12.084,"Curva 8.",47.10
319.04,-141.099,0.056,-296.802,-35.688,0.060,3.626,0.564,1.000,0.000,0.209,-0.324,35.869,25.305,-3.962,1.193,275.461,359.393,0.874,12.662,"Curva 8.",47.12
319.06,-141.811,0.056,-296.727,-35.639,-0.020,3.804,0.564,1.000,0.000,0.265,-0.358,35.839,9.034,-4.112,-1.550,275.661,359.466,0.966,13.258,"Curva 8.",47.14
319.08,-142.527,0.059,-296.672,-35.663,0.165,3.708,0.613,1.000,0.000,-0.009,-0.209,35.855,-5.168,9.104,0.783,275.961,359.402,358.400,13.876,"Curva 8.",47.16
319.10,-143.239,0.062,-296.585,-35.638,0.138,4.023,0.613,1.000,0.000,0.061,-0.246,35.863,15.785,-1.352,0.455,276.344,359.386,359.912,14.489,"Curva 8.",47.18
319.12,-143.950,0.066,-296.488,-35.603,0.215,4.442,0.613,1.000,0.000,0.194,-0.201,35.878,21.100,3.192,0.782,276.792,359.346,1.714,15.106,"Curva 8.",47.20
319.14,-144.666,0.072,-296.418,-35.617,0.380,4.422,0.613,1.000,0.000,-0.117,-0.131,35.892,-1.161,8.256,0.713,277.265,359.186,359.512,15.744,"Curva 8.",47.22
319.16,-145.379,0.078,-296.332,-35.602,0.316,4.626,0.555,1.000,0.000,-0.165,-0.218,35.901,10.295,-3.040,0.543,277.673,359.153,358.932,16.381,"Curva 8.",47.24
319.18,-146.088,0.083,-296.216,-35.544,0.273,5.195,0.555,1.000,0.000,0.266,-0.259,35.921,28.510,-2.781,1.028,277.882,359.162,1.228,17.012,"Curva 8.",47.26
319.20,-146.799,0.088,-296.118,-35.492,0.262,5.246,0.371,1.000,0.000,0.169,-0.294,35.877,2.898,-0.524,-2.256,278.134,359.114,0.466,17.657,"Curva 8.",47.28
319.22,-147.513,0.094,-296.031,-35.505,0.327,5.209,0.371,1.000,0.000,-0.069,-0.293,35.886,-2.006,3.196,0.461,278.473,359.014,358.111,18.312,"Curva 8.",47.30
319.24,-148.221,0.098,-295.912,-35.449,0.269,5.612,0.148,1.000,0.000,0.123,-0.417,35.889,20.321,-2.746,0.256,278.803,358.903,359.571,18.960,"Curva 8.",47.32
319.26,-148.928,0.103,-295.792,-35.366,0.239,5.729,0.148,1.000,0.000,0.128,-0.437,35.825,6.449,-1.569,-3.223,278.987,358.923,0.782,19.609,"Curva 8.",47.34
319.28,-149.638,0.109,-295.693,-35.429,0.272,5.653,0.138,1.000,0.000,-0.099,-0.369,35.876,-4.320,1.518,2.534,279.235,358.981,358.846,20.272,"Curva 8.",47.36
319.30,-150.344,0.116,-295.580,-35.324,0.250,5.740,0.138,1.000,0.000,-0.058,-0.288,35.787,5.169,-0.911,-4.483,279.333,359.141,358.722,20.931,"Curva 8.",47.38
319.32,-151.047,0.123,-295.446,-35.303,0.340,6.069,0.129,1.000,0.000,0.286,-0.157,35.821,16.454,4.316,1.659,279.295,359.209,0.639,21.587,"Curva 8.",47.40
319.34,-151.757,0.130,-295.335,-35.374,0.368,5.994,0.129,1.000,0.000,0.198,-0.144,35.879,-4.281,1.279,2.925,279.305,359.178,359.221,22.257,"Curva 8.",47.42
319.36,-152.467,0.138,-295.227,-35.414,0.460,5.865,0.138,1.000,0.000,-0.004,-0.152,35.899,-6.850,4.368,1.005,279.419,359.024,357.877,22.931,"Curva 8.",47.44
319.38,-153.174,0.147,-295.092,-35.369,0.511,6.110,0.138,1.000,0.000,0.149,-0.220,35.896,12.419,2.532,-0.123,279.563,358.832,0.063,23.599,"Curva 8.",47.46
319.40,-153.882,0.155,-294.972,-35.370,0.465,6.131,0.235,1.000,0.000,0.113,-0.338,35.898,1.038,-2.326,0.144,279.654,358.717,359.809,24.275,"Curva 8.",47.48
319.42,-154.593,0.166,-294.867,-35.381,0.574,5.955,0.235,1.000,0.000,-0.115,-0.296,35.882,-8.940,5.116,-0.793,279.757,358.619,357.681,24.957,"Curva 8.",47.50
319.44,-155.299,0.177,-294.735,-35.359,0.531,6.160,0.235,1.000,0.000,0.061,-0.306,35.894,10.313,-2.012,0.594,279.794,358.664,359.122,25.632,"Curva 8.",47.52
319.46,-156.004,0.188,-294.601,-35.335,0.563,6.356,0.235,1.000,0.000,0.250,-0.234,35.905,9.844,1.557,0.531,279.797,358.730,0.190,26.309,"Curva 8.",47.54
319.48,-156.714,0.201,-294.495,-35.372,0.647,6.167,0.235,1.000,0.000,-0.033,-0.162,35.911,-9.804,3.849,0.297,279.951,358.711,357.754,26.997,"Curva 8.",47.56
319.50,-157.422,0.213,-294.369,-35.378,0.586,6.258,0.235,1.000,0.000,-0.061,-0.240,35.931,4.583,-2.948,0.992,280.142,358.686,358.068,27.681,"Curva 8.",47.58
319.52,-158.126,0.225,-294.224,-35.291,0.674,6.615,0.235,1.000,0.000,0.207,-0.209,35.910,18.334,4.377,-0.992,280.286,358.592,0.230,28.361,"Curva 8.",47.60
319.54,-158.835,0.238,-294.107,-35.297,0.680,6.555,0.235,1.000,0.000,0.060,-0.257,35.906,-3.035,0.209,-0.201,280.437,358.501,358.241,29.051,"Curva 8.",47.62
319.56,-159.543,0.253,-293.986,-35.291,0.742,6.527,0.235,1.000,0.000,-0.070,-0.268,35.896,-1.456,3.006,-0.471,280.614,358.395,356.941,29.741,"Curva 8.",47.64
319.58,-160.245,0.267,-293.831,-35.180,0.785,6.944,0.235,1.000,0.000,0.271,-0.256,35.865,21.514,2.368,-1.539,280.736,358.334,359.595,30.422,"Curva 8.",47.66
319.60,-160.950,0.282,-293.700,-35.202,0.696,6.924,0.235,1.000,0.000,0.195,-0.307,35.881,-1.100,-4.491,0.788,280.828,358.391,358.629,31.110,"Curva 8.",47.68
319.62,-161.657,0.299,-293.579,-35.224,0.843,6.791,0.235,1.000,0.000,-0.059,-0.186,35.882,-7.192,6.903,0.022,281.026,358.363,356.389,31.804,"Curva 8.",47.70
319.64,-162.358,0.315,-293.426,-35.159,0.819,7.099,0.245,1.000,0.000,0.137,-0.197,35.877,15.768,-0.811,-0.216,281.205,358.373,358.508,32.489,"Curva 8.",47.72
319.66,-163.060,0.331,-293.278,-35.141,0.782,7.250,0.245,1.000,0.000,0.215,-0.216,35.889,7.621,-1.725,0.542,281.320,358.402,359.038,33.177,"Curva 8.",47.74
319.68,-163.768,0.349,-293.157,-35.172,0.892,7.030,0.283,1.000,0.000,-0.109,-0.167,35.879,-11.438,4.777,-0.508,281.494,358.321,356.239,33.873,"Curva 8.",47.76
319.70,-164.470,0.364,-293.007,-35.145,0.766,7.196,0.332,1.000,0.000,-0.028,-0.275,35.881,8.702,-5.905,0.141,281.637,358.341,357.266,34.563,"Curva 8.",47.78
319.72,-165.169,0.380,-292.847,-35.067,0.798,7.511,0.332,1.000,0.000,0.198,-0.215,35.870,16.175,1.839,-0.560,281.779,358.378,359.192,35.251,"Curva 8.",47.80
319.74,-165.874,0.397,-292.712,-35.096,0.905,7.401,0.332,1.000,0.000,-0.032,-0.176,35.879,-5.912,5.078,0.465,281.973,358.277,357.249,35.947,"Curva 8.",47.82
319.76,-166.579,0.415,-292.573,-35.108,0.863,7.425,0.380,1.000,0.000,-0.142,-0.250,35.893,1.206,-2.059,0.743,282.196,358.240,355.988,36.644,"Curva 8.",47.84
319.78,-167.276,0.430,-292.403,-35.027,0.775,7.853,0.380,1.000,0.000,0.220,-0.293,35.903,21.888,-3.730,0.493,282.300,358.284,358.261,37.332,"Curva 8.",47.86
319.80,-167.976,0.444,-292.248,-34.965,0.718,7.863,0.390,1.000,0.000,0.182,-0.333,35.844,1.249,-2.743,-2.990,282.402,358.311,358.020,38.025,"Curva 8.",47.88
319.82,-168.680,0.461,-292.111,-34.985,0.810,7.776,0.390,1.000,0.000,-0.043,-0.284,35.847,-4.824,4.226,0.166,282.637,358.259,355.326,38.724,"Curva 8.",47.90
319.84,-169.378,0.475,-291.947,-34.917,0.719,8.053,0.419,1.000,0.000,0.075,-0.361,35.839,14.533,-3.555,-0.386,282.907,358.267,356.150,39.416,"Curva 8.",47.92
319.86,-170.071,0.490,-291.772,-34.827,0.716,8.238,0.516,1.000,0.000,0.167,-0.310,35.793,10.013,0.214,-2.306,283.058,358.350,358.106,40.104,"Curva 8.",47.94
319.88,-170.771,0.505,-291.618,-34.858,0.768,8.200,0.516,1.000,0.000,-0.027,-0.273,35.817,-2.370,2.447,1.175,283.304,358.339,356.774,40.800,"Curva 8.",47.96
319.90,-171.469,0.521,-291.466,-34.746,0.752,8.182,0.516,1.000,0.000,-0.112,-0.290,35.703,0.515,-0.567,-5.693,283.471,358.344,355.049,41.495,"Curva 8.",47.98
319.92,-172.159,0.533,-291.283,-34.676,0.597,8.598,0.545,1.000,0.000,0.230,-0.364,35.728,21.370,-6.710,1.247,283.586,358.441,357.086,42.183,"Curva 8.",48.00
319.94,-172.850,0.544,-291.109,-34.606,0.469,8.759,0.545,1.000,0.000,0.295,-0.359,35.697,8.985,-5.936,-1.607,283.761,358.648,357.083,42.873,"Curva 8.",48.02
319.96,-173.547,0.559,-290.953,-34.622,0.674,8.712,0.545,1.000,0.000,0.045,-0.154,35.707,-3.446,9.974,0.454,284.075,358.666,354.577,43.569,"Curva 8.",48.04
319.98,-174.237,0.571,-290.768,-34.565,0.652,9.016,0.555,1.000,0.000,0.119,-0.164,35.727,15.476,-0.030,0.997,284.448,358.679,355.902,44.259,"Curva 8.",48.06
320.00,-174.926,0.583,-290.573,-34.473,0.652,9.420,0.555,1.000,0.000,0.254,-0.194,35.741,20.682,0.913,0.718,284.891,358.626,357.482,44.948,"Curva 8.",48.08
320.02,-175.621,0.598,-290.401,-34.482,0.775,9.414,0.555,1.000,0.000,-0.036,-0.207,35.751,-0.901,6.054,0.529,285.354,358.432,355.430,45.644,"Curva 8.",48.10
320.04,-176.312,0.612,-290.217,-34.439,0.675,9.582,0.506,1.000,0.000,-0.098,-0.303,35.752,9.116,-4.146,0.100,285.750,358.448,354.733,46.337,"Curva 8.",48.12
320.06,-176.995,0.624,-290.006,-34.306,0.586,10.080,0.506,1.000,0.000,0.271,-0.277,35.759,25.960,-2.937,0.365,285.967,358.592,356.637,47.023,"Curva 8.",48.14
320.08,-177.682,0.636,-289.809,-34.283,0.560,10.141,0.506,1.000,0.000,0.195,-0.249,35.754,3.336,-1.088,-0.321,286.194,358.683,355.967,47.714,"Curva 8.",48.16
320.10,-178.373,0.649,-289.622,-34.314,0.546,10.115,0.448,1.000,0.000,-0.025,-0.272,35.777,-1.562,-0.903,1.102,286.512,358.697,353.842,48.409,"Curva 8.",48.18
320.12,-179.054,0.655,-289.407,-34.223,0.313,10.432,0.390,1.000,0.000,0.105,-0.419,35.776,17.340,-10.302,-0.008,286.838,358.816,355.452,49.097,"Curva 8.",48.20
320.14,-179.735,0.661,-289.191,-34.106,0.238,10.658,0.390,1.000,0.000,0.139,-0.375,35.731,12.716,-2.899,-2.320,287.170,359.004,356.279,49.784,"Curva 8.",48.22
320.16,-180.422,0.671,-288.995,-34.097,0.429,10.680,0.361,1.000,0.000,-0.064,-0.181,35.733,0.161,9.646,0.097,287.524,359.035,353.889,50.477,"Curva 8.",48.24
320.18,-181.103,0.679,-288.776,-34.040,0.427,10.942,0.361,1.000,0.000,0.012,-0.193,35.757,13.285,1.199,1.265,287.831,359.006,354.275,51.167,"Curva 8.",48.26
320.20,-181.778,0.687,-288.538,-33.885,0.460,11.402,0.371,1.000,0.000,0.339,-0.185,35.753,24.132,3.210,-0.177,288.074,358.932,356.292,51.851,"Curva 8.",48.28
320.22,-182.462,0.697,-288.321,-33.908,0.556,11.389,0.371,1.000,0.000,0.168,-0.219,35.773,-1.427,4.668,0.990,288.330,358.736,354.694,52.544,"Curva 8.",48.30
320.24,-183.144,0.709,-288.105,-33.919,0.559,11.400,0.400,1.000,0.000,0.009,-0.262,35.787,0.351,0.197,0.715,288.613,358.687,353.136,53.237,"Curva 8.",48.32
320.26,-183.816,0.717,-287.859,-33.803,0.419,11.768,0.419,1.000,0.000,0.293,-0.300,35.793,19.770,-5.386,0.272,288.767,358.812,355.186,53.921,"Curva 8.",48.34
320.28,-184.490,0.724,-287.625,-33.739,0.241,11.815,0.458,1.000,0.000,0.312,-0.320,35.746,4.051,-8.555,-2.416,288.847,359.060,354.891,54.608,"Curva 8.",48.36
320.30,-185.171,0.733,-287.406,-33.785,0.337,11.712,0.506,1.000,0.000,0.055,-0.208,35.758,-6.166,4.088,0.545,289.075,359.117,352.681,55.301,"Curva 8.",48.38
320.32,-185.843,0.737,-287.161,-33.714,0.248,11.934,0.506,1.000,0.000,0.108,-0.285,35.764,12.015,-3.291,0.283,289.367,359.132,354.138,55.987,"Curva 8.",48.40
320.34,-186.514,0.741,-286.912,-33.611,0.281,12.211,0.526,1.000,0.000,0.183,-0.253,35.761,14.585,2.864,-0.142,289.706,359.123,355.442,56.674,"Curva 8.",48.42
320.36,-187.193,0.751,-286.686,-33.624,0.417,12.177,0.526,1.000,0.000,-0.086,-0.191,35.762,-2.622,6.498,0.098,290.081,359.045,352.979,57.368,"Curva 8.",48.44
320.38,-187.865,0.758,-286.439,-33.538,0.390,12.443,0.526,1.000,0.000,-0.026,-0.231,35.773,14.056,0.314,0.597,290.441,359.013,353.163,58.056,"Curva 8.",48.46
320.40,-188.528,0.764,-286.169,-33.328,0.399,12.957,0.526,1.000,0.000,0.347,-0.203,35.758,27.598,2.706,-0.698,290.717,358.991,355.362,58.738,"Curva 8.",48.48
320.42,-189.200,0.774,-285.919,-33.341,0.483,13.014,0.526,1.000,0.000,0.210,-0.214,35.793,1.986,4.391,1.728,291.023,358.852,353.983,59.429,"Curva 8.",48.50
320.44,-189.873,0.784,-285.672,-33.345,0.475,13.036,0.526,1.000,0.000,0.013,-0.261,35.805,1.017,-0.261,0.587,291.389,358.823,352.081,60.120,"Curva 8.",48.52
320.46,-190.534,0.791,-285.396,-33.177,0.355,13.447,0.526,1.000,0.000,0.279,-0.320,35.797,22.733,-3.489,-0.373,291.677,358.873,353.576,60.803,"Curva 8.",48.54
320.48,-191.193,0.796,-285.122,-33.078,0.179,13.583,0.526,1.000,0.000,0.331,-0.372,35.755,8.952,-7.889,-2.183,291.856,359.067,354.258,61.485,"Curva 8.",48.56
320.50,-191.862,0.802,-284.867,-33.141,0.215,13.523,0.526,1.000,0.000,0.051,-0.310,35.793,-4.133,1.228,1.790,292.186,359.153,352.177,62.175,"Curva 8.",48.58
320.52,-192.521,0.805,-284.594,-33.012,0.118,13.637,0.526,1.000,0.000,0.047,-0.347,35.716,8.261,-3.770,-3.838,292.442,359.249,352.519,62.859,"Curva 8.",48.60
320.54,-193.175,0.807,-284.305,-32.857,0.158,14.003,0.458,1.000,0.000,0.271,-0.286,35.714,19.595,3.915,-0.085,292.694,359.247,354.443,63.538,"Curva 8.",48.62
320.56,-193.838,0.812,-284.037,-32.857,0.212,14.051,0.438,1.000,0.000,0.130,-0.263,35.735,1.832,2.936,1.011,293.001,359.216,352.645,64.226,"Curva 8.",48.64
320.58,-194.500,0.819,-283.764,-32.840,0.340,14.134,0.438,1.000,0.000,-0.010,-0.201,35.754,3.161,6.942,0.951,293.350,359.139,351.412,64.914,"Curva 8.",48.66
320.60,-195.147,0.824,-283.458,-32.603,0.359,14.637,0.438,1.000,0.000,0.331,-0.176,35.738,27.540,3.885,-0.749,293.680,359.088,354.016,65.591,"Curva 8.",48.68
320.62,-195.803,0.830,-283.172,-32.619,0.276,14.703,0.438,1.000,0.000,0.261,-0.260,35.779,3.202,-3.830,2.042,293.900,359.094,352.890,66.276,"Curva 8.",48.70
320.64,-196.463,0.840,-282.893,-32.647,0.382,14.652,0.438,1.000,0.000,0.017,-0.207,35.786,-3.745,4.769,0.290,294.196,359.056,350.821,66.964,"Curva 8.",48.72
320.66,-197.107,0.844,-282.583,-32.473,0.275,15.003,0.438,1.000,0.000,0.232,-0.242,35.771,20.091,-2.924,-0.739,294.476,359.129,353.045,67.642,"Curva 8.",48.74
320.68,-197.755,0.848,-282.279,-32.407,0.195,15.179,0.438,1.000,0.000,0.279,-0.253,35.784,9.811,-2.904,0.644,294.701,359.234,353.382,68.322,"Curva 8.",48.76
320.70,-198.412,0.858,-281.995,-32.430,0.372,15.094,0.438,1.000,0.000,-0.013,-0.140,35.772,-5.748,7.995,-0.662,295.016,359.187,350.618,69.011,"Curva 8.",48.78
320.72,-199.057,0.861,-281.684,-32.299,0.240,15.331,0.438,1.000,0.000,0.090,-0.267,35.753,14.331,-4.560,-0.917,295.310,359.171,351.773,69.690,"Curva 8.",48.80
320.74,-199.695,0.864,-281.362,-32.109,0.228,15.692,0.438,1.000,0.000,0.290,-0.272,35.737,20.319,1.694,-0.765,295.632,359.150,353.628,70.367,"Curva 8.",48.82
320.76,-200.346,0.873,-281.063,-32.131,0.402,15.661,0.438,1.000,0.000,0.020,-0.217,35.746,-3.137,8.298,0.435,296.004,359.007,351.527,71.052,"Curva 8.",48.84
320.78,-200.993,0.881,-280.756,-32.091,0.403,15.772,0.438,1.000,0.000,-0.070,-0.267,35.759,5.750,1.020,0.689,296.354,358.951,350.435,71.736,"Curva 8.",48.86
320.80,-201.625,0.885,-280.419,-31.876,0.315,16.257,0.438,1.000,0.000,0.343,-0.295,35.781,26.841,-1.089,1.124,296.535,358.958,352.829,72.409,"Curva 8.",48.88
320.82,-202.263,0.892,-280.098,-31.823,0.293,16.269,0.438,1.000,0.000,0.269,-0.336,35.739,1.856,-0.805,-2.125,296.722,358.939,352.349,73.088,"Curva 8.",48.90
320.84,-202.910,0.901,-279.791,-31.866,0.374,16.213,0.438,1.000,0.000,0.007,-0.312,35.754,-4.089,3.319,0.729,297.046,358.908,349.662,73.774,"Curva 8.",48.92
320.86,-203.543,0.906,-279.458,-31.711,0.270,16.494,0.438,1.000,0.000,0.134,-0.368,35.743,16.633,-2.507,-0.535,297.365,358.952,350.583,74.450,"Curva 8.",48.94
320.88,-204.171,0.910,-279.114,-31.690,0.261,16.696,0.438,1.000,0.000,0.250,-0.336,35.817,9.446,0.748,3.720,297.456,358.997,352.470,75.125,"Curva 8.",48.96
320.90,-204.809,0.918,-278.793,-31.620,0.315,16.592,0.438,1.000,0.000,0.006,-0.300,35.709,-3.394,2.324,-5.458,297.752,359.016,351.047,75.805,"Curva 8.",48.98
320.92,-205.445,0.926,-278.472,-31.515,0.295,16.554,0.438,1.000,0.000,-0.121,-0.318,35.598,0.983,-0.771,-5.540,297.997,359.058,349.481,76.485,"Curva 8.",49.00
320.94,-206.066,0.928,-278.123,-31.335,0.168,16.955,0.438,1.000,0.000,0.210,-0.346,35.626,22.587,-3.076,1.442,298.165,359.130,351.572,77.155,"Curva 8.",49.02
320.96,-206.692,0.931,-277.784,-31.253,0.112,17.063,0.438,1.000,0.000,0.256,-0.319,35.605,7.040,-1.789,-1.088,298.301,359.252,351.397,77.828,"Curva 8.",49.04
320.98,-207.326,0.940,-277.458,-31.283,0.335,17.051,0.438,1.000,0.000,0.059,-0.154,35.629,-3.345,10.696,1.158,298.546,359.201,349.003,78.509,"Curva 8.",49.06
321.00,-207.947,0.943,-277.105,-31.155,0.276,17.338,0.429,1.000,0.000,0.187,-0.219,35.655,15.936,-0.311,1.308,298.858,359.159,350.466,79.181,"Curva 8.",49.08
321.02,-208.565,0.947,-276.748,-31.002,0.245,17.646,0.429,1.000,0.000,0.316,-0.256,35.670,17.218,0.936,0.776,299.205,359.127,351.718,79.853,"Curva 8.",49.10
321.04,-209.195,0.956,-276.411,-31.046,0.409,17.587,0.429,1.000,0.000,-0.001,-0.205,35.684,-5.083,7.390,0.653,299.592,359.019,349.470,80.534,"Curva 8.",49.12
321.06,-209.817,0.964,-276.059,-30.988,0.335,17.739,0.429,1.000,0.000,-0.017,-0.261,35.706,8.583,-2.173,1.154,299.894,359.055,349.281,81.209,"Curva 8.",49.14
321.08,-210.427,0.967,-275.686,-30.803,0.259,18.157,0.419,1.000,0.000,0.374,-0.254,35.754,23.049,-0.330,2.414,299.987,359.091,351.284,81.878,"Curva 8.",49.16
321.10,-211.046,0.973,-275.329,-30.769,0.258,18.150,0.419,1.000,0.000,0.278,-0.272,35.722,0.549,0.040,-1.657,300.169,359.081,350.302,82.553,"Curva 8.",49.18
321.12,-211.670,0.980,-274.980,-30.804,0.242,18.111,0.419,1.000,0.000,0.050,-0.321,35.733,-2.355,-1.314,0.510,300.479,359.092,348.285,83.232,"Curva 8.",49.20
321.14,-212.281,0.982,-274.608,-30.647,0.134,18.370,0.419,1.000,0.000,0.178,-0.367,35.729,15.865,-2.576,-0.203,300.765,359.156,349.527,83.903,"Curva 8.",49.22
321.16,-212.888,0.983,-274.234,-30.524,0.078,18.488,0.419,1.000,0.000,0.203,-0.339,35.684,8.594,-1.364,-2.263,300.969,359.284,350.768,84.572,"Curva 8.",49.24
321.18,-213.507,0.989,-273.877,-30.579,0.116,18.478,0.419,1.000,0.000,-0.027,-0.298,35.727,-2.211,1.475,2.094,301.278,359.354,348.782,85.249,"Curva 8.",49.26
321.20,-214.117,0.991,-273.509,-30.431,0.074,18.558,0.419,1.000,0.000,-0.022,-0.297,35.642,7.558,-0.578,-4.231,301.506,359.419,348.570,85.921,"Curva 8.",49.28
321.22,-214.715,0.990,-273.120,-30.193,0.074,18.946,0.419,1.000,0.000,0.299,-0.253,35.643,22.468,3.684,0.055,301.699,359.402,350.696,86.587,"Curva 8.",49.30
321.24,-215.325,0.993,-272.749,-30.209,0.089,19.007,0.419,1.000,0.000,0.215,-0.251,35.690,1.957,1.109,2.318,301.913,359.395,349.223,87.260,"Curva 8.",49.32
321.26,-215.936,0.999,-272.378,-30.213,0.219,19.026,0.419,1.000,0.000,0.050,-0.180,35.705,-0.683,6.501,0.778,302.184,359.348,347.681,87.936,"Curva 8.",49.34
321.28,-216.530,1.000,-271.979,-29.972,0.180,19.399,0.419,1.000,0.000,0.321,-0.186,35.701,22.231,1.890,-0.218,302.458,359.328,350.089,88.600,"Curva 8.",49.36
321.30,-217.130,1.002,-271.592,-29.932,0.081,19.512,0.419,1.000,0.000,0.319,-0.265,35.727,6.614,-3.860,1.298,302.673,359.362,349.736,89.270,"Curva 8.",49.38
321.32,-217.739,1.009,-271.217,-29.967,0.205,19.450,0.419,1.000,0.000,0.048,-0.200,35.726,-4.839,5.288,-0.125,302.981,359.341,347.434,89.947,"Curva 8.",49.40
321.34,-218.331,1.009,-270.818,-29.809,0.080,19.673,0.419,1.000,0.000,0.149,-0.259,35.714,14.584,-3.530,-0.573,303.267,359.418,349.031,90.612,"Curva 8.",49.42
321.36,-218.922,1.009,-270.415,-29.662,0.053,19.895,0.419,1.000,0.000,0.255,-0.235,35.715,13.365,0.935,0.030,303.512,359.474,350.208,91.278,"Curva 8.",49.44
321.38,-219.526,1.015,-270.034,-29.705,0.161,19.837,0.419,1.000,0.000,-0.012,-0.188,35.719,-4.688,4.511,0.183,303.818,359.450,347.696,91.953,"Curva 8.",49.46
321.40,-220.119,1.016,-269.634,-29.612,0.063,19.989,0.419,1.000,0.000,-0.002,-0.283,35.726,9.737,-2.962,0.370,304.117,359.455,347.989,92.622,"Curva 8.",49.48
321.42,-220.699,1.014,-269.216,-29.328,0.054,20.373,0.419,1.000,0.000,0.310,-0.251,35.708,23.595,3.587,-0.871,304.364,359.433,350.302,93.283,"Curva 8.",49.50
321.44,-221.293,1.018,-268.816,-29.315,0.157,20.424,0.429,1.000,0.000,0.185,-0.235,35.727,1.429,5.497,0.950,304.646,359.323,348.942,93.954,"Curva 8.",49.52
321.46,-221.888,1.025,-268.419,-29.297,0.241,20.461,0.429,1.000,0.000,0.014,-0.226,35.735,1.026,4.548,0.407,304.990,359.256,346.959,94.626,"Curva 8.",49.54
321.48,-222.462,1.023,-267.993,-29.060,0.055,20.819,0.429,1.000,0.000,0.319,-0.326,35.745,22.824,-5.143,0.523,305.213,359.305,349.235,95.286,"Curva 8.",49.56
321.50,-223.040,1.022,-267.576,-28.908,-0.114,20.887,0.429,1.000,0.000,0.356,-0.376,35.661,8.596,-6.920,-4.315,305.398,359.483,349.391,95.948,"Curva 8.",49.58
321.52,-223.630,1.027,-267.175,-28.968,0.056,20.818,0.429,1.000,0.000,0.044,-0.223,35.672,-6.356,7.225,0.488,305.716,359.546,346.812,96.618,"Curva 8.",49.60
321.54,-224.204,1.026,-266.750,-28.822,-0.017,21.025,0.438,1.000,0.000,0.104,-0.246,35.674,13.141,-0.969,0.141,306.028,359.606,348.096,97.279,"Curva 8.",49.62
321.56,-224.771,1.024,-266.316,-28.602,0.034,21.341,0.458,1.000,0.000,0.266,-0.192,35.684,18.523,5.871,0.537,306.361,359.567,349.996,97.937,"Curva 8.",49.64
321.58,-225.356,1.029,-265.905,-28.641,0.131,21.305,0.458,1.000,0.000,-0.011,-0.201,35.696,-3.633,4.132,0.557,306.731,359.480,347.362,98.607,"Curva 8.",49.66
321.60,-225.931,1.031,-265.480,-28.578,0.084,21.410,0.477,1.000,0.000,-0.074,-0.285,35.707,6.500,-0.905,0.601,307.059,359.446,346.988,99.272,"Curva 8.",49.68
321.62,-226.486,1.029,-265.030,-28.208,0.093,21.864,0.477,1.000,0.000,0.344,-0.214,35.687,28.745,5.569,-0.935,307.296,359.417,349.949,99.924,"Curva 8.",49.70
321.64,-227.056,1.032,-264.597,-28.199,0.166,21.949,0.477,1.000,0.000,0.246,-0.228,35.733,2.880,4.262,2.268,307.579,359.300,349.018,100.587,"Curva 8.",49.72
321.66,-227.634,1.041,-264.174,-28.208,0.283,21.953,0.477,1.000,0.000,-0.012,-0.203,35.744,-1.517,5.633,0.550,307.989,359.235,346.156,101.256,"Curva 8.",49.74
321.68,-228.190,1.041,-263.723,-27.914,0.119,22.304,0.477,1.000,0.000,0.271,-0.347,35.727,24.109,-3.041,-0.775,308.323,359.172,347.431,101.912,"Curva 8.",49.76
321.70,-228.738,1.039,-263.267,-27.735,-0.031,22.413,0.477,1.000,0.000,0.356,-0.414,35.655,11.070,-5.468,-3.685,308.505,359.290,349.286,102.562,"Curva 8.",49.78
321.72,-229.301,1.042,-262.830,-27.810,-0.005,22.327,0.477,1.000,0.000,0.031,-0.380,35.662,-5.857,0.054,0.238,308.839,359.401,347.902,103.223,"Curva 8.",49.80
321.74,-229.862,1.045,-262.393,-27.729,-0.015,22.308,0.477,1.000,0.000,-0.105,-0.345,35.587,1.887,-0.013,-3.744,309.111,359.524,346.474,103.883,"Curva 8.",49.82
321.76,-230.404,1.040,-261.930,-27.478,-0.100,22.661,0.477,1.000,0.000,0.212,-0.341,35.615,21.998,0.051,1.423,309.286,359.557,348.652,104.532,"Curva 8.",49.84
321.78,-230.953,1.037,-261.476,-27.378,-0.151,22.792,0.487,1.000,0.000,0.285,-0.378,35.620,8.577,-0.869,0.271,309.447,359.557,348.584,105.186,"Curva 8.",49.86
321.80,-231.513,1.041,-261.032,-27.388,0.098,22.794,0.477,1.000,0.000,0.076,-0.217,35.632,-3.204,12.038,0.566,309.734,359.475,346.222,105.847,"Curva 8.",49.88
321.82,-232.053,1.041,-260.566,-27.178,0.103,23.067,0.477,1.000,0.000,0.197,-0.213,35.646,16.767,3.938,0.767,310.087,359.431,347.685,106.498,"Curva 8.",49.90
321.84,-232.588,1.041,-260.093,-26.935,0.128,23.383,0.477,1.000,0.000,0.352,-0.190,35.667,19.331,4.957,1.019,310.465,359.387,349.170,107.147,"Curva 8.",49.92
321.86,-233.142,1.049,-259.642,-27.010,0.223,23.328,0.477,1.000,0.000,0.003,-0.192,35.690,-5.500,3.504,1.100,310.884,359.343,346.468,107.808,"Curva 8.",49.94
321.88,-233.682,1.051,-259.174,-26.917,0.097,23.457,0.477,1.000,0.000,-0.045,-0.277,35.703,9.140,-4.301,0.703,311.245,359.429,346.683,108.460,"Curva 8.",49.96
321.90,-234.204,1.050,-258.686,-26.545,0.088,23.857,0.477,1.000,0.000,0.323,-0.195,35.688,26.912,4.631,-0.718,311.496,359.454,349.307,109.103,"Curva 8.",49.98
321.92,-234.742,1.054,-258.215,-26.519,0.164,23.928,0.487,1.000,0.000,0.213,-0.208,35.717,2.613,4.419,1.456,311.795,359.340,347.947,109.757,"Curva 8.",50.00
321.94,-235.285,1.061,-257.748,-26.503,0.210,23.960,0.487,1.000,0.000,0.024,-0.253,35.728,1.136,2.672,0.508,312.179,359.261,345.662,110.414,"Curva 8.",50.02
321.96,-235.804,1.059,-257.256,-26.177,0.064,24.311,0.487,1.000,0.000,0.339,-0.382,35.721,24.937,-1.882,-0.281,312.487,359.180,347.327,111.058,"Curva 8.",50.04
321.98,-236.321,1.057,-256.765,-26.018,-0.055,24.352,0.487,1.000,0.000,0.366,-0.432,35.632,7.982,-4.382,-4.499,312.671,359.290,348.342,111.700,"Curva 8.",50.06
322.00,-236.854,1.062,-256.292,-26.128,0.028,24.292,0.487,1.000,0.000,0.023,-0.349,35.675,-6.782,2.585,2.035,313.013,359.402,346.162,112.353,"Curva 8.",50.08
322.02,-237.373,1.062,-255.805,-25.975,-0.049,24.353,0.487,1.000,0.000,0.033,-0.337,35.604,8.169,-1.928,-3.553,313.230,359.539,346.444,112.998,"Curva 8.",50.10
322.04,-237.879,1.058,-255.302,-25.683,-0.031,24.687,0.487,1.000,0.000,0.335,-0.267,35.621,21.521,5.215,0.891,313.423,359.522,348.651,113.635,"Curva 8.",50.12
322.06,-238.403,1.060,-254.817,-25.689,0.013,24.735,0.487,1.000,0.000,0.206,-0.269,35.660,0.980,2.467,1.885,313.692,359.483,346.819,114.285,"Curva 8.",50.14
322.08,-238.924,1.065,-254.329,-25.655,0.165,24.793,0.487,1.000,0.000,0.051,-0.194,35.677,1.291,8.178,0.878,314.021,359.413,345.443,114.935,"Curva 8.",50.16
322.10,-239.420,1.064,-253.814,-25.257,0.162,25.185,0.487,1.000,0.000,0.387,-0.169,35.666,27.333,5.535,-0.515,314.363,359.347,348.307,115.569,"Curva 8.",50.18
322.12,-239.931,1.066,-253.314,-25.245,0.076,25.245,0.487,1.000,0.000,0.303,-0.270,35.700,3.474,-3.673,1.625,314.621,359.349,347.369,116.214,"Curva 8.",50.20
322.14,-240.449,1.074,-252.822,-25.285,0.214,25.202,0.487,1.000,0.000,0.013,-0.209,35.700,-4.639,5.922,-0.016,314.972,359.327,345.100,116.864,"Curva 8.",50.22
322.16,-240.940,1.073,-252.304,-24.983,0.090,25.477,0.487,1.000,0.000,0.226,-0.241,35.681,21.313,-1.625,-0.926,315.292,359.399,347.441,117.498,"Curva 8.",50.24
322.18,-241.435,1.073,-251.790,-24.828,0.021,25.644,0.487,1.000,0.000,0.292,-0.249,35.692,11.820,-1.012,0.524,315.550,359.478,348.106,118.135,"Curva 8.",50.26
322.20,-241.949,1.081,-251.293,-24.882,0.209,25.578,0.487,1.000,0.000,-0.038,-0.151,35.684,-6.510,8.002,-0.428,315.911,359.445,345.167,118.785,"Curva 8.",50.28
322.22,-242.439,1.080,-250.775,-24.667,0.033,25.750,0.487,1.000,0.000,0.059,-0.293,35.657,15.424,-5.289,-1.302,316.250,359.466,346.314,119.421,"Curva 8.",50.30
322.24,-242.918,1.078,-250.246,-24.308,0.022,26.062,0.487,1.000,0.000,0.295,-0.257,35.636,23.384,4.156,-1.016,316.611,359.467,348.560,120.050,"Curva 8.",50.32
322.26,-243.417,1.084,-249.735,-24.306,0.214,26.081,0.487,1.000,0.000,0.036,-0.196,35.652,-1.542,9.500,0.784,317.036,359.337,346.421,120.694,"Curva 8.",50.34
322.28,-243.911,1.090,-249.218,-24.225,0.221,26.183,0.487,1.000,0.000,-0.082,-0.248,35.671,6.100,1.992,1.005,317.454,359.293,345.115,121.335,"Curva 8.",50.36
322.30,-244.376,1.087,-248.676,-23.807,0.049,26.602,0.487,1.000,0.000,0.386,-0.321,35.696,30.733,-2.222,1.307,317.676,359.288,347.876,121.959,"Curva 8.",50.38
322.32,-244.854,1.087,-248.146,-23.731,0.006,26.588,0.487,1.000,0.000,0.312,-0.375,35.635,2.742,-1.572,-3.104,317.890,359.294,347.602,122.591,"Curva 8.",50.40
322.34,-245.346,1.095,-247.629,-23.777,0.173,26.569,0.487,1.000,0.000,0.019,-0.266,35.655,-4.501,7.427,0.959,318.259,359.302,344.492,123.233,"Curva 8.",50.42
322.36,-245.815,1.095,-247.091,-23.510,0.058,26.797,0.487,1.000,0.000,0.158,-0.336,35.646,18.448,-1.164,-0.379,318.628,359.320,345.455,123.862,"Curva 8.",50.44
322.38,-246.270,1.092,-246.543,-23.273,0.041,26.937,0.487,1.000,0.000,0.270,-0.320,35.596,13.406,2.014,-2.497,318.856,359.340,348.028,124.482,"Curva 8.",50.46
322.40,-246.745,1.095,-246.011,-23.328,0.062,26.927,0.487,1.000,0.000,0.016,-0.386,35.625,-2.581,0.477,1.406,319.213,359.290,346.829,125.116,"Curva 8.",50.48
322.42,-247.222,1.101,-245.484,-23.232,0.097,26.879,0.487,1.000,0.000,-0.095,-0.355,35.526,1.514,2.260,-4.919,319.461,359.332,344.592,125.751,"Curva 8.",50.50
322.44,-247.671,1.098,-244.933,-22.853,-0.023,27.218,0.487,1.000,0.000,0.329,-0.351,35.537,26.112,0.177,0.571,319.600,359.362,346.359,126.370,"Curva 8.",50.52
322.46,-248.121,1.095,-244.383,-22.701,-0.072,27.313,0.487,1.000,0.000,0.439,-0.340,35.511,9.216,-0.430,-1.350,319.698,359.425,347.390,126.990,"Curva 8.",50.54
322.48,-248.592,1.100,-243.849,-22.845,0.057,27.286,0.487,1.000,0.000,0.077,-0.282,35.586,-7.855,4.484,3.670,320.061,359.438,344.892,127.625,"Curva 8.",50.56
322.50,-249.045,1.100,-243.302,-22.654,-0.028,27.324,0.487,1.000,0.000,0.078,-0.316,35.492,9.360,-1.876,-4.674,320.345,359.519,345.425,128.248,"Curva 8.",50.58
322.52,-249.482,1.097,-242.741,-22.303,0.041,27.626,0.487,1.000,0.000,0.333,-0.201,35.503,21.896,8.249,0.566,320.629,359.502,347.776,128.862,"Curva 8.",50.60
322.54,-249.941,1.102,-242.198,-22.318,0.107,27.664,0.487,1.000,0.000,0.127,-0.191,35.544,-0.213,3.343,1.990,320.983,359.478,345.644,129.492,"Curva 8.",50.62
322.56,-250.396,1.107,-241.649,-22.288,0.171,27.731,0.487,1.000,0.000,-0.045,-0.194,35.577,2.254,3.942,1.708,321.364,359.443,344.450,130.120,"Curva 8.",50.64
322.58,-250.820,1.103,-241.077,-21.816,0.079,28.090,0.487,1.000,0.000,0.355,-0.222,35.564,29.927,1.905,-0.597,321.684,359.400,347.504,130.731,"Curva 8.",50.66
322.60,-251.260,1.105,-240.516,-21.784,0.092,28.169,0.487,1.000,0.000,0.266,-0.289,35.607,3.462,1.428,2.129,321.969,359.304,347.132,131.352,"Curva 8.",50.68
322.62,-251.715,1.115,-239.965,-21.787,0.282,28.173,0.487,1.000,0.000,-0.004,-0.203,35.615,-2.572,9.171,0.377,322.381,359.234,344.010,131.983,"Curva 8.",50.70
322.64,-252.142,1.116,-239.395,-21.451,0.135,28.411,0.487,1.000,0.000,0.216,-0.323,35.598,21.784,-1.773,-0.798,322.747,359.191,344.972,132.599,"Curva 8.",50.72
322.66,-252.556,1.113,-238.817,-21.227,0.019,28.503,0.487,1.000,0.000,0.331,-0.387,35.535,12.673,-3.074,-3.141,322.940,359.244,347.357,133.206,"Curva 8.",50.74
322.68,-252.988,1.115,-238.253,-21.291,-0.019,28.435,0.487,1.000,0.000,0.051,-0.432,35.520,-4.016,-2.890,-0.833,323.259,359.335,346.504,133.825,"Curva 8.",50.76
322.70,-253.426,1.120,-237.695,-21.247,0.017,28.413,0.487,1.000,0.000,-0.108,-0.362,35.476,0.542,2.034,-2.202,323.538,359.458,344.175,134.448,"Curva 8.",50.78
322.72,-253.835,1.114,-237.117,-20.898,-0.191,28.623,0.487,1.000,0.000,0.228,-0.381,35.437,22.178,-5.192,-1.953,323.656,359.621,346.137,135.052,"Curva 8.",50.80
322.74,-254.243,1.109,-236.538,-20.655,-0.213,28.791,0.487,1.000,0.000,0.385,-0.326,35.431,14.633,2.139,-0.374,323.852,359.693,347.341,135.658,"Curva 8.",50.82
322.76,-254.676,1.113,-235.975,-20.733,0.018,28.752,0.487,1.000,0.000,0.037,-0.206,35.448,-7.249,9.955,0.802,324.237,359.634,344.312,136.281,"Curva 8.",50.84
322.78,-255.088,1.112,-235.396,-20.539,0.003,28.903,0.487,1.000,0.000,0.004,-0.240,35.456,12.070,2.485,0.507,324.696,359.618,344.951,136.892,"Curva 8.",50.86
322.80,-255.477,1.109,-234.801,-20.021,0.088,29.256,0.487,1.000,0.000,0.336,-0.136,35.450,29.752,10.681,-0.246,325.129,359.530,347.943,137.490,"Curva 8.",50.88
322.82,-255.890,1.115,-234.222,-19.998,0.268,29.308,0.487,1.000,0.000,0.114,-0.139,35.481,0.214,9.280,1.557,325.568,359.306,346.172,138.104,"Curva 8.",50.90
322.84,-256.304,1.123,-233.643,-19.955,0.264,29.380,0.487,1.000,0.000,-0.062,-0.233,35.516,3.695,0.822,1.790,326.014,359.242,344.050,138.720,"Curva 8.",50.92
322.86,-256.686,1.121,-233.043,-19.459,0.076,29.720,0.487,1.000,0.000,0.418,-0.324,35.520,31.465,-1.756,0.253,326.259,359.206,345.848,139.316,"Curva 8.",50.94
322.88,-257.069,1.118,-232.447,-19.330,-0.160,29.754,0.487,1.000,0.000,0.510,-0.429,35.475,8.866,-9.973,-2.324,326.349,359.393,346.560,139.913,"Curva 8.",50.96
322.90,-257.471,1.121,-231.862,-19.476,-0.113,29.670,0.487,1.000,0.000,0.136,-0.358,35.489,-8.704,0.001,0.536,326.662,359.568,344.485,140.523,"Curva 8.",50.98
322.92,-257.857,1.116,-231.269,-19.379,-0.276,29.691,0.487,1.000,0.000,0.082,-0.415,35.454,6.570,-6.662,-1.815,326.913,359.764,345.005,141.124,"Curva 8.",51.00
322.94,-258.231,1.108,-230.664,-19.155,-0.230,29.921,0.487,1.000,0.000,0.258,-0.345,35.525,14.761,5.734,3.600,327.094,359.736,347.040,141.719,"Curva 8.",51.02
322.96,-258.624,1.108,-230.072,-19.094,-0.115,29.906,0.487,1.000,0.000,0.119,-0.285,35.481,0.599,6.143,-2.242,327.373,359.691,345.416,142.327,"Curva 8.",51.04
322.98,-259.014,1.111,-229.477,-19.010,0.068,29.984,0.487,1.000,0.000,-0.007,-0.189,35.502,2.945,10.336,1.130,327.720,359.599,344.238,142.934,"Curva 8.",51.06
323.00,-259.373,1.107,-228.863,-18.509,0.071,30.291,0.487,1.000,0.000,0.358,-0.162,35.496,28.603,6.752,-0.244,328.070,359.500,346.967,143.524,"Curva 8.",51.08
323.02,-259.749,1.108,-228.259,-18.448,-0.008,30.389,0.487,1.000,0.000,0.311,-0.270,35.548,5.935,-2.605,2.543,328.357,359.470,346.054,144.125,"Curva 8.",51.10
323.04,-260.133,1.114,-227.659,-18.489,0.140,30.376,0.487,1.000,0.000,0.022,-0.178,35.560,-4.022,6.532,0.565,328.718,359.488,343.927,144.732,"Curva 8.",51.12
323.06,-260.486,1.112,-227.042,-18.143,0.022,30.582,0.487,1.000,0.000,0.233,-0.196,35.557,20.969,-0.958,-0.102,329.032,359.569,346.215,145.320,"Curva 8.",51.14
323.08,-260.843,1.110,-226.426,-17.958,-0.079,30.716,0.487,1.000,0.000,0.326,-0.236,35.578,12.237,-2.332,1.004,329.263,359.638,346.872,145.912,"Curva 8.",51.16
323.10,-261.221,1.115,-225.823,-18.034,0.054,30.658,0.487,1.000,0.000,0.008,-0.189,35.569,-6.400,5.095,-0.512,329.605,359.617,344.130,146.519,"Curva 8.",51.18
323.12,-261.575,1.111,-225.206,-17.826,-0.124,30.748,0.487,1.000,0.000,0.053,-0.321,35.540,13.137,-5.729,-1.405,329.946,359.679,345.214,147.110,"Curva 8.",51.20
323.14,-261.914,1.106,-224.581,-17.425,-0.090,30.952,0.487,1.000,0.000,0.248,-0.245,35.519,21.575,6.518,-1.018,330.316,359.673,347.507,147.694,"Curva 8.",51.22
323.16,-262.279,1.109,-223.970,-17.423,-0.007,30.969,0.487,1.000,0.000,0.015,-0.227,35.533,-0.611,4.168,0.685,330.709,359.652,344.974,148.295,"Curva 8.",51.24
323.18,-262.633,1.111,-223.353,-17.321,0.003,31.043,0.487,1.000,0.000,-0.080,-0.249,35.548,5.907,2.191,0.797,331.075,359.644,344.151,148.891,"Curva 8.",51.26
323.20,-262.953,1.104,-222.716,-16.742,-0.066,31.345,0.487,1.000,0.000,0.402,-0.252,35.533,32.593,3.718,-0.651,331.348,359.568,347.463,149.465,"Curva 8.",51.28
323.22,-263.293,1.103,-222.090,-16.699,-0.009,31.423,0.487,1.000,0.000,0.314,-0.295,35.582,3.020,3.606,2.427,331.630,359.436,346.824,150.054,"Curva 8.",51.30
323.24,-263.648,1.112,-221.471,-16.691,0.207,31.439,0.487,1.000,0.000,0.058,-0.181,35.595,-2.352,10.546,0.642,332.030,359.361,343.523,150.654,"Curva 8.",51.32
323.26,-263.971,1.111,-220.836,-16.286,0.072,31.636,0.487,1.000,0.000,0.328,-0.294,35.579,23.496,-0.536,-0.772,332.378,359.287,344.651,151.235,"Curva 8.",51.34
323.28,-264.280,1.106,-220.196,-16.061,-0.049,31.666,0.487,1.000,0.000,0.422,-0.377,35.502,11.711,-3.474,-3.910,332.576,359.333,347.155,151.806,"Curva 8.",51.36
323.30,-264.612,1.107,-219.569,-16.213,-0.090,31.579,0.487,1.000,0.000,0.038,-0.442,35.495,-8.022,-4.066,-0.438,332.933,359.438,346.240,152.393,"Curva 8.",51.38
323.32,-264.951,1.111,-218.945,-16.188,-0.065,31.558,0.487,1.000,0.000,-0.160,-0.376,35.466,0.292,1.374,-1.466,333.260,359.593,343.946,152.984,"Curva 8.",51.40
323.34,-265.256,1.103,-218.307,-15.796,-0.269,31.702,0.487,1.000,0.000,0.180,-0.384,35.417,22.596,-4.875,-2.419,333.382,359.762,345.998,153.555,"Curva 8.",51.42
323.36,-265.561,1.096,-217.668,-15.513,-0.291,31.835,0.487,1.000,0.000,0.360,-0.332,35.411,15.505,2.377,-0.342,333.571,359.818,347.256,154.127,"Curva 8.",51.44
323.38,-265.893,1.099,-217.040,-15.585,-0.055,31.817,0.487,1.000,0.000,0.027,-0.223,35.428,-6.703,10.376,0.840,333.959,359.729,344.155,154.718,"Curva 8.",51.46
323.40,-266.201,1.097,-216.401,-15.353,-0.062,31.930,0.487,1.000,0.000,-0.005,-0.251,35.428,12.546,3.062,0.081,334.435,359.711,344.779,155.294,"Curva 8.",51.48
323.42,-266.483,1.092,-215.749,-14.759,0.044,32.200,0.487,1.000,0.000,0.335,-0.127,35.419,30.778,11.986,-0.362,334.889,359.615,347.911,155.855,"Curva 8.",51.50
323.44,-266.792,1.097,-215.108,-14.727,0.235,32.253,0.487,1.000,0.000,0.108,-0.128,35.457,0.178,9.860,1.873,335.338,359.378,346.126,156.436,"Curva 8.",51.52
323.46,-267.101,1.105,-214.468,-14.669,0.237,32.322,0.487,1.000,0.000,-0.070,-0.219,35.495,3.876,1.204,1.974,335.796,359.309,343.932,157.018,"Curva 8.",51.54
323.48,-267.376,1.102,-213.812,-14.107,0.037,32.583,0.487,1.000,0.000,0.432,-0.326,35.502,32.503,-2.076,0.375,336.044,359.259,345.727,157.578,"Curva 8.",51.56
323.50,-267.651,1.099,-213.159,-13.972,-0.203,32.597,0.487,1.000,0.000,0.532,-0.438,35.459,9.057,-10.144,-2.221,336.128,359.440,346.528,158.138,"Curva 8.",51.58
323.52,-267.947,1.100,-212.516,-14.135,-0.158,32.525,0.487,1.000,0.000,0.145,-0.367,35.461,-9.171,-0.171,-0.044,336.444,359.622,344.479,158.713,"Curva 8.",51.60
323.54,-268.228,1.095,-211.866,-14.048,-0.319,32.530,0.487,1.000,0.000,0.072,-0.425,35.433,6.050,-6.706,-1.493,336.709,359.822,344.917,159.279,"Curva 8.",51.62
323.56,-268.493,1.086,-211.206,-13.783,-0.278,32.721,0.487,1.000,0.000,0.250,-0.369,35.504,15.073,5.562,3.586,336.899,359.778,347.006,159.838,"Curva 8.",51.64
323.58,-268.779,1.084,-210.556,-13.714,-0.167,32.703,0.487,1.000,0.000,0.133,-0.310,35.461,1.322,6.089,-2.118,337.168,359.731,345.464,160.410,"Curva 8.",51.66
323.60,-269.061,1.086,-209.904,-13.616,0.041,32.766,0.487,1.000,0.000,0.011,-0.190,35.482,2.699,11.578,1.071,337.501,359.633,344.168,160.982,"Curva 8.",51.68
323.62,-269.310,1.082,-209.238,-13.073,0.055,32.984,0.487,1.000,0.000,0.376,-0.155,35.478,28.354,7.285,-0.113,337.845,359.530,346.890,161.534,"Curva 8.",51.70
323.64,-269.577,1.083,-208.578,-12.970,-0.017,33.081,0.487,1.000,0.000,0.355,-0.255,35.530,7.240,-1.941,2.548,338.135,359.492,346.168,162.098,"Curva 8.",51.72
323.66,-269.853,1.089,-207.923,-13.032,0.130,33.068,0.487,1.000,0.000,0.036,-0.172,35.543,-5.055,6.181,0.566,338.512,359.508,343.915,162.670,"Curva 8.",51.74
323.68,-270.098,1.087,-207.255,-12.691,0.008,33.199,0.487,1.000,0.000,0.200,-0.198,35.540,19.217,-1.476,-0.096,338.843,359.599,346.036,163.222,"Curva 8.",51.76
323.70,-270.344,1.084,-206.588,-12.467,-0.072,33.303,0.487,1.000,0.000,0.303,-0.222,35.559,12.891,-1.133,0.883,339.082,359.658,346.955,163.776,"Curva 8.",51.78
323.72,-270.613,1.089,-205.929,-12.548,0.045,33.266,0.526,1.000,0.000,0.000,-0.189,35.553,-5.891,4.432,-0.303,339.415,359.633,344.256,164.347,"Curva 8.",51.80
323.74,-270.858,1.086,-205.261,-12.338,-0.130,33.316,0.555,1.000,0.000,0.033,-0.332,35.525,12.630,-5.708,-1.343,339.764,359.679,345.101,164.902,"Curva 8.",51.82
323.76,-271.085,1.080,-204.588,-11.882,-0.103,33.451,0.555,1.000,0.000,0.263,-0.257,35.497,22.857,6.495,-1.391,340.120,359.668,347.470,165.447,"Curva 8.",51.84
323.78,-271.339,1.083,-203.924,-11.868,-0.034,33.472,0.564,1.000,0.000,0.049,-0.241,35.513,0.140,3.594,0.794,340.502,359.658,345.103,166.011,"Curva 8.",51.86
323.80,-271.584,1.085,-203.256,-11.765,0.008,33.526,0.564,1.000,0.000,-0.073,-0.236,35.529,4.955,3.580,0.866,340.881,359.653,344.077,166.571,"Curva 8.",51.88
323.82,-271.790,1.077,-202.575,-11.130,-0.069,33.729,0.555,1.000,0.000,0.401,-0.241,35.515,33.346,3.501,-0.667,341.192,359.591,347.416,167.105,"Curva 8.",51.90
323.84,-272.017,1.076,-201.899,-11.059,-0.034,33.801,0.555,1.000,0.000,0.302,-0.301,35.562,4.009,2.729,2.325,341.520,359.472,346.904,167.656,"Curva 8.",51.92
323.86,-272.262,1.085,-201.230,-11.045,0.196,33.817,0.555,1.000,0.000,0.017,-0.179,35.575,-2.396,11.257,0.671,341.967,359.400,343.518,168.220,"Curva 8.",51.94
323.88,-272.470,1.084,-200.549,-10.577,0.049,33.950,0.564,1.000,0.000,0.293,-0.294,35.557,25.394,-0.657,-0.826,342.366,359.339,344.641,168.760,"Curva 8.",51.96
323.90,-272.664,1.079,-199.865,-10.330,-0.070,33.955,0.564,1.000,0.000,0.397,-0.370,35.487,12.883,-3.122,-3.549,342.587,359.388,347.220,169.290,"Curva 8.",51.98
323.92,-272.881,1.078,-199.190,-10.455,-0.124,33.900,0.564,1.000,0.000,0.039,-0.448,35.474,-5.978,-4.223,-0.784,342.968,359.483,346.368,169.838,"Curva 8.",52.00
323.94,-273.107,1.082,-198.518,-10.427,-0.099,33.878,0.564,1.000,0.000,-0.156,-0.380,35.445,0.649,1.523,-1.453,343.306,359.639,343.921,170.391,"Curva 8.",52.02
323.96,-273.298,1.075,-197.837,-9.975,-0.247,33.953,0.555,1.000,0.000,0.200,-0.368,35.387,23.851,-1.440,-2.882,343.465,359.741,345.425,170.923,"Curva 8.",52.04
323.98,-273.483,1.068,-197.153,-9.726,-0.238,34.023,0.555,1.000,0.000,0.369,-0.331,35.383,12.533,3.282,-0.180,343.583,359.731,347.212,171.451,"Curva 8.",52.06
324.00,-273.697,1.068,-196.476,-9.792,-0.146,34.082,0.555,1.000,0.000,0.091,-0.332,35.460,-3.471,3.798,3.797,343.971,359.680,344.773,172.001,"Curva 8.",52.08
324.02,-273.895,1.067,-195.797,-9.631,-0.113,34.033,0.555,1.000,0.000,0.008,-0.301,35.368,6.335,3.525,-4.549,344.318,359.710,344.360,172.541,"Curva 8.",52.10
324.04,-274.061,1.061,-195.107,-9.037,-0.028,34.208,0.555,1.000,0.000,0.389,-0.164,35.379,29.296,10.855,0.601,344.644,359.649,347.461,173.060,"Curva 8.",52.12
324.06,-274.254,1.062,-194.424,-9.001,-0.048,34.301,0.555,1.000,0.000,0.237,-0.217,35.461,3.127,-0.271,4.019,345.012,359.645,345.745,173.600,"Curva 8.",52.14
324.08,-274.450,1.067,-193.741,-8.989,0.079,34.335,0.555,1.000,0.000,-0.025,-0.168,35.491,-0.804,6.411,1.515,345.445,359.623,343.747,174.143,"Curva 8.",52.16
324.10,-274.602,1.060,-193.047,-8.414,-0.084,34.473,0.555,1.000,0.000,0.356,-0.228,35.482,30.613,-1.273,-0.397,345.807,359.648,346.899,174.658,"Curva 8.",52.18
324.12,-274.771,1.057,-192.357,-8.277,-0.227,34.532,0.564,1.000,0.000,0.370,-0.300,35.508,8.827,-5.262,1.213,346.052,359.757,346.660,175.185,"Curva 8.",52.20
324.14,-274.959,1.063,-191.672,-8.313,0.029,34.514,0.564,1.000,0.000,0.055,-0.116,35.501,-5.463,11.748,-0.397,346.427,359.748,343.634,175.727,"Curva 8.",52.22
324.16,-275.108,1.056,-190.978,-7.945,-0.157,34.569,0.555,1.000,0.000,0.204,-0.238,35.469,20.214,-4.470,-1.548,346.831,359.800,345.791,176.243,"Curva 8.",52.24
324.18,-275.254,1.049,-190.283,-7.612,-0.226,34.642,0.564,1.000,0.000,0.293,-0.296,35.467,17.387,0.349,-0.132,347.249,359.796,347.480,176.758,"Curva 8.",52.26
324.20,-275.431,1.053,-189.595,-7.686,-0.049,34.625,0.564,1.000,0.000,-0.092,-0.214,35.467,-6.052,7.477,-0.008,347.720,359.787,344.294,177.296,"Curva 8.",52.28
324.22,-275.581,1.050,-188.901,-7.422,-0.145,34.667,0.564,1.000,0.000,-0.075,-0.256,35.452,14.174,-1.091,-0.665,348.142,359.867,344.705,177.816,"Curva 8.",52.30
324.24,-275.699,1.042,-188.201,-6.741,-0.140,34.791,0.555,1.000,0.000,0.384,-0.167,35.436,33.794,7.468,-0.743,348.485,359.832,347.946,178.316,"Curva 8.",52.32
324.26,-275.845,1.042,-187.505,-6.651,-0.033,34.842,0.564,1.000,0.000,0.243,-0.218,35.469,3.484,6.313,1.666,348.894,359.619,346.400,178.837,"Curva 8.",52.34
324.28,-275.997,1.046,-186.810,-6.587,0.014,34.882,0.564,1.000,0.000,0.040,-0.250,35.497,2.728,3.263,1.391,349.357,359.572,343.728,179.364,"Curva 8.",52.36
324.30,-276.110,1.040,-186.108,-6.001,-0.145,34.987,0.564,1.000,0.000,0.456,-0.325,35.494,30.787,-0.210,-0.135,349.687,359.542,345.406,179.864,"Curva 8.",52.38
324.32,-276.219,1.033,-185.408,-5.834,-0.294,34.971,0.564,1.000,0.000,0.517,-0.398,35.449,9.568,-5.386,-2.314,349.861,359.658,346.835,180.362,"Curva 8.",52.40
324.34,-276.354,1.032,-184.712,-6.013,-0.243,34.959,0.564,1.000,0.000,0.085,-0.376,35.471,-9.261,0.117,0.961,350.265,359.771,344.981,180.880,"Curva 8.",52.42
324.36,-276.478,1.027,-184.015,-5.942,-0.372,34.914,0.564,1.000,0.000,-0.050,-0.440,35.415,4.735,-5.356,-2.820,350.608,359.937,344.631,181.391,"Curva 8.",52.44
324.38,-276.577,1.017,-183.312,-5.541,-0.347,35.026,0.564,1.000,0.000,0.196,-0.334,35.461,19.875,5.899,2.336,350.826,359.963,346.852,181.886,"Curva 8.",52.46
324.40,-276.694,1.012,-182.612,-5.408,-0.306,35.059,0.564,1.000,0.000,0.162,-0.296,35.473,6.086,3.635,0.587,351.093,359.968,345.933,182.395,"Curva 8.",52.48
324.42,-276.814,1.012,-181.911,-5.331,-0.108,35.100,0.564,1.000,0.000,-0.009,-0.185,35.502,1.287,10.686,1.489,351.459,359.891,344.164,182.909,"Curva 8.",52.50
324.44,-276.900,1.004,-181.205,-4.813,-0.178,35.176,0.564,1.000,0.000,0.271,-0.228,35.502,26.237,2.693,0.080,351.869,359.828,346.469,183.400,"Curva 8.",52.52
324.46,-276.992,0.999,-180.500,-4.522,-0.258,35.247,0.564,1.000,0.000,0.339,-0.280,35.534,15.456,-0.481,1.556,352.261,359.852,346.722,183.897,"Curva 8.",52.54
324.48,-277.103,1.002,-179.796,-4.517,-0.045,35.255,0.555,1.000,0.000,0.032,-0.134,35.543,-2.655,10.341,0.406,352.708,359.850,344.120,184.408,"Curva 8.",52.56
324.50,-277.181,0.997,-179.090,-4.195,-0.193,35.296,0.564,1.000,0.000,0.145,-0.206,35.544,17.548,-3.116,0.064,353.078,359.931,345.531,184.897,"Curva 8.",52.58
324.52,-277.248,0.988,-178.381,-3.754,-0.284,35.353,0.555,1.000,0.000,0.368,-0.230,35.550,22.698,0.441,0.311,353.441,359.966,347.360,185.380,"Curva 8.",52.60
324.54,-277.341,0.987,-177.675,-3.762,-0.176,35.360,0.555,1.000,0.000,0.087,-0.238,35.559,-1.704,5.098,0.415,353.890,359.877,345.211,185.884,"Curva 8.",52.62
324.56,-277.422,0.984,-176.968,-3.629,-0.237,35.369,0.564,1.000,0.000,-0.019,-0.310,35.554,7.249,-1.143,-0.231,354.306,359.909,344.410,186.380,"Curva 8.",52.64
324.58,-277.470,0.974,-176.257,-3.109,-0.317,35.438,0.564,1.000,0.000,0.355,-0.305,35.573,26.400,2.046,0.964,354.540,359.902,346.970,186.854,"Curva 8.",52.66
324.60,-277.540,0.968,-175.551,-3.066,-0.425,35.394,0.564,1.000,0.000,0.257,-0.365,35.527,3.221,-4.808,-2.374,354.791,0.015,345.880,187.344,"Curva 8.",52.68
324.62,-277.617,0.966,-174.843,-3.091,-0.298,35.408,0.555,1.000,0.000,0.002,-0.284,35.543,-2.937,5.808,0.789,355.134,0.038,343.887,187.841,"Curva 8.",52.70
324.64,-277.658,0.954,-174.133,-2.630,-0.371,35.441,0.555,1.000,0.000,0.232,-0.277,35.539,23.329,1.852,-0.160,355.497,0.077,346.429,188.312,"Curva 8.",52.72
324.66,-277.704,0.946,-173.423,-2.359,-0.377,35.486,0.564,1.000,0.000,0.268,-0.257,35.564,13.408,2.774,1.250,355.868,0.107,347.018,188.791,"Curva 8.",52.74
324.68,-277.774,0.948,-172.714,-2.364,-0.122,35.480,0.564,1.000,0.000,-0.057,-0.108,35.559,-3.778,12.190,-0.278,356.323,0.054,344.045,189.287,"Curva 8.",52.76
324.70,-277.809,0.940,-172.004,-2.002,-0.279,35.475,0.564,1.000,0.000,0.083,-0.220,35.531,19.482,-3.051,-1.292,356.731,0.074,345.424,189.759,"Curva 8.",52.78
324.72,-277.829,0.930,-171.293,-1.482,-0.351,35.493,0.564,1.000,0.000,0.346,-0.234,35.523,26.189,2.073,-0.394,357.145,0.078,347.593,190.222,"Curva 8.",52.80
324.74,-277.876,0.929,-170.582,-1.459,-0.164,35.511,0.564,1.000,0.000,0.059,-0.169,35.541,-1.232,9.348,0.892,357.623,359.977,345.369,190.706,"Curva 8.",52.82
324.76,-277.913,0.927,-169.871,-1.309,-0.215,35.531,0.564,1.000,0.000,-0.052,-0.242,35.555,7.925,-0.412,0.734,358.076,359.994,344.321,191.184,"Curva 8.",52.84
324.78,-277.912,0.915,-169.159,-0.725,-0.395,35.578,0.555,1.000,0.000,0.399,-0.312,35.584,30.533,-2.213,1.510,358.320,0.002,347.057,191.636,"Curva 8.",52.86
324.80,-277.931,0.906,-168.448,-0.675,-0.468,35.537,0.555,1.000,0.000,0.303,-0.413,35.543,3.241,-2.971,-2.143,358.590,359.993,346.697,192.103,"Curva 8.",52.88
324.82,-277.966,0.904,-167.736,-0.696,-0.316,35.557,0.555,1.000,0.000,0.022,-0.315,35.564,-3.144,6.979,1.012,358.986,0.012,343.735,192.585,"Curva 8.",52.90
324.84,-277.969,0.894,-167.025,-0.310,-0.422,35.557,0.555,1.000,0.000,0.185,-0.360,35.558,20.052,-0.062,-0.206,359.365,0.043,344.828,193.043,"Curva 8.",52.92
324.86,-277.956,0.883,-166.314,-0.031,-0.397,35.508,0.545,1.000,0.000,0.273,-0.311,35.507,13.309,4.278,-2.548,359.631,0.054,347.361,193.491,"Curva 8.",52.94
324.88,-277.969,0.877,-165.602,-0.059,-0.340,35.546,0.526,1.000,0.000,-0.005,-0.350,35.546,-2.037,2.415,1.934,0.050,0.003,346.009,193.960,"Curva 8.",52.96
324.90,-277.984,0.875,-164.893,0.000,-0.319,35.447,0.526,1.000,0.000,-0.134,-0.337,35.446,2.577,1.841,-4.973,0.359,0.051,344.052,194.431,"Curva 8.",52.98
324.92,-277.960,0.862,-164.184,0.545,-0.490,35.468,0.516,1.000,0.000,0.310,-0.337,35.473,28.467,-1.973,1.343,0.521,0.145,346.491,194.873,"Curva 8.",53.00
324.94,-277.945,0.851,-163.476,0.731,-0.559,35.421,0.516,1.000,0.000,0.395,-0.309,35.429,9.875,-1.226,-2.222,0.676,0.271,346.737,195.323,"Curva 8.",53.02
324.96,-277.953,0.849,-162.766,0.646,-0.318,35.453,0.477,1.000,0.000,0.047,-0.156,35.460,-7.463,10.423,1.492,1.042,0.250,343.881,195.793,"Curva 8.",53.04
324.98,-277.928,0.838,-162.056,0.942,-0.442,35.455,0.467,1.000,0.000,0.090,-0.279,35.469,15.851,-2.316,0.498,1.494,0.242,345.488,196.240,"Curva 8.",53.06
325.00,-277.891,0.826,-161.347,1.396,-0.404,35.452,0.467,1.000,0.000,0.219,-0.231,35.480,21.780,6.707,0.605,1.989,0.213,347.602,196.680,"Curva 8.",53.08
325.02,-277.886,0.825,-160.636,1.389,-0.255,35.471,0.477,1.000,0.000,-0.094,-0.176,35.498,-2.370,7.100,0.913,2.464,0.178,344.677,197.145,"Curva 8.",53.10
325.04,-277.858,0.820,-159.925,1.588,-0.317,35.481,0.477,1.000,0.000,-0.109,-0.226,35.518,10.409,-0.304,1.040,2.831,0.207,344.467,197.595,"Curva 8.",53.12
325.06,-277.795,0.806,-159.217,2.259,-0.394,35.435,0.477,1.000,0.000,0.418,-0.211,35.506,33.675,3.419,-0.528,3.062,0.158,347.683,198.019,"Curva 8.",53.14
325.08,-277.757,0.799,-158.505,2.335,-0.348,35.478,0.467,1.000,0.000,0.339,-0.275,35.554,3.029,3.035,2.374,3.336,0.005,346.681,198.465,"Curva 8.",53.16
325.10,-277.732,0.800,-157.793,2.359,-0.216,35.487,0.467,1.000,0.000,0.119,-0.215,35.565,-0.761,6.704,0.512,3.717,359.961,343.576,198.922,"Curva 8.",53.18
325.12,-277.672,0.790,-157.084,2.799,-0.367,35.443,0.467,1.000,0.000,0.396,-0.327,35.551,23.328,-1.509,-0.649,4.038,359.916,344.782,199.353,"Curva 8.",53.20
325.14,-277.599,0.777,-156.378,2.976,-0.476,35.365,0.467,1.000,0.000,0.462,-0.399,35.488,10.099,-3.285,-3.234,4.228,359.974,347.101,199.775,"Curva 8.",53.22
325.16,-277.554,0.770,-155.669,2.776,-0.494,35.386,0.467,1.000,0.000,0.050,-0.465,35.495,-9.515,-3.323,0.240,4.591,0.051,345.911,200.220,"Curva 8.",53.24
325.18,-277.513,0.765,-154.962,2.789,-0.468,35.333,0.467,1.000,0.000,-0.140,-0.400,35.443,0.439,1.501,-2.572,4.908,0.196,344.031,200.668,"Curva 8.",53.26
325.20,-277.436,0.751,-154.257,3.230,-0.567,35.298,0.467,1.000,0.000,0.193,-0.352,35.448,22.665,0.405,0.217,5.059,0.291,346.286,201.090,"Curva 8.",53.28
325.22,-277.364,0.738,-153.552,3.484,-0.583,35.267,0.467,1.000,0.000,0.337,-0.315,35.441,12.661,2.118,-0.367,5.226,0.324,346.936,201.518,"Curva 8.",53.30
325.24,-277.316,0.735,-152.843,3.418,-0.339,35.294,0.467,1.000,0.000,0.022,-0.197,35.460,-6.652,10.817,0.969,5.585,0.232,344.050,201.967,"Curva 8.",53.32
325.26,-277.239,0.726,-152.137,3.701,-0.392,35.266,0.467,1.000,0.000,0.043,-0.247,35.461,14.434,1.069,0.122,6.025,0.230,345.206,202.394,"Curva 8.",53.34
325.28,-277.142,0.715,-151.433,4.244,-0.319,35.212,0.467,1.000,0.000,0.282,-0.152,35.466,25.860,9.354,0.327,6.480,0.179,347.700,202.808,"Curva 8.",53.36
325.30,-277.074,0.714,-150.725,4.244,-0.113,35.237,0.467,1.000,0.000,-0.019,-0.118,35.491,-2.686,9.973,1.246,6.945,0.006,345.536,203.247,"Curva 8.",53.38
325.32,-276.998,0.713,-150.017,4.355,-0.176,35.254,0.467,1.000,0.000,-0.132,-0.241,35.521,6.005,-1.588,1.567,7.351,359.967,344.261,203.681,"Curva 8.",53.40
325.34,-276.887,0.702,-149.314,4.954,-0.355,35.198,0.467,1.000,0.000,0.388,-0.328,35.543,31.352,-1.678,1.141,7.527,359.912,346.526,204.088,"Curva 8.",53.42
325.36,-276.788,0.693,-148.612,5.004,-0.447,35.122,0.467,1.000,0.000,0.342,-0.393,35.476,3.959,-3.802,-3.429,7.718,359.977,346.672,204.505,"Curva 8.",53.44
325.38,-276.709,0.691,-147.905,4.913,-0.335,35.212,0.467,1.000,0.000,-0.017,-0.339,35.553,-6.500,3.955,3.777,8.120,0.023,343.965,204.942,"Curva 8.",53.46
325.40,-276.605,0.681,-147.203,5.133,-0.476,35.105,0.467,1.000,0.000,0.040,-0.431,35.479,13.144,-3.672,-3.649,8.442,0.079,344.607,205.359,"Curva 8.",53.48
325.42,-276.481,0.666,-146.501,5.413,-0.505,35.151,0.467,1.000,0.000,0.269,-0.455,35.564,13.455,1.545,4.324,8.492,0.003,347.239,205.763,"Curva 8.",53.50
325.44,-276.382,0.659,-145.799,5.355,-0.453,35.031,0.467,1.000,0.000,0.089,-0.432,35.438,-2.492,2.070,-6.348,8.717,0.019,346.289,206.186,"Curva 8.",53.52
325.46,-276.292,0.658,-145.097,5.368,-0.275,34.943,0.467,1.000,0.000,-0.054,-0.271,35.353,-1.217,8.921,-4.229,8.942,0.048,343.700,206.617,"Curva 8.",53.54
325.48,-276.162,0.645,-144.402,5.841,-0.439,34.901,0.467,1.000,0.000,0.330,-0.301,35.387,24.930,-2.316,1.674,9.098,0.109,346.212,207.017,"Curva 8.",53.56
325.50,-276.037,0.635,-143.706,6.047,-0.493,34.828,0.467,1.000,0.000,0.406,-0.304,35.348,11.097,-0.285,-1.962,9.318,0.173,347.106,207.423,"Curva 8.",53.58
325.52,-275.943,0.635,-143.004,5.875,-0.242,34.881,0.467,1.000,0.000,-0.051,-0.165,35.372,-12.041,9.599,1.137,9.716,0.159,343.816,207.856,"Curva 8.",53.60
325.54,-275.817,0.627,-142.307,6.114,-0.319,34.852,0.467,1.000,0.000,-0.075,-0.219,35.385,12.571,-0.611,0.696,10.159,0.206,344.992,208.264,"Curva 8.",53.62
325.56,-275.668,0.616,-141.613,6.717,-0.263,34.749,0.467,1.000,0.000,0.249,-0.130,35.392,29.334,9.085,0.490,10.588,0.135,348.072,208.656,"Curva 8.",53.64
325.58,-275.549,0.616,-140.913,6.746,-0.073,34.770,0.467,1.000,0.000,0.008,-0.157,35.418,-1.103,9.466,1.332,11.029,359.869,345.951,209.075,"Curva 8.",53.66
325.60,-275.427,0.616,-140.213,6.847,-0.122,34.784,0.467,1.000,0.000,-0.113,-0.293,35.450,5.302,-1.007,1.666,11.443,359.792,343.945,209.494,"Curva 8.",53.68
325.62,-275.266,0.606,-139.521,7.509,-0.284,34.659,0.467,1.000,0.000,0.457,-0.346,35.459,34.642,0.242,0.497,11.642,359.738,346.091,209.880,"Curva 8.",53.70
325.64,-275.114,0.597,-138.831,7.571,-0.498,34.590,0.467,1.000,0.000,0.494,-0.440,35.406,6.176,-9.521,-2.746,11.737,359.926,346.363,210.274,"Curva 8.",53.72
325.66,-274.982,0.594,-138.134,7.401,-0.404,34.670,0.467,1.000,0.000,0.080,-0.346,35.452,-10.112,1.988,2.158,12.080,0.080,344.101,210.689,"Curva 8.",53.74
325.68,-274.828,0.583,-137.443,7.512,-0.557,34.609,0.467,1.000,0.000,0.025,-0.412,35.417,7.829,-5.843,-1.775,12.376,0.246,345.316,211.084,"Curva 8.",53.76
325.70,-274.660,0.570,-136.754,7.875,-0.513,34.545,0.467,1.000,0.000,0.163,-0.312,35.433,17.482,6.203,0.845,12.696,0.280,347.356,211.472,"Curva 8.",53.78
325.72,-274.519,0.566,-136.058,7.934,-0.340,34.555,0.467,1.000,0.000,-0.025,-0.219,35.455,0.396,9.029,1.145,13.061,0.218,345.000,211.883,"Curva 8.",53.80
325.74,-274.363,0.561,-135.365,8.132,-0.248,34.529,0.467,1.000,0.000,-0.061,-0.189,35.474,8.331,7.123,1.001,13.430,0.133,344.330,212.285,"Curva 8.",53.82
325.76,-274.171,0.550,-134.681,8.789,-0.270,34.354,0.467,1.000,0.000,0.423,-0.174,35.459,33.426,6.328,-0.677,13.744,0.014,347.448,212.657,"Curva 8.",53.84
325.78,-274.002,0.546,-133.989,8.853,-0.200,34.391,0.467,1.000,0.000,0.286,-0.249,35.511,1.777,3.995,2.577,14.081,359.826,346.559,213.051,"Curva 8.",53.86
325.80,-273.845,0.549,-133.295,8.863,-0.056,34.399,0.467,1.000,0.000,0.013,-0.197,35.522,-1.649,7.030,0.524,14.518,359.780,343.727,213.457,"Curva 8.",53.88
325.82,-273.654,0.542,-132.610,9.301,-0.202,34.272,0.467,1.000,0.000,0.303,-0.285,35.509,23.918,-1.138,-0.567,14.831,359.755,344.959,213.836,"Curva 8.",53.90
325.84,-273.453,0.533,-131.930,9.485,-0.374,34.157,0.467,1.000,0.000,0.436,-0.376,35.447,12.011,-6.038,-3.197,14.969,359.854,346.988,214.205,"Curva 8.",53.92
325.86,-273.277,0.527,-131.244,9.325,-0.431,34.185,0.467,1.000,0.000,0.098,-0.448,35.434,-7.115,-4.705,-0.748,15.283,359.955,345.806,214.598,"Curva 8.",53.94
325.88,-273.103,0.522,-130.558,9.314,-0.450,34.135,0.467,1.000,0.000,-0.078,-0.416,35.383,0.381,-0.923,-2.570,15.568,0.115,344.129,214.993,"Curva 8.",53.96
325.90,-272.898,0.509,-129.881,9.689,-0.521,34.039,0.467,1.000,0.000,0.184,-0.367,35.392,19.641,1.179,0.491,15.741,0.195,346.209,215.363,"Curva 8.",53.98
325.92,-272.698,0.498,-129.202,9.922,-0.507,33.982,0.467,1.000,0.000,0.292,-0.330,35.402,11.494,3.403,0.455,15.937,0.193,346.826,215.739,"Curva 8.",54.00
325.94,-272.518,0.495,-128.515,9.898,-0.268,34.010,0.467,1.000,0.000,0.013,-0.220,35.422,-4.724,11.115,1.009,16.304,0.085,344.203,216.136,"Curva 8.",54.02
325.96,-272.311,0.487,-127.836,10.195,-0.308,33.933,0.467,1.000,0.000,0.063,-0.263,35.431,15.323,1.908,0.555,16.731,0.062,345.304,216.511,"Curva 8.",54.04
325.98,-272.087,0.479,-127.162,10.700,-0.239,33.789,0.467,1.000,0.000,0.299,-0.167,35.442,24.922,9.084,0.576,17.158,0.017,347.502,216.872,"Curva 8.",54.06
326.00,-271.892,0.480,-126.479,10.697,-0.144,33.826,0.467,1.000,0.000,0.022,-0.142,35.477,-1.946,4.378,1.726,17.574,0.002,344.845,217.261,"Curva 8.",54.08
326.02,-271.681,0.477,-125.801,10.811,-0.212,33.816,0.467,1.000,0.000,-0.060,-0.208,35.502,6.280,-1.758,1.295,17.912,0.045,344.374,217.638,"Curva 8.",54.10
326.04,-271.438,0.465,-125.133,11.370,-0.324,33.619,0.467,1.000,0.000,0.404,-0.224,35.488,30.119,0.994,-0.676,18.127,0.027,347.392,217.988,"Curva 8.",54.12
326.06,-271.215,0.460,-124.457,11.450,-0.306,33.640,0.467,1.000,0.000,0.326,-0.277,35.534,3.182,1.690,2.263,18.389,359.937,346.652,218.358,"Curva 8.",54.14
326.08,-271.006,0.461,-123.777,11.458,-0.152,33.638,0.467,1.000,0.000,0.093,-0.212,35.535,-1.753,7.483,0.035,18.763,359.875,343.635,218.743,"Curva 8.",54.16
326.10,-270.765,0.452,-123.107,11.831,-0.286,33.490,0.467,1.000,0.000,0.322,-0.343,35.516,21.076,-1.213,-0.907,19.100,359.791,344.827,219.100,"Curva 8.",54.18
326.12,-270.514,0.441,-122.444,11.983,-0.383,33.342,0.467,1.000,0.000,0.373,-0.426,35.428,10.462,-2.534,-4.447,19.334,359.813,347.093,219.448,"Curva 8.",54.20
326.14,-270.287,0.437,-121.772,11.856,-0.352,33.408,0.409,1.000,0.000,0.009,-0.438,35.449,-7.254,-0.252,0.964,19.698,359.879,345.911,219.819,"Curva 8.",54.22
326.16,-270.062,0.435,-121.101,11.876,-0.307,33.332,0.409,1.000,0.000,-0.139,-0.357,35.384,1.547,2.773,-3.261,19.986,0.003,344.072,220.194,"Curva 8.",54.24
326.18,-269.804,0.423,-120.443,12.312,-0.433,33.179,0.380,1.000,0.000,0.245,-0.332,35.390,23.944,-0.680,0.326,20.101,0.086,346.351,220.539,"Curva 8.",54.26
326.20,-269.553,0.413,-119.781,12.504,-0.490,33.099,0.380,1.000,0.000,0.380,-0.335,35.382,10.773,-0.394,-0.425,20.221,0.126,346.757,220.892,"Curva 8.",54.28
326.22,-269.323,0.412,-119.110,12.417,-0.252,33.152,0.371,1.000,0.000,0.063,-0.200,35.401,-8.149,10.089,0.939,20.524,0.067,343.943,221.267,"Curva 8.",54.30
326.24,-269.065,0.404,-118.450,12.650,-0.262,33.077,0.371,1.000,0.000,0.071,-0.221,35.414,11.968,2.615,0.663,20.910,0.049,345.206,221.619,"Curva 8.",54.32
326.26,-268.794,0.397,-117.794,13.045,-0.171,32.945,0.380,1.000,0.000,0.233,-0.150,35.433,19.306,8.979,1.002,21.286,359.958,347.457,221.961,"Curva 8.",54.34
326.28,-268.552,0.398,-117.126,12.975,-0.096,32.991,0.380,1.000,0.000,-0.046,-0.184,35.451,-4.944,2.543,0.879,21.619,359.886,344.786,222.332,"Curva 8.",54.36
326.30,-268.296,0.396,-116.464,13.056,-0.176,32.987,0.380,1.000,0.000,-0.101,-0.285,35.475,4.780,-2.815,1.284,21.874,359.884,344.324,222.690,"Curva 8.",54.38
326.32,-268.007,0.387,-115.815,13.588,-0.198,32.759,0.380,1.000,0.000,0.374,-0.211,35.463,28.475,5.221,-0.577,22.012,359.855,347.401,223.021,"Curva 8.",54.40
326.34,-267.741,0.384,-115.155,13.636,-0.151,32.794,0.380,1.000,0.000,0.289,-0.242,35.514,0.985,2.618,2.515,22.216,359.755,346.543,223.375,"Curva 8.",54.42
326.36,-267.488,0.388,-114.490,13.616,-0.013,32.812,0.380,1.000,0.000,0.034,-0.205,35.525,-3.173,6.272,0.523,22.577,359.688,343.620,223.743,"Curva 8.",54.44
326.38,-267.203,0.382,-113.838,13.969,-0.153,32.657,0.380,1.000,0.000,0.269,-0.359,35.517,20.445,-1.728,-0.316,22.892,359.574,344.886,224.084,"Curva 8.",54.46
326.40,-266.911,0.374,-113.192,14.088,-0.244,32.501,0.380,1.000,0.000,0.317,-0.412,35.420,9.339,-2.488,-4.892,23.086,359.631,347.002,224.416,"Curva 8.",54.48
326.42,-266.641,0.373,-112.537,13.957,-0.205,32.577,0.380,1.000,0.000,-0.030,-0.396,35.439,-7.811,0.014,0.898,23.396,359.723,345.731,224.772,"Curva 8.",54.50
326.44,-266.373,0.373,-111.882,13.966,-0.184,32.514,0.380,1.000,0.000,-0.163,-0.343,35.385,1.329,1.504,-2.698,23.651,359.835,344.145,225.130,"Curva 8.",54.52
326.46,-266.074,0.363,-111.240,14.370,-0.297,32.361,0.380,1.000,0.000,0.204,-0.345,35.407,22.325,-0.410,1.124,23.754,359.860,346.420,225.460,"Curva 8.",54.54
326.48,-265.783,0.356,-110.594,14.517,-0.355,32.283,0.380,1.000,0.000,0.321,-0.367,35.395,8.706,-0.922,-0.608,23.845,359.876,346.539,225.801,"Curva 8.",54.56
326.50,-265.510,0.358,-109.940,14.476,-0.071,32.316,0.380,1.000,0.000,0.063,-0.183,35.410,-6.345,12.941,0.708,24.114,359.802,343.970,226.160,"Curva 8.",54.58
326.52,-265.209,0.354,-109.297,14.740,-0.073,32.221,0.380,1.000,0.000,0.131,-0.198,35.431,13.580,3.444,1.126,24.459,359.754,345.465,226.495,"Curva 8.",54.60
326.54,-264.900,0.350,-108.658,15.080,-0.035,32.082,0.380,1.000,0.000,0.284,-0.183,35.448,17.469,5.870,0.840,24.793,359.668,347.241,226.824,"Curva 8.",54.62
326.56,-264.617,0.354,-108.006,14.985,0.037,32.143,0.380,1.000,0.000,-0.028,-0.224,35.463,-6.372,1.987,0.763,25.134,359.603,344.586,227.181,"Curva 8.",54.64
326.58,-264.318,0.354,-107.362,15.094,-0.037,32.112,0.380,1.000,0.000,-0.073,-0.272,35.481,6.394,-2.069,0.911,25.406,359.668,344.519,227.523,"Curva 8.",54.66
326.60,-263.991,0.349,-106.732,15.581,-0.027,31.869,0.400,1.000,0.000,0.339,-0.175,35.472,26.458,6.408,-0.442,25.582,359.649,347.433,227.840,"Curva 8.",54.68
326.62,-263.686,0.350,-106.089,15.627,0.027,31.902,0.400,1.000,0.000,0.233,-0.224,35.522,0.655,2.913,2.510,25.818,359.517,346.299,228.181,"Curva 8.",54.70
326.64,-263.390,0.355,-105.441,15.630,0.093,31.912,0.419,1.000,0.000,0.016,-0.262,35.533,-0.997,3.149,0.545,26.189,359.437,343.798,228.533,"Curva 8.",54.72
326.66,-263.064,0.351,-104.809,16.004,-0.029,31.725,0.429,1.000,0.000,0.281,-0.369,35.530,21.779,-0.559,-0.062,26.484,359.356,345.213,228.857,"Curva 8.",54.74
326.68,-262.734,0.347,-104.181,16.107,-0.098,31.565,0.429,1.000,0.000,0.324,-0.391,35.434,8.744,-1.456,-4.889,26.667,359.423,346.888,229.177,"Curva 8.",54.76
326.70,-262.426,0.350,-103.543,15.999,-0.031,31.645,0.448,1.000,0.000,-0.019,-0.359,35.458,-7.252,1.554,1.168,26.998,359.497,345.249,229.520,"Curva 8.",54.78
326.72,-262.112,0.350,-102.908,16.027,-0.086,31.563,0.448,1.000,0.000,-0.105,-0.371,35.397,3.729,-1.841,-3.069,27.246,359.607,344.461,229.857,"Curva 8.",54.80
326.74,-261.772,0.344,-102.286,16.422,-0.149,31.415,0.458,1.000,0.000,0.235,-0.352,35.447,21.123,1.759,2.521,27.360,359.600,346.685,230.172,"Curva 8.",54.82
326.76,-261.447,0.343,-101.656,16.474,-0.129,31.372,0.458,1.000,0.000,0.197,-0.323,35.433,2.939,1.772,-0.705,27.523,359.625,345.979,230.504,"Curva 8.",54.84
326.78,-261.129,0.347,-101.021,16.504,0.094,31.384,0.477,1.000,0.000,0.002,-0.182,35.459,-2.042,11.001,1.324,27.816,359.565,344.103,230.845,"Curva 8.",54.86
326.80,-260.782,0.344,-100.400,16.889,0.067,31.199,0.477,1.000,0.000,0.217,-0.197,35.476,21.080,3.770,0.897,28.165,359.500,346.209,231.159,"Curva 8.",54.88
326.82,-260.438,0.343,-99.778,17.152,0.003,31.093,0.477,1.000,0.000,0.300,-0.277,35.507,14.404,0.105,1.572,28.513,359.448,346.782,231.479,"Curva 8.",54.90
326.84,-260.112,0.350,-99.146,17.111,0.177,31.115,0.477,1.000,0.000,-0.004,-0.188,35.510,-4.583,7.735,0.105,28.897,359.425,344.241,231.818,"Curva 8.",54.92
326.86,-259.762,0.351,-98.528,17.362,0.063,30.982,0.477,1.000,0.000,0.103,-0.230,35.514,15.160,-1.899,0.218,29.198,359.497,345.316,232.133,"Curva 8.",54.94
326.88,-259.398,0.348,-97.917,17.737,0.030,30.777,0.477,1.000,0.000,0.353,-0.200,35.520,21.233,3.066,0.328,29.472,359.512,347.266,232.438,"Curva 8.",54.96
326.90,-259.059,0.353,-97.292,17.713,0.035,30.814,0.477,1.000,0.000,0.117,-0.243,35.541,-1.966,-0.280,0.963,29.812,359.516,344.884,232.769,"Curva 8.",54.98
326.92,-258.709,0.354,-96.673,17.777,-0.028,30.783,0.477,1.000,0.000,-0.007,-0.306,35.546,4.256,-2.077,0.262,30.149,359.574,344.351,233.091,"Curva 8.",55.00
326.94,-258.331,0.349,-96.070,18.226,-0.001,30.494,0.477,1.000,0.000,0.332,-0.221,35.523,25.737,7.214,-1.080,30.423,359.537,347.257,233.386,"Curva 8.",55.02
326.96,-257.974,0.350,-95.454,18.291,-0.053,30.500,0.477,1.000,0.000,0.230,-0.290,35.562,3.175,-1.897,1.910,30.705,359.543,345.873,233.705,"Curva 8.",55.04
326.98,-257.621,0.355,-94.836,18.307,0.102,30.490,0.477,1.000,0.000,0.006,-0.213,35.563,-1.252,7.739,0.045,31.069,359.503,343.798,234.030,"Curva 8.",55.06
327.00,-257.234,0.350,-94.239,18.730,-0.022,30.205,0.477,1.000,0.000,0.325,-0.272,35.538,26.209,-0.138,-1.197,31.395,359.488,346.627,234.320,"Curva 8.",55.08
327.02,-256.856,0.348,-93.636,18.904,-0.090,30.110,0.477,1.000,0.000,0.363,-0.298,35.549,10.442,-1.097,0.478,31.661,359.546,346.897,234.622,"Curva 8.",55.10
327.04,-256.499,0.357,-93.020,18.819,0.189,30.154,0.477,1.000,0.000,-0.018,-0.115,35.544,-8.498,12.094,-0.277,32.048,359.525,343.746,234.948,"Curva 8.",55.12
327.06,-256.110,0.355,-92.425,19.082,0.020,29.963,0.477,1.000,0.000,0.117,-0.218,35.523,17.808,-4.160,-1.047,32.396,359.580,345.563,235.241,"Curva 8.",55.14
327.08,-255.713,0.351,-91.835,19.423,-0.029,29.752,0.477,1.000,0.000,0.311,-0.243,35.529,20.132,1.928,0.325,32.733,359.556,347.621,235.527,"Curva 8.",55.16
327.10,-255.341,0.357,-91.227,19.362,0.182,29.797,0.477,1.000,0.000,-0.032,-0.187,35.535,-6.375,9.187,0.318,33.143,359.430,345.086,235.843,"Curva 8.",55.18
327.12,-254.957,0.361,-90.628,19.494,0.120,29.718,0.487,1.000,0.000,-0.092,-0.266,35.540,8.218,-0.906,0.324,33.521,359.433,344.442,236.147,"Curva 8.",55.20
327.14,-254.543,0.356,-90.048,20.004,0.026,29.433,0.487,1.000,0.000,0.396,-0.277,35.584,29.477,1.788,2.221,33.678,359.382,347.331,236.421,"Curva 8.",55.22
327.16,-254.147,0.357,-89.457,20.005,0.004,29.359,0.506,1.000,0.000,0.300,-0.353,35.524,2.287,-0.583,-3.036,33.930,359.329,346.715,236.716,"Curva 8.",55.24
327.18,-253.765,0.364,-88.857,19.979,0.107,29.392,0.506,1.000,0.000,0.018,-0.306,35.538,-3.374,4.392,0.650,34.316,359.346,343.825,237.027,"Curva 8.",55.26
327.20,-253.355,0.362,-88.276,20.298,-0.004,29.176,0.506,1.000,0.000,0.201,-0.356,35.540,20.048,-0.370,0.137,34.662,359.369,344.943,237.310,"Curva 8.",55.28
327.22,-252.935,0.358,-87.703,20.464,0.001,28.986,0.506,1.000,0.000,0.274,-0.318,35.479,11.880,2.929,-3.048,34.902,359.402,347.420,237.582,"Curva 8.",55.30
327.24,-252.536,0.361,-87.115,20.423,0.043,29.051,0.506,1.000,0.000,-0.023,-0.350,35.510,-3.945,1.196,1.515,35.280,359.392,346.085,237.879,"Curva 8.",55.32
327.26,-252.139,0.365,-86.528,20.418,0.041,28.961,0.506,1.000,0.000,-0.149,-0.362,35.433,2.326,0.608,-3.813,35.574,359.435,344.252,238.179,"Curva 8.",55.34
327.28,-251.711,0.360,-85.962,20.846,-0.108,28.687,0.506,1.000,0.000,0.263,-0.363,35.459,26.424,-1.434,1.322,35.727,359.506,346.701,238.446,"Curva 8.",55.36
327.30,-251.292,0.357,-85.392,20.955,-0.148,28.550,0.506,1.000,0.000,0.327,-0.321,35.412,8.652,-0.017,-2.373,35.880,359.613,346.942,238.724,"Curva 8.",55.38
327.32,-250.889,0.364,-84.807,20.921,0.109,28.611,0.506,1.000,0.000,0.005,-0.149,35.444,-6.549,11.446,1.527,36.232,359.591,344.194,239.023,"Curva 8.",55.40
327.34,-250.460,0.361,-84.242,21.193,0.005,28.425,0.506,1.000,0.000,0.091,-0.245,35.455,17.224,-1.016,0.640,36.661,359.572,345.822,239.295,"Curva 8.",55.42
327.36,-250.021,0.358,-83.683,21.564,0.010,28.159,0.506,1.000,0.000,0.247,-0.229,35.466,22.268,5.096,0.606,37.133,359.537,347.833,239.558,"Curva 8.",55.44
327.38,-249.607,0.365,-83.105,21.555,0.156,28.182,0.506,1.000,0.000,-0.071,-0.170,35.480,-2.913,6.747,0.697,37.591,359.512,344.990,239.851,"Curva 8.",55.46
327.40,-249.175,0.368,-82.541,21.717,0.087,28.075,0.506,1.000,0.000,-0.097,-0.213,35.493,10.259,-0.813,0.703,37.964,359.569,344.869,240.125,"Curva 8.",55.48
327.42,-248.716,0.363,-81.998,22.226,0.024,27.660,0.506,1.000,0.000,0.401,-0.191,35.481,32.751,3.715,-0.568,38.213,359.525,348.044,240.370,"Curva 8.",55.50
327.44,-248.276,0.364,-81.439,22.320,0.046,27.648,0.506,1.000,0.000,0.314,-0.282,35.531,3.725,1.992,2.498,38.522,359.368,347.046,240.640,"Curva 8.",55.52
327.46,-247.845,0.371,-80.872,22.344,0.159,27.636,0.506,1.000,0.000,0.089,-0.235,35.539,-0.290,5.761,0.345,38.922,359.341,344.126,240.923,"Curva 8.",55.54
327.48,-247.387,0.369,-80.328,22.690,0.023,27.337,0.506,1.000,0.000,0.375,-0.325,35.523,23.835,-0.804,-0.723,39.240,359.303,345.411,241.174,"Curva 8.",55.56
327.50,-246.922,0.365,-79.792,22.796,-0.080,27.157,0.506,1.000,0.000,0.447,-0.389,35.451,10.666,-2.880,-3.671,39.440,359.360,347.616,241.416,"Curva 8.",55.58
327.52,-246.478,0.366,-79.239,22.664,-0.098,27.276,0.506,1.000,0.000,0.051,-0.454,35.460,-8.388,-2.983,0.359,39.817,359.426,346.294,241.686,"Curva 8.",55.60
327.54,-246.034,0.367,-78.688,22.644,-0.102,27.220,0.506,1.000,0.000,-0.134,-0.408,35.405,1.042,0.082,-2.787,40.139,359.586,344.762,241.957,"Curva 8.",55.62
327.56,-245.564,0.361,-78.157,23.002,-0.157,26.946,0.506,1.000,0.000,0.191,-0.333,35.427,22.557,2.340,1.107,40.304,359.660,347.132,242.197,"Curva 8.",55.64
327.58,-245.101,0.358,-77.621,23.147,-0.166,26.813,0.506,1.000,0.000,0.286,-0.304,35.421,9.685,1.721,-0.329,40.459,359.687,347.364,242.449,"Curva 8.",55.66
327.60,-244.652,0.362,-77.071,23.139,0.056,26.855,0.506,1.000,0.000,0.019,-0.189,35.448,-4.528,10.262,1.361,40.799,359.606,344.788,242.720,"Curva 8.",55.68
327.62,-244.179,0.359,-76.542,23.402,-0.016,26.626,0.506,1.000,0.000,0.111,-0.246,35.448,17.769,0.604,0.049,41.231,359.597,346.360,242.964,"Curva 8.",55.70
327.64,-243.698,0.357,-76.019,23.739,0.039,26.342,0.506,1.000,0.000,0.241,-0.185,35.459,21.034,7.134,0.611,41.703,359.566,348.279,243.200,"Curva 8.",55.72
327.66,-243.238,0.364,-75.478,23.731,0.162,26.372,0.506,1.000,0.000,-0.075,-0.139,35.477,-2.784,5.630,0.897,42.157,359.552,345.548,243.465,"Curva 8.",55.74
327.68,-242.763,0.366,-74.950,23.886,0.048,26.253,0.506,1.000,0.000,-0.086,-0.221,35.492,10.863,-3.091,0.828,42.521,359.612,345.547,243.712,"Curva 8.",55.76
327.70,-242.264,0.360,-74.444,24.321,-0.046,25.828,0.506,1.000,0.000,0.371,-0.226,35.474,30.708,1.510,-0.859,42.766,359.596,348.425,243.931,"Curva 8.",55.78
327.72,-241.782,0.361,-73.921,24.419,-0.009,25.799,0.506,1.000,0.000,0.284,-0.261,35.521,4.039,2.771,2.289,43.069,359.504,347.439,244.174,"Curva 8.",55.80
327.74,-241.307,0.367,-73.392,24.445,0.114,25.782,0.506,1.000,0.000,0.058,-0.208,35.528,-0.107,6.334,0.330,43.472,359.469,344.822,244.428,"Curva 8.",55.82
327.76,-240.806,0.364,-72.886,24.774,0.007,25.470,0.506,1.000,0.000,0.330,-0.311,35.529,23.273,0.158,0.101,43.807,359.376,346.360,244.651,"Curva 8.",55.84
327.78,-240.303,0.359,-72.386,24.836,-0.143,25.277,0.506,1.000,0.000,0.381,-0.443,35.432,10.315,-5.414,-4.879,44.042,359.403,347.979,244.870,"Curva 8.",55.86
327.80,-239.816,0.359,-71.869,24.776,-0.101,25.390,0.506,1.000,0.000,0.032,-0.426,35.474,-6.428,0.601,1.986,44.409,359.483,346.533,245.113,"Curva 8.",55.88
327.82,-239.326,0.360,-71.359,24.777,-0.113,25.282,0.506,1.000,0.000,-0.069,-0.361,35.398,3.862,0.373,-3.817,44.674,359.644,345.749,245.350,"Curva 8.",55.90
327.84,-238.814,0.354,-70.868,25.122,-0.111,25.023,0.506,1.000,0.000,0.263,-0.276,35.456,20.888,4.509,2.927,44.791,359.655,348.004,245.563,"Curva 8.",55.92
327.86,-238.315,0.352,-70.364,25.182,-0.144,24.976,0.506,1.000,0.000,0.236,-0.317,35.466,4.048,-0.764,0.472,44.976,359.649,347.297,245.794,"Curva 8.",55.94
327.88,-237.820,0.355,-69.854,25.184,0.008,25.004,0.506,1.000,0.000,0.007,-0.237,35.488,-2.807,7.129,1.091,45.290,359.613,345.536,246.035,"Curva 8.",55.96
327.90,-237.303,0.352,-69.366,25.471,0.017,24.722,0.506,1.000,0.000,0.162,-0.209,35.495,19.565,4.720,0.413,45.670,359.587,347.694,246.248,"Curva 8.",55.98
327.92,-236.788,0.351,-68.876,25.689,0.027,24.538,0.506,1.000,0.000,0.216,-0.206,35.524,13.826,3.312,1.490,46.039,359.561,348.384,246.466,"Curva 8.",56.00
327.94,-236.287,0.358,-68.370,25.685,0.171,24.557,0.506,1.000,0.000,-0.064,-0.150,35.535,-2.551,6.791,0.556,46.446,359.516,345.917,246.705,"Curva 8.",56.02
327.96,-235.767,0.357,-67.886,25.888,-0.006,24.339,0.506,1.000,0.000,0.046,-0.270,35.532,16.468,-5.235,-0.130,46.792,359.568,346.957,246.919,"Curva 8.",56.04
327.98,-235.236,0.353,-67.413,26.189,-0.037,24.005,0.506,1.000,0.000,0.296,-0.239,35.525,22.375,2.766,-0.326,47.096,359.590,348.979,247.120,"Curva 8.",56.06
328.00,-234.723,0.357,-66.920,26.208,0.001,24.013,0.506,1.000,0.000,0.091,-0.216,35.545,-0.079,1.928,0.966,47.441,359.626,346.740,247.348,"Curva 8.",56.08
328.02,-234.202,0.358,-66.436,26.283,-0.023,23.943,0.506,1.000,0.000,-0.021,-0.236,35.553,5.252,0.052,0.391,47.792,359.676,346.098,247.567,"Curva 8.",56.10
328.04,-233.658,0.352,-65.976,26.632,-0.079,23.525,0.506,1.000,0.000,0.344,-0.258,35.532,27.232,2.450,-0.973,48.080,359.614,348.958,247.757,"Curva 8.",56.12
328.06,-233.131,0.350,-65.499,26.704,-0.174,23.502,0.506,1.000,0.000,0.251,-0.354,35.571,4.196,-3.950,1.889,48.374,359.638,347.823,247.970,"Curva 8.",56.14
328.08,-232.607,0.353,-65.017,26.714,0.023,23.487,0.506,1.000,0.000,0.019,-0.207,35.570,-1.575,9.746,-0.078,48.730,359.633,345.753,248.192,"Curva 8.",56.16
328.10,-232.056,0.349,-64.565,27.024,-0.020,23.102,0.506,1.000,0.000,0.308,-0.195,35.551,24.646,2.851,-0.896,49.051,359.625,348.501,248.376,"Curva 8.",56.18
328.12,-231.512,0.346,-64.106,27.185,-0.111,22.941,0.506,1.000,0.000,0.368,-0.276,35.568,12.000,-2.264,0.823,49.344,359.628,348.861,248.572,"Curva 8.",56.20
328.14,-230.984,0.352,-63.628,27.106,0.075,23.021,0.506,1.000,0.000,-0.012,-0.173,35.562,-7.714,7.616,-0.361,49.745,359.615,345.919,248.793,"Curva 8.",56.22
328.16,-230.434,0.349,-63.178,27.272,-0.064,22.778,0.506,1.000,0.000,0.069,-0.238,35.532,15.786,-3.622,-1.464,50.104,359.705,347.571,248.982,"Curva 8.",56.24
328.18,-229.876,0.345,-62.737,27.545,-0.025,22.457,0.506,1.000,0.000,0.244,-0.171,35.538,20.412,5.673,0.308,50.471,359.699,349.835,249.162,"Curva 8.",56.26
328.20,-229.336,0.350,-62.272,27.529,0.144,22.493,0.506,1.000,0.000,-0.069,-0.151,35.550,-3.674,7.822,0.605,50.911,359.554,347.437,249.372,"Curva 8.",56.28
328.22,-228.788,0.352,-61.817,27.626,0.044,22.396,0.506,1.000,0.000,-0.157,-0.296,35.562,7.760,-3.300,0.707,51.325,359.523,346.558,249.573,"Curva 8.",56.30
328.24,-228.217,0.346,-61.391,28.020,-0.063,21.948,0.506,1.000,0.000,0.325,-0.325,35.589,30.296,0.145,1.391,51.509,359.491,349.536,249.739,"Curva 8.",56.32
328.26,-227.660,0.345,-60.950,27.991,-0.080,21.861,0.506,1.000,0.000,0.227,-0.346,35.514,2.634,-0.356,-3.818,51.756,359.513,349.138,249.926,"Curva 8.",56.34
328.28,-227.114,0.352,-60.494,27.988,0.092,21.899,0.506,1.000,0.000,-0.062,-0.227,35.536,-3.626,7.994,1.125,52.144,359.519,346.062,250.133,"Curva 8.",56.36
328.30,-226.546,0.348,-60.065,28.250,-0.037,21.575,0.516,1.000,0.000,0.156,-0.352,35.545,21.747,-1.720,0.507,52.510,359.451,347.220,250.309,"Curva 8.",56.38
328.32,-225.970,0.344,-59.649,28.353,-0.071,21.332,0.516,1.000,0.000,0.239,-0.370,35.479,12.885,0.645,-3.289,52.769,359.458,349.800,250.472,"Curva 8.",56.40
328.34,-225.409,0.345,-59.213,28.340,-0.040,21.398,0.516,1.000,0.000,-0.046,-0.377,35.509,-3.271,0.907,1.452,53.138,359.483,348.734,250.660,"Curva 8.",56.42
328.36,-224.852,0.349,-58.774,28.320,0.022,21.322,0.516,1.000,0.000,-0.182,-0.297,35.448,1.646,3.610,-3.015,53.421,359.565,346.631,250.855,"Curva 8.",56.44
328.38,-224.273,0.344,-58.364,28.631,-0.087,20.907,0.526,1.000,0.000,0.264,-0.322,35.450,26.504,-0.183,0.130,53.547,359.546,348.509,251.016,"Curva 8.",56.46
328.40,-223.695,0.339,-57.954,28.728,-0.188,20.720,0.526,1.000,0.000,0.413,-0.378,35.417,11.168,-3.056,-1.663,53.654,359.581,349.494,251.180,"Curva 8.",56.48
328.42,-223.130,0.341,-57.524,28.728,-0.046,20.835,0.516,1.000,0.000,0.085,-0.280,35.486,-6.091,5.861,3.393,54.015,359.603,347.297,251.370,"Curva 8.",56.50
328.44,-222.555,0.340,-57.112,28.756,-0.066,20.643,0.516,1.000,0.000,0.060,-0.254,35.398,8.618,0.889,-4.433,54.319,359.684,347.859,251.541,"Curva 8.",56.52
328.46,-221.966,0.337,-56.715,29.044,-0.011,20.290,0.516,1.000,0.000,0.312,-0.191,35.428,21.903,6.574,1.529,54.617,359.628,350.128,251.694,"Curva 8.",56.54
328.48,-221.393,0.338,-56.296,29.103,-0.025,20.304,0.516,1.000,0.000,0.122,-0.261,35.485,1.271,-0.451,2.815,54.992,359.587,348.145,251.876,"Curva 8.",56.56
328.50,-220.814,0.340,-55.883,29.166,0.020,20.264,0.516,1.000,0.000,-0.052,-0.247,35.514,2.829,2.913,1.461,55.378,359.598,347.225,252.051,"Curva 8.",56.58
328.52,-220.215,0.336,-55.500,29.477,0.028,19.796,0.516,1.000,0.000,0.305,-0.188,35.505,27.607,5.167,-0.359,55.681,359.572,350.262,252.194,"Curva 8.",56.60
328.54,-219.629,0.337,-55.097,29.560,-0.072,19.773,0.516,1.000,0.000,0.215,-0.271,35.562,4.170,-4.308,2.789,55.963,359.622,349.188,252.361,"Curva 8.",56.62
328.56,-219.047,0.341,-54.686,29.548,0.052,19.805,0.516,1.000,0.000,-0.055,-0.198,35.571,-3.013,5.646,0.438,56.326,359.626,346.930,252.539,"Curva 8.",56.64
328.58,-218.443,0.336,-54.310,29.788,-0.082,19.392,0.516,1.000,0.000,0.228,-0.251,35.542,24.671,-2.297,-1.414,56.647,359.667,349.671,252.679,"Curva 8.",56.66
328.60,-217.844,0.333,-53.928,29.916,-0.142,19.199,0.516,1.000,0.000,0.279,-0.274,35.545,11.907,-1.022,0.102,56.938,359.718,350.456,252.828,"Curva 8.",56.68
328.62,-217.259,0.338,-53.523,29.846,0.093,19.288,0.526,1.000,0.000,-0.105,-0.118,35.536,-8.058,10.242,-0.470,57.336,359.700,347.356,253.006,"Curva 8.",56.70
328.64,-216.656,0.335,-53.147,29.987,-0.071,19.011,0.526,1.000,0.000,-0.013,-0.233,35.505,16.779,-5.052,-1.479,57.721,359.752,348.712,253.152,"Curva 8.",56.72
328.66,-216.044,0.331,-52.786,30.257,-0.091,18.553,0.526,1.000,0.000,0.257,-0.225,35.491,26.399,3.108,-0.642,58.130,359.723,351.228,253.283,"Curva 8.",56.74
328.68,-215.446,0.333,-52.400,30.270,0.069,18.552,0.526,1.000,0.000,-0.018,-0.192,35.502,-1.127,7.916,0.593,58.583,359.589,349.224,253.443,"Curva 8.",56.76
328.70,-214.845,0.336,-52.021,30.352,0.069,18.440,0.526,1.000,0.000,-0.141,-0.219,35.514,6.781,1.424,0.657,59.017,359.590,347.948,253.598,"Curva 8.",56.78
328.72,-214.222,0.331,-51.676,30.692,-0.074,17.929,0.516,1.000,0.000,0.352,-0.278,35.543,31.400,-2.138,1.467,59.220,359.586,350.783,253.716,"Curva 8.",56.80
328.74,-213.611,0.328,-51.316,30.670,-0.164,17.843,0.516,1.000,0.000,0.307,-0.376,35.480,3.842,-3.916,-3.187,59.422,359.584,350.473,253.854,"Curva 8.",56.82
328.76,-213.007,0.331,-50.940,30.661,-0.037,17.914,0.526,1.000,0.000,0.018,-0.284,35.509,-4.587,5.511,1.429,59.772,359.605,347.723,254.011,"Curva 8.",56.84
328.78,-212.388,0.327,-50.591,30.837,-0.098,17.631,0.526,1.000,0.000,0.134,-0.331,35.520,16.920,0.186,0.581,60.131,359.592,348.892,254.140,"Curva 8.",56.86
328.80,-211.763,0.323,-50.255,30.895,-0.079,17.386,0.516,1.000,0.000,0.184,-0.307,35.449,11.803,2.792,-3.532,60.410,359.593,351.460,254.256,"Curva 8.",56.88
328.82,-211.150,0.322,-49.896,30.906,-0.083,17.436,0.516,1.000,0.000,-0.084,-0.371,35.484,-1.820,-0.553,1.729,60.805,359.567,350.236,254.399,"Curva 8.",56.90
328.84,-210.540,0.323,-49.537,30.873,-0.089,17.357,0.516,1.000,0.000,-0.206,-0.349,35.415,2.660,0.261,-3.371,61.095,359.659,348.350,254.546,"Curva 8.",56.92
328.86,-209.911,0.318,-49.209,31.143,-0.155,16.898,0.516,1.000,0.000,0.243,-0.328,35.430,26.778,1.148,0.777,61.216,359.662,350.500,254.659,"Curva 8.",56.94
328.88,-209.285,0.313,-48.880,31.191,-0.211,16.712,0.516,1.000,0.000,0.360,-0.326,35.383,9.664,-1.396,-2.384,61.321,359.733,351.466,254.776,"Curva 8.",56.96
328.90,-208.670,0.314,-48.526,31.201,-0.100,16.853,0.516,1.000,0.000,0.000,-0.246,35.461,-6.970,4.309,3.821,61.701,359.770,348.938,254.922,"Curva 8.",56.98
328.92,-208.045,0.310,-48.194,31.213,-0.214,16.654,0.516,1.000,0.000,-0.039,-0.300,35.377,9.982,-4.003,-4.180,62.068,359.881,349.675,255.046,"Curva 8.",57.00
328.94,-207.409,0.304,-47.883,31.441,-0.135,16.219,0.516,1.000,0.000,0.217,-0.209,35.377,23.815,7.110,0.056,62.409,359.838,352.538,255.148,"Curva 8.",57.02
328.96,-206.786,0.304,-47.545,31.492,-0.119,16.203,0.516,1.000,0.000,0.042,-0.218,35.416,1.746,1.089,1.916,62.766,359.833,350.517,255.283,"Curva 8.",57.04
328.98,-206.160,0.305,-47.210,31.551,-0.022,16.159,0.516,1.000,0.000,-0.123,-0.157,35.448,2.272,5.399,1.641,63.123,359.825,349.003,255.414,"Curva 8.",57.06
329.00,-205.514,0.299,-46.915,31.839,-0.090,15.568,0.516,1.000,0.000,0.370,-0.196,35.439,33.060,1.032,-0.358,63.393,359.751,352.292,255.505,"Curva 8.",57.08
329.02,-204.879,0.295,-46.599,31.916,-0.252,15.529,0.516,1.000,0.000,0.337,-0.334,35.491,4.586,-7.492,2.519,63.595,359.793,351.615,255.620,"Curva 8.",57.10
329.04,-204.248,0.296,-46.271,31.883,-0.064,15.615,0.516,1.000,0.000,0.036,-0.175,35.501,-6.260,8.378,0.475,63.902,359.814,349.324,255.749,"Curva 8.",57.12
329.06,-203.602,0.292,-45.977,32.047,-0.110,15.277,0.516,1.000,0.000,0.196,-0.182,35.501,18.950,0.390,0.020,64.241,359.842,351.835,255.844,"Curva 8.",57.14
329.08,-202.957,0.288,-45.678,32.166,-0.176,15.065,0.526,1.000,0.000,0.243,-0.249,35.518,12.441,-1.732,0.796,64.566,359.836,352.651,255.946,"Curva 8.",57.16
329.10,-202.323,0.289,-45.356,32.114,-0.052,15.148,0.526,1.000,0.000,-0.102,-0.181,35.507,-5.879,5.262,-0.552,64.960,359.825,349.905,256.075,"Curva 8.",57.18
329.12,-201.677,0.284,-45.064,32.204,-0.196,14.867,0.516,1.000,0.000,-0.034,-0.260,35.470,15.562,-4.932,-1.794,65.337,359.908,351.443,256.173,"Curva 8.",57.20
329.14,-201.023,0.280,-44.786,32.386,-0.120,14.443,0.516,1.000,0.000,0.170,-0.170,35.460,22.521,6.195,-0.436,65.721,359.892,353.917,256.258,"Curva 8.",57.22
329.16,-200.382,0.281,-44.480,32.402,0.030,14.443,0.516,1.000,0.000,-0.089,-0.144,35.475,-0.752,7.451,0.790,66.151,359.744,351.596,256.375,"Curva 8.",57.24
329.18,-199.736,0.281,-44.183,32.478,-0.040,14.320,0.516,1.000,0.000,-0.187,-0.249,35.493,7.607,-2.236,0.995,66.571,359.719,350.377,256.485,"Curva 8.",57.26
329.20,-199.073,0.276,-43.923,32.758,-0.070,13.742,0.516,1.000,0.000,0.337,-0.282,35.521,32.074,2.231,1.470,66.755,359.598,353.293,256.555,"Curva 8.",57.28
329.22,-198.422,0.272,-43.645,32.686,-0.265,13.697,0.516,1.000,0.000,0.226,-0.402,35.438,1.852,-9.553,-4.220,66.984,359.737,352.771,256.649,"Curva 8.",57.30
329.24,-197.775,0.272,-43.353,32.721,-0.151,13.831,0.516,1.000,0.000,-0.111,-0.282,35.523,-6.371,4.710,4.183,67.337,359.823,350.588,256.759,"Curva 8.",57.32
329.26,-197.115,0.267,-43.090,32.800,-0.170,13.473,0.516,1.000,0.000,0.067,-0.285,35.458,18.040,1.506,-3.162,67.625,359.804,352.208,256.839,"Curva 8.",57.34
329.28,-196.453,0.262,-42.835,32.926,-0.182,13.208,0.516,1.000,0.000,0.199,-0.313,35.475,14.615,0.946,0.868,67.876,359.757,354.036,256.914,"Curva 8.",57.36
329.30,-195.799,0.260,-42.555,32.973,-0.139,13.250,0.516,1.000,0.000,-0.062,-0.299,35.534,-1.370,1.959,2.934,68.273,359.760,352.139,257.016,"Curva 8.",57.38
329.32,-195.143,0.259,-42.290,32.925,-0.135,13.068,0.516,1.000,0.000,-0.123,-0.237,35.423,7.522,1.274,-5.532,68.604,359.868,351.827,257.105,"Curva 8.",57.40
329.34,-194.475,0.254,-42.050,33.128,-0.118,12.575,0.516,1.000,0.000,0.253,-0.185,35.434,26.438,3.526,0.580,68.838,359.852,354.235,257.169,"Curva 8.",57.42
329.36,-193.814,0.252,-41.790,33.229,-0.190,12.526,0.516,1.000,0.000,0.178,-0.262,35.510,4.478,-3.081,3.794,69.113,359.851,352.915,257.256,"Curva 8.",57.44
329.38,-193.152,0.250,-41.529,33.254,-0.104,12.529,0.516,1.000,0.000,-0.029,-0.211,35.535,-0.318,4.292,1.250,69.451,359.838,351.693,257.346,"Curva 8.",57.46
329.40,-192.479,0.246,-41.300,33.415,-0.086,12.106,0.516,1.000,0.000,0.208,-0.189,35.539,22.451,3.110,0.258,69.782,359.802,354.421,257.403,"Curva 8.",57.48
329.42,-191.810,0.243,-41.055,33.494,-0.176,11.991,0.516,1.000,0.000,0.189,-0.278,35.575,7.160,-3.783,1.744,70.047,359.806,353.943,257.480,"Curva 8.",57.50
329.44,-191.146,0.244,-40.798,33.478,-0.054,12.042,0.516,1.000,0.000,-0.074,-0.200,35.577,-3.521,5.665,0.117,70.382,359.785,351.607,257.571,"Curva 8.",57.52
329.46,-190.471,0.239,-40.576,33.587,-0.154,11.659,0.526,1.000,0.000,0.126,-0.249,35.553,20.296,-2.895,-1.180,70.697,359.828,353.965,257.627,"Curva 8.",57.54
329.48,-189.795,0.235,-40.354,33.676,-0.166,11.389,0.526,1.000,0.000,0.216,-0.240,35.548,14.200,0.549,-0.227,70.999,359.855,355.370,257.685,"Curva 8.",57.56
329.50,-189.129,0.237,-40.103,33.634,-0.021,11.507,0.516,1.000,0.000,-0.152,-0.138,35.547,-7.160,6.342,-0.085,71.385,359.846,352.345,257.776,"Curva 8.",57.58
329.52,-188.455,0.233,-39.879,33.701,-0.172,11.241,0.516,1.000,0.000,-0.113,-0.237,35.526,14.479,-5.829,-0.962,71.780,359.920,353.047,257.841,"Curva 8.",57.60
329.54,-187.773,0.229,-39.681,33.860,-0.127,10.662,0.516,1.000,0.000,0.266,-0.187,35.498,29.750,4.336,-1.335,72.113,359.875,356.024,257.880,"Curva 8.",57.62
329.56,-187.097,0.227,-39.457,33.897,-0.031,10.612,0.516,1.000,0.000,0.109,-0.202,35.519,2.502,5.039,1.035,72.471,359.709,354.640,257.948,"Curva 8.",57.64
329.58,-186.423,0.229,-39.229,33.935,0.037,10.551,0.516,1.000,0.000,-0.068,-0.189,35.537,3.022,3.811,0.938,72.878,359.653,352.548,258.021,"Curva 8.",57.66
329.60,-185.737,0.226,-39.037,34.111,-0.028,10.021,0.516,1.000,0.000,0.340,-0.276,35.550,28.090,-0.445,0.720,73.128,359.547,354.313,258.059,"Curva 8.",57.68
329.62,-185.055,0.222,-38.844,34.074,-0.214,9.835,0.516,1.000,0.000,0.407,-0.408,35.461,9.140,-8.539,-4.534,73.301,359.633,355.123,258.102,"Curva 8.",57.70
329.64,-184.378,0.220,-38.632,34.079,-0.229,10.001,0.516,1.000,0.000,0.055,-0.371,35.515,-7.769,-1.658,2.588,73.624,359.765,353.514,258.166,"Curva 8.",57.72
329.66,-183.697,0.215,-38.436,34.061,-0.311,9.900,0.516,1.000,0.000,-0.018,-0.344,35.470,4.970,-3.586,-2.278,73.877,359.951,354.216,258.214,"Curva 8.",57.74
329.68,-183.011,0.209,-38.253,34.178,-0.245,9.608,0.516,1.000,0.000,0.143,-0.257,35.503,15.382,4.380,1.662,74.098,359.966,355.928,258.252,"Curva 8.",57.76
329.70,-182.329,0.205,-38.049,34.249,-0.201,9.548,0.516,1.000,0.000,0.023,-0.250,35.555,3.606,2.568,2.623,74.424,359.919,354.341,258.312,"Curva 8.",57.78
329.72,-181.644,0.203,-37.855,34.308,-0.127,9.425,0.516,1.000,0.000,-0.086,-0.216,35.578,6.289,4.419,1.215,74.813,359.873,353.863,258.365,"Curva 8.",57.80
329.74,-180.951,0.200,-37.689,34.431,-0.058,8.933,0.516,1.000,0.000,0.194,-0.176,35.570,25.109,4.985,-0.362,75.161,359.791,356.523,258.390,"Curva 8.",57.82
329.76,-180.264,0.198,-37.502,34.497,-0.119,8.860,0.516,1.000,0.000,0.080,-0.241,35.616,4.568,-2.737,2.274,75.499,359.796,355.370,258.439,"Curva 8.",57.84
329.78,-179.577,0.198,-37.311,34.504,-0.046,8.864,0.516,1.000,0.000,-0.143,-0.174,35.624,-0.532,3.623,0.411,75.851,359.823,353.562,258.494,"Curva 8.",57.86
329.80,-178.882,0.194,-37.157,34.608,-0.132,8.375,0.516,1.000,0.000,0.190,-0.202,35.606,25.259,-2.590,-0.817,76.113,359.867,356.148,258.513,"Curva 8.",57.88
329.82,-178.188,0.190,-36.996,34.675,-0.226,8.155,0.516,1.000,0.000,0.281,-0.255,35.620,11.721,-4.044,0.642,76.338,359.928,356.798,258.540,"Curva 8.",57.90
329.84,-177.499,0.190,-36.811,34.638,-0.096,8.275,0.516,1.000,0.000,-0.065,-0.149,35.613,-6.883,5.800,-0.389,76.692,359.927,354.182,258.595,"Curva 8.",57.92
329.86,-176.806,0.185,-36.654,34.664,-0.228,8.026,0.516,1.000,0.000,-0.046,-0.239,35.581,12.908,-5.561,-1.537,77.070,359.991,355.265,258.622,"Curva 8.",57.94
329.88,-176.108,0.180,-36.514,34.750,-0.192,7.569,0.516,1.000,0.000,0.177,-0.219,35.565,23.149,2.846,-0.752,77.443,359.944,357.513,258.635,"Curva 8.",57.96
329.90,-175.416,0.177,-36.347,34.763,-0.177,7.544,0.516,1.000,0.000,-0.035,-0.225,35.572,1.284,0.851,0.367,77.841,359.928,355.530,258.677,"Curva 8.",57.98
329.92,-174.721,0.174,-36.192,34.793,-0.180,7.440,0.516,1.000,0.000,-0.163,-0.225,35.579,5.405,0.283,0.398,78.223,359.953,355.017,258.709,"Curva 8.",58.00
329.94,-174.020,0.169,-36.069,34.894,-0.156,6.888,0.516,1.000,0.000,0.224,-0.199,35.567,27.959,2.324,-0.556,78.485,359.917,357.761,258.710,"Curva 8.",58.02
329.96,-173.323,0.165,-35.921,34.971,-0.265,6.814,0.516,1.000,0.000,0.146,-0.284,35.628,4.735,-5.190,3.022,78.770,359.955,356.335,258.738,"Curva 8.",58.04
329.98,-172.626,0.162,-35.772,34.986,-0.175,6.840,0.516,1.000,0.000,-0.072,-0.192,35.648,-1.555,4.416,1.005,79.081,359.984,354.712,258.769,"Curva 8.",58.06
330.00,-171.920,0.157,-35.663,35.076,-0.169,6.353,0.516,1.000,0.000,0.246,-0.179,35.646,24.716,1.156,-0.076,79.348,359.970,357.969,258.762,"Curva 8.",58.08
330.02,-171.219,0.152,-35.535,35.119,-0.309,6.239,0.516,1.000,0.000,0.242,-0.295,35.669,6.287,-6.771,1.099,79.556,0.007,357.749,258.775,"Curva 8.",58.10
330.04,-170.521,0.150,-35.387,35.092,-0.131,6.349,0.516,1.000,0.000,-0.058,-0.141,35.662,-6.403,8.348,-0.367,79.858,359.994,354.844,258.811,"Curva 8.",58.12
330.06,-169.816,0.146,-35.273,35.134,-0.107,5.970,0.516,1.000,0.000,0.112,-0.175,35.637,18.878,2.461,-1.160,80.195,359.879,356.279,258.814,"Curva 8.",58.14
330.08,-169.109,0.143,-35.175,35.186,-0.048,5.688,0.516,1.000,0.000,0.214,-0.202,35.642,14.315,3.192,0.259,80.479,359.746,359.078,258.804,"Curva 8.",58.16
330.10,-168.405,0.141,-35.048,35.199,-0.045,5.792,0.516,1.000,0.000,-0.139,-0.300,35.671,-5.028,-0.067,1.465,80.897,359.599,357.872,258.824,"Curva 8.",58.18
330.12,-167.707,0.140,-34.917,35.094,-0.135,5.757,0.516,1.000,0.000,-0.298,-0.329,35.560,1.246,-4.406,-5.508,81.202,359.724,355.851,258.850,"Curva 8.",58.20
330.14,-167.003,0.136,-34.821,35.150,-0.247,5.238,0.516,1.000,0.000,0.184,-0.347,35.537,26.302,-4.319,-1.185,81.255,359.825,357.266,258.844,"Curva 8.",58.22
330.16,-166.299,0.130,-34.731,35.153,-0.350,5.039,0.516,1.000,0.000,0.388,-0.368,35.510,9.942,-4.964,-1.356,81.228,359.959,358.921,258.833,"Curva 8.",58.24
330.18,-165.598,0.123,-34.616,35.165,-0.381,5.160,0.516,1.000,0.000,0.138,-0.338,35.542,-5.830,-1.827,1.481,81.455,0.059,357.355,258.850,"Curva 8.",58.26
330.20,-164.896,0.116,-34.506,35.166,-0.395,5.170,0.516,1.000,0.000,-0.074,-0.320,35.545,-0.452,-0.742,0.120,81.784,0.129,356.795,258.863,"Curva 8.",58.28
330.22,-164.189,0.109,-34.422,35.230,-0.277,4.792,0.516,1.000,0.000,0.086,-0.242,35.554,19.064,6.236,0.560,82.121,0.053,359.099,258.852,"Curva 8.",58.30
330.24,-163.484,0.104,-34.322,35.310,-0.238,4.684,0.516,1.000,0.000,-0.024,-0.251,35.619,5.831,2.076,3.270,82.493,359.980,358.549,258.860,"Curva 8.",58.32
330.26,-162.778,0.102,-34.217,35.339,-0.080,4.649,0.516,1.000,0.000,-0.230,-0.147,35.642,1.534,7.971,1.221,82.885,359.910,357.293,258.873,"Curva 8.",58.34
330.28,-162.068,0.099,-34.144,35.396,-0.106,4.173,0.516,1.000,0.000,0.054,-0.185,35.641,23.998,-0.988,0.022,83.193,359.872,359.309,258.857,"Curva 8.",58.36
330.30,-161.359,0.096,-34.066,35.471,-0.187,3.823,0.516,1.000,0.000,0.239,-0.241,35.675,17.879,-3.887,1.733,83.469,359.910,359.472,258.847,"Curva 8.",58.38
330.32,-160.652,0.095,-33.972,35.473,-0.105,3.860,0.516,1.000,0.000,0.006,-0.143,35.682,-2.063,3.980,0.302,83.790,359.939,357.207,258.856,"Curva 8.",58.40
330.34,-159.942,0.091,-33.907,35.479,-0.221,3.602,0.516,1.000,0.000,0.064,-0.198,35.661,13.019,-5.499,-1.024,84.108,0.034,358.773,258.837,"Curva 8.",58.42
330.36,-159.231,0.086,-33.850,35.511,-0.229,3.266,0.516,1.000,0.000,0.192,-0.225,35.661,16.859,-0.588,-0.022,84.434,0.010,0.560,258.812,"Curva 8.",58.44
330.38,-158.522,0.081,-33.765,35.501,-0.225,3.308,0.516,1.000,0.000,-0.081,-0.247,35.655,-2.132,0.130,-0.319,84.821,359.969,358.162,258.818,"Curva 8.",58.46
330.40,-157.813,0.076,-33.697,35.498,-0.284,3.154,0.516,1.000,0.000,-0.168,-0.292,35.638,7.751,-2.663,-0.789,85.210,-0.003,357.903,258.808,"Curva 8.",58.48
330.42,-157.101,0.072,-33.662,35.517,-0.154,2.606,0.516,1.000,0.000,0.200,-0.195,35.612,27.495,6.061,-1.218,85.477,359.939,0.951,258.768,"Curva 8.",58.50
330.44,-156.390,0.068,-33.600,35.569,-0.209,2.515,0.516,1.000,0.000,0.113,-0.255,35.657,4.738,-2.748,2.258,85.777,359.926,359.561,258.756,"Curva 8.",58.52
330.46,-155.679,0.066,-33.534,35.583,-0.081,2.540,0.516,1.000,0.000,-0.113,-0.174,35.673,-1.476,6.345,0.797,86.110,359.859,357.545,258.750,"Curva 8.",58.54
330.48,-154.966,0.063,-33.511,35.608,-0.108,1.987,0.516,1.000,0.000,0.250,-0.225,35.662,27.685,-1.597,-0.486,86.401,359.816,0.515,258.704,"Curva 8.",58.56
330.50,-154.253,0.059,-33.473,35.633,-0.225,1.791,0.516,1.000,0.000,0.288,-0.308,35.677,9.798,-5.932,0.677,86.657,359.872,0.562,258.673,"Curva 8.",58.58
330.52,-153.542,0.058,-33.414,35.623,-0.038,1.920,0.516,1.000,0.000,-0.049,-0.121,35.674,-6.837,9.077,-0.177,87.002,359.871,357.771,258.667,"Curva 8.",58.60
330.54,-152.830,0.056,-33.390,35.620,-0.142,1.600,0.516,1.000,0.000,0.043,-0.183,35.655,16.023,-5.047,-0.902,87.361,359.933,359.569,258.626,"Curva 8.",58.62
330.56,-152.116,0.053,-33.376,35.643,-0.100,1.208,0.516,1.000,0.000,0.194,-0.174,35.662,19.689,1.521,0.390,87.740,359.890,1.604,258.579,"Curva 8.",58.64
330.58,-151.403,0.052,-33.331,35.643,0.035,1.291,0.516,1.000,0.000,-0.143,-0.160,35.665,-4.274,6.708,0.162,88.158,359.690,359.217,258.563,"Curva 8.",58.66
330.60,-150.690,0.051,-33.300,35.645,-0.046,1.136,0.516,1.000,0.000,-0.233,-0.281,35.661,7.865,-3.851,-0.119,88.561,359.632,358.558,258.536,"Curva 8.",58.68
330.62,-149.975,0.050,-33.305,35.686,-0.061,0.566,0.516,1.000,0.000,0.214,-0.307,35.689,28.508,-1.444,1.440,88.737,359.614,1.330,258.475,"Curva 8.",58.70
330.64,-149.263,0.048,-33.290,35.627,-0.087,0.515,0.516,1.000,0.000,0.120,-0.322,35.629,2.484,-1.310,-3.003,88.972,359.625,0.922,258.435,"Curva 8.",58.72
330.66,-148.550,0.048,-33.257,35.645,0.005,0.585,0.516,1.000,0.000,-0.144,-0.229,35.649,-3.672,4.452,0.992,89.303,359.633,358.028,258.416,"Curva 8.",58.74
330.68,-147.837,0.046,-33.258,35.653,-0.075,0.173,0.516,1.000,0.000,0.078,-0.311,35.652,20.665,-3.686,0.184,89.604,359.619,359.122,258.365,"Curva 8.",58.76
330.70,-147.125,0.045,-33.272,35.621,-0.093,-0.043,0.516,1.000,0.000,0.165,-0.326,35.619,10.776,-1.160,-1.636,89.790,359.633,1.453,258.303,"Curva 8.",58.78
330.72,-146.412,0.042,-33.262,35.636,-0.095,0.009,0.516,1.000,0.000,-0.075,-0.360,35.634,-2.572,-0.083,0.741,90.103,359.574,0.312,258.267,"Curva 8.",58.80
330.74,-145.701,0.041,-33.248,35.547,-0.075,-0.002,0.516,1.000,0.000,-0.209,-0.331,35.545,0.527,1.069,-4.405,90.355,359.597,358.367,258.237,"Curva 8.",58.82
330.76,-144.990,0.039,-33.268,35.564,-0.090,-0.485,0.516,1.000,0.000,0.168,-0.338,35.566,24.133,-0.853,1.051,90.509,359.601,0.216,258.175,"Curva 8.",58.84
330.78,-144.280,0.037,-33.285,35.536,-0.148,-0.666,0.516,1.000,0.000,0.261,-0.345,35.540,9.006,-3.081,-1.312,90.643,359.690,1.044,258.117,"Curva 8.",58.86
330.80,-143.567,0.036,-33.279,35.613,-0.066,-0.556,0.516,1.000,0.000,-0.052,-0.246,35.616,-5.638,3.999,3.742,90.986,359.712,358.801,258.085,"Curva 8.",58.88
330.82,-142.857,0.034,-33.295,35.522,-0.125,-0.722,0.516,1.000,0.000,-0.065,-0.242,35.529,8.449,-2.860,-4.340,91.274,359.813,359.418,258.033,"Curva 8.",58.90
330.84,-142.147,0.034,-33.330,35.529,-0.033,-1.149,0.516,1.000,0.000,0.207,-0.164,35.546,21.444,3.971,0.913,91.512,359.798,1.644,257.963,"Curva 8.",58.92
330.86,-141.435,0.032,-33.339,35.572,-0.037,-1.179,0.516,1.000,0.000,0.057,-0.189,35.591,1.425,-0.200,2.182,91.809,359.754,359.721,257.922,"Curva 8.",58.94
330.88,-140.722,0.032,-33.353,35.597,-0.003,-1.224,0.400,1.000,0.000,-0.104,-0.195,35.618,2.177,1.736,1.386,92.144,359.695,358.609,257.877,"Curva 8.",58.96
330.90,-140.011,0.032,-33.404,35.561,0.034,-1.755,0.400,1.000,0.000,0.231,-0.202,35.603,26.636,1.194,-0.699,92.445,359.629,1.459,257.797,"Curva 8.",58.98
330.92,-139.299,0.030,-33.432,35.598,-0.097,-1.822,0.400,1.000,0.000,0.130,-0.307,35.643,3.184,-6.606,2.003,92.716,359.665,0.486,257.743,"Curva 8.",59.00
330.94,-138.586,0.031,-33.451,35.607,0.023,-1.758,0.400,1.000,0.000,-0.119,-0.201,35.650,-3.393,5.926,0.324,93.026,359.645,358.373,257.699,"Curva 8.",59.02
330.96,-137.876,0.030,-33.508,35.571,-0.023,-2.212,0.206,1.000,0.000,0.148,-0.226,35.639,22.762,-2.649,-0.512,93.316,359.677,0.831,257.619,"Curva 8.",59.04
330.98,-137.165,0.029,-33.558,35.568,-0.089,-2.432,0.206,1.000,0.000,0.215,-0.254,35.649,10.902,-3.556,0.497,93.557,359.744,1.308,257.549,"Curva 8.",59.06
331.00,-136.452,0.030,-33.584,35.570,0.056,-2.289,0.099,1.000,0.000,-0.093,-0.130,35.643,-7.328,7.071,-0.336,93.837,359.704,358.516,257.504,"Curva 8.",59.08
331.02,-135.742,0.029,-33.640,35.536,-0.056,-2.515,0.000,1.000,0.000,-0.017,-0.218,35.625,11.381,-5.537,-0.888,94.077,359.740,359.747,257.432,"Curva 8.",59.10
331.04,-135.032,0.029,-33.705,35.518,0.008,-2.755,0.000,1.000,0.000,0.138,-0.179,35.624,12.133,2.873,-0.023,94.206,359.706,1.594,257.351,"Curva 8.",59.12
331.06,-134.320,0.029,-33.742,35.536,0.009,-2.612,0.000,1.000,0.000,-0.072,-0.197,35.631,-7.199,-0.024,0.361,94.323,359.669,359.329,257.301,"Curva 8.",59.14
331.08,-133.608,0.028,-33.791,35.554,-0.037,-2.618,0.000,1.000,0.000,-0.133,-0.244,35.649,0.279,-2.316,0.895,94.433,359.672,358.897,257.242,"Curva 8.",59.16
331.10,-132.899,0.029,-33.866,35.524,0.042,-2.938,0.000,1.000,0.000,0.190,-0.193,35.644,16.163,3.521,-0.219,94.415,359.630,1.417,257.158,"Curva 8.",59.18
331.12,-132.187,0.028,-33.915,35.570,-0.058,-2.851,0.000,1.000,0.000,0.123,-0.273,35.683,-4.521,-4.986,1.948,94.383,359.656,0.163,257.101,"Curva 8.",59.20
331.14,-131.474,0.028,-33.958,35.593,0.001,-2.699,0.000,1.000,0.000,-0.057,-0.221,35.695,-7.753,2.752,0.569,94.437,359.646,358.476,257.053,"Curva 8.",59.22
331.16,-130.764,0.028,-34.030,35.584,0.005,-2.900,0.000,1.000,0.000,0.122,-0.220,35.701,10.055,0.062,0.304,94.460,359.642,0.674,256.979,"Curva 8.",59.24
331.18,-130.052,0.027,-34.090,35.603,-0.041,-2.924,0.000,1.000,0.000,0.151,-0.248,35.722,1.085,-2.307,1.059,94.446,359.672,0.972,256.917,"Curva 8.",59.26
331.20,-129.338,0.028,-34.127,35.620,0.045,-2.621,0.000,1.000,0.000,-0.170,-0.179,35.716,-15.260,3.906,-0.319,94.488,359.648,358.526,256.881,"Curva 8.",59.28
331.22,-128.626,0.027,-34.189,35.636,-0.041,-2.714,-0.584,1.000,0.000,-0.092,-0.244,35.738,4.569,-4.282,1.116,94.504,359.675,359.856,256.822,"Curva 8.",59.30
331.24,-127.915,0.027,-34.257,35.625,0.012,-2.854,-0.584,1.000,0.000,0.088,-0.201,35.738,7.117,2.465,-0.001,94.433,359.663,1.458,256.758,"Curva 8.",59.32
331.26,-127.200,0.028,-34.296,35.643,0.018,-2.631,-0.584,1.000,0.000,-0.111,-0.204,35.739,-11.221,0.162,0.073,94.404,359.645,359.216,256.727,"Curva 8.",59.34
331.28,-126.487,0.027,-34.347,35.662,-0.040,-2.606,-0.584,1.000,0.000,-0.145,-0.251,35.756,-1.242,-2.969,0.811,94.419,359.667,359.055,256.684,"Curva 8.",59.36
331.30,-125.776,0.028,-34.420,35.629,0.046,-2.896,-0.806,1.000,0.000,0.157,-0.187,35.746,14.667,3.925,-0.480,94.388,359.634,1.483,256.621,"Curva 8.",59.38
331.32,-125.062,0.027,-34.465,35.659,-0.041,-2.719,-0.806,1.000,0.000,0.032,-0.254,35.762,-8.932,-4.352,0.791,94.310,359.659,359.899,256.589,"Curva 8.",59.40
331.34,-124.348,0.027,-34.503,35.675,-0.011,-2.358,-1.000,1.000,0.000,-0.179,-0.227,35.752,-18.097,0.880,-0.473,94.081,359.665,358.041,256.567,"Curva 8.",59.42
331.36,-123.635,0.028,-34.567,35.676,0.119,-2.366,-1.000,1.000,0.000,0.112,-0.166,35.754,0.430,6.525,0.101,93.615,359.543,0.102,256.519,"Curva 8.",59.44
331.38,-122.921,0.029,-34.619,35.682,0.070,-2.144,-1.000,1.000,0.000,0.229,-0.232,35.745,-11.152,-2.293,-0.308,93.066,359.520,0.765,256.486,"Curva 8.",59.46
331.40,-122.207,0.030,-34.637,35.709,0.029,-1.509,-1.000,1.000,0.000,-0.148,-0.261,35.740,-31.722,-2.992,-0.136,92.669,359.541,358.297,256.489,"Curva 8.",59.48
331.42,-121.494,0.030,-34.672,35.667,0.016,-1.368,-1.000,1.000,0.000,-0.025,-0.286,35.692,-6.934,-0.806,-2.385,92.245,359.516,358.878,256.477,"Curva 8.",59.50
331.44,-120.781,0.032,-34.717,35.675,0.080,-1.297,-1.000,1.000,0.000,0.186,-0.243,35.697,-3.483,3.270,0.321,91.776,359.489,1.261,256.456,"Curva 8.",59.52
331.46,-120.067,0.031,-34.727,35.665,-0.007,-0.735,-1.000,1.000,0.000,-0.095,-0.323,35.671,-28.057,-4.377,-1.193,91.336,359.492,359.884,256.473,"Curva 8.",59.54
331.48,-119.355,0.030,-34.730,35.638,-0.088,-0.475,-1.000,1.000,0.000,-0.173,-0.361,35.639,-12.863,-4.369,-1.620,91.058,359.569,358.528,256.498,"Curva 8.",59.56
331.50,-118.642,0.029,-34.751,35.665,-0.040,-0.400,-1.000,1.000,0.000,0.006,-0.311,35.666,-3.789,2.396,1.342,90.632,359.564,-0.003,256.508,"Curva 8.",59.58
331.52,-117.931,0.029,-34.764,35.551,-0.057,-0.257,-1.000,1.000,0.000,0.067,-0.285,35.551,-7.130,-0.706,-5.745,90.300,359.633,0.785,256.527,"Curva 8.",59.60
331.54,-117.220,0.028,-34.748,35.590,-0.049,0.246,0.000,1.000,0.000,-0.247,-0.266,35.589,-25.175,-0.213,1.948,90.011,359.661,358.660,256.578,"Curva 8.",59.62
331.56,-116.508,0.027,-34.750,35.604,-0.101,0.340,0.000,1.000,0.000,-0.138,-0.286,35.605,-4.651,-2.656,0.715,89.678,359.705,359.565,256.612,"Curva 8.",59.64
331.58,-115.795,0.026,-34.752,35.620,0.004,0.499,0.000,1.000,0.000,0.038,-0.198,35.623,-7.852,5.378,0.946,89.133,359.676,0.760,256.648,"Curva 8.",59.66
331.60,-115.083,0.027,-34.726,35.606,0.025,1.014,0.000,1.000,0.000,-0.086,-0.198,35.620,-25.769,0.593,-0.033,88.513,359.643,358.965,256.715,"Curva 8.",59.68
331.62,-114.370,0.027,-34.701,35.626,0.004,1.444,0.000,1.000,0.000,-0.136,-0.234,35.654,-21.437,-1.568,1.792,87.905,359.623,358.726,256.783,"Curva 8.",59.70
331.64,-113.656,0.028,-34.689,35.644,0.116,1.503,0.000,1.000,0.000,0.122,-0.163,35.675,-2.840,5.662,1.072,87.385,359.555,0.940,256.839,"Curva 8.",59.72
331.66,-112.944,0.029,-34.653,35.623,0.004,1.660,0.000,1.000,0.000,0.056,-0.242,35.661,-7.907,-5.551,-0.726,87.240,359.605,0.311,256.921,"Curva 8.",59.74
331.68,-112.232,0.029,-34.604,35.619,0.017,1.904,0.000,1.000,0.000,-0.235,-0.219,35.668,-12.211,0.337,0.364,87.325,359.630,358.683,257.018,"Curva 8.",59.76
331.70,-111.519,0.029,-34.580,35.643,-0.032,1.744,0.000,1.000,0.000,-0.128,-0.244,35.685,8.041,-2.485,0.858,87.401,359.658,0.474,257.092,"Curva 8.",59.78
331.72,-110.806,0.028,-34.551,35.674,-0.070,1.632,0.000,1.000,0.000,-0.022,-0.269,35.711,5.620,-2.033,1.282,87.407,359.680,1.129,257.173,"Curva 8.",59.80
331.74,-110.093,0.027,-34.502,35.669,-0.001,1.792,0.000,1.000,0.000,-0.178,-0.225,35.713,-8.086,3.300,0.106,87.415,359.645,358.985,257.277,"Curva 8.",59.82
331.76,-109.379,0.026,-34.473,35.699,-0.056,1.685,0.000,1.000,0.000,-0.062,-0.274,35.737,5.471,-2.726,1.230,87.400,359.651,359.667,257.362,"Curva 8.",59.84
331.78,-108.664,0.027,-34.454,35.710,0.017,1.487,0.000,1.000,0.000,0.166,-0.220,35.740,9.992,3.402,0.127,87.342,359.626,1.313,257.439,"Curva 8.",59.86
331.80,-107.950,0.027,-34.409,35.710,0.015,1.668,0.000,1.000,0.000,-0.009,-0.220,35.748,-9.042,-0.176,0.430,87.343,359.623,359.506,257.544,"Curva 8.",59.88
331.82,-107.236,0.027,-34.370,35.725,-0.002,1.749,0.000,1.000,0.000,-0.120,-0.228,35.767,-4.001,-0.931,0.934,87.396,359.641,358.979,257.645,"Curva 8.",59.90
331.84,-106.520,0.028,-34.354,35.736,0.056,1.503,0.000,1.000,0.000,0.133,-0.182,35.767,12.372,2.658,-0.012,87.373,359.624,1.177,257.725,"Curva 8.",59.92
331.86,-105.806,0.028,-34.317,35.760,-0.027,1.574,0.000,1.000,0.000,0.073,-0.244,35.794,-3.496,-4.135,1.368,87.362,359.653,0.267,257.828,"Curva 8.",59.94
331.88,-105.091,0.028,-34.272,35.753,0.018,1.734,0.000,1.000,0.000,-0.126,-0.207,35.794,-8.100,2.058,-0.011,87.432,359.644,358.681,257.941,"Curva 8.",59.96
331.90,-104.375,0.028,-34.252,35.758,0.000,1.552,0.000,1.000,0.000,0.034,-0.223,35.791,9.137,-0.996,-0.127,87.457,359.645,0.551,258.030,"Curva 8.",59.98
331.92,-103.660,0.027,-34.226,35.770,-0.036,1.489,0.000,1.000,0.000,0.110,-0.249,35.800,3.098,-1.828,0.449,87.434,359.662,0.980,258.129,"Curva 8.",60.00
331.94,-102.945,0.028,-34.177,35.748,0.029,1.730,0.000,1.000,0.000,-0.143,-0.202,35.790,-12.140,2.989,-0.543,87.464,359.636,358.791,258.251,"Curva 8.",60.02
331.96,-102.230,0.027,-34.150,35.772,-0.042,1.655,0.000,1.000,0.000,-0.075,-0.258,35.810,3.802,-3.531,1.009,87.473,359.654,359.771,258.354,"Curva 8.",60.04
331.98,-101.514,0.027,-34.130,35.776,0.014,1.500,0.000,1.000,0.000,0.118,-0.213,35.807,7.825,2.594,-0.153,87.402,359.641,1.328,258.451,"Curva 8.",60.06
332.00,-100.799,0.027,-34.084,35.767,0.011,1.690,0.000,1.000,0.000,-0.051,-0.217,35.806,-9.513,-0.228,-0.029,87.379,359.636,359.404,258.577,"Curva 8.",60.08
332.02,-100.083,0.027,-34.047,35.779,-0.023,1.748,0.000,1.000,0.000,-0.121,-0.241,35.821,-2.824,-1.755,0.727,87.404,359.654,359.044,258.696,"Curva 8.",60.10
332.04,-99.367,0.028,-34.031,35.783,0.044,1.494,0.000,1.000,0.000,0.145,-0.192,35.813,12.750,3.049,-0.358,87.371,359.629,1.260,258.795,"Curva 8.",60.12
332.06,-98.651,0.027,-33.993,35.802,-0.034,1.575,0.000,1.000,0.000,0.073,-0.252,35.836,-4.018,-3.859,1.109,87.363,359.652,0.183,258.919,"Curva 8.",60.14
332.08,-97.936,0.027,-33.948,35.792,0.013,1.723,0.000,1.000,0.000,-0.115,-0.213,35.832,-7.440,2.146,-0.159,87.436,359.644,358.665,259.051,"Curva 8.",60.16
332.10,-97.219,0.028,-33.930,35.799,0.010,1.525,0.000,1.000,0.000,0.059,-0.216,35.831,9.900,-0.256,-0.082,87.463,359.639,0.649,259.158,"Curva 8.",60.18
332.12,-96.503,0.027,-33.903,35.816,-0.033,1.477,0.000,1.000,0.000,0.120,-0.248,35.845,2.408,-2.176,0.733,87.441,359.659,0.930,259.277,"Curva 8.",60.20
332.14,-95.788,0.028,-33.854,35.795,0.038,1.731,0.000,1.000,0.000,-0.147,-0.196,35.836,-12.843,3.254,-0.451,87.472,359.632,358.700,259.419,"Curva 8.",60.22
332.16,-95.071,0.027,-33.828,35.819,-0.037,1.643,0.000,1.000,0.000,-0.063,-0.254,35.856,4.466,-3.736,0.976,87.476,359.653,359.862,259.540,"Curva 8.",60.24
332.18,-94.354,0.027,-33.808,35.821,0.010,1.506,0.000,1.000,0.000,0.116,-0.215,35.852,6.926,2.159,-0.201,87.400,359.646,1.334,259.657,"Curva 8.",60.26
332.20,-93.638,0.027,-33.761,35.809,0.015,1.715,0.000,1.000,0.000,-0.071,-0.212,35.850,-10.488,0.142,-0.109,87.375,359.638,359.293,259.803,"Curva 8.",60.28
332.22,-92.922,0.027,-33.724,35.823,-0.032,1.757,0.000,1.000,0.000,-0.125,-0.247,35.865,-2.043,-2.363,0.776,87.398,359.659,359.106,259.941,"Curva 8.",60.30
332.24,-92.205,0.028,-33.709,35.827,0.042,1.497,0.000,1.000,0.000,0.145,-0.192,35.857,13.079,3.389,-0.390,87.367,359.631,1.345,260.059,"Curva 8.",60.32
332.26,-91.489,0.027,-33.669,35.841,-0.033,1.595,0.000,1.000,0.000,0.052,-0.251,35.876,-4.852,-3.761,0.919,87.368,359.651,0.083,260.204,"Curva 8.",60.34
332.28,-90.772,0.027,-33.625,35.831,0.007,1.725,0.000,1.000,0.000,-0.122,-0.217,35.872,-6.562,1.848,-0.191,87.446,359.647,358.664,260.354,"Curva 8.",60.36
332.30,-90.055,0.027,-33.608,35.838,0.017,1.502,0.000,1.000,0.000,0.078,-0.210,35.869,11.160,0.364,-0.166,87.471,359.638,0.777,260.480,"Curva 8.",60.38
332.32,-89.338,0.027,-33.580,35.855,-0.037,1.467,0.000,1.000,0.000,0.129,-0.251,35.884,1.737,-2.756,0.744,87.445,359.662,0.862,260.619,"Curva 8.",60.40
332.34,-88.622,0.028,-33.530,35.835,0.041,1.728,0.000,1.000,0.000,-0.139,-0.192,35.876,-13.165,3.607,-0.378,87.469,359.633,358.604,260.780,"Curva 8.",60.42
332.36,-87.904,0.027,-33.507,35.856,-0.033,1.623,0.000,1.000,0.000,-0.034,-0.251,35.892,5.301,-3.698,0.791,87.463,359.652,359.972,260.919,"Curva 8.",60.44
332.38,-87.187,0.027,-33.486,35.859,0.004,1.502,0.000,1.000,0.000,0.129,-0.219,35.889,6.083,1.676,-0.132,87.388,359.649,1.340,261.056,"Curva 8.",60.46
332.40,-86.470,0.027,-33.437,35.843,0.021,1.743,0.000,1.000,0.000,-0.094,-0.207,35.885,-12.070,0.709,-0.222,87.372,359.638,359.141,261.222,"Curva 8.",60.48
332.42,-85.753,0.027,-33.402,35.860,-0.040,1.762,0.000,1.000,0.000,-0.133,-0.253,35.902,-0.859,-3.110,0.887,87.406,359.663,359.199,261.377,"Curva 8.",60.50
332.44,-85.035,0.027,-33.387,35.865,0.042,1.496,0.000,1.000,0.000,0.134,-0.191,35.895,13.398,3.774,-0.354,87.391,359.634,1.453,261.515,"Curva 8.",60.52
332.46,-84.318,0.027,-33.345,35.873,-0.028,1.616,0.000,1.000,0.000,0.012,-0.247,35.908,-5.976,-3.509,0.651,87.402,359.651,359.939,261.681,"Curva 8.",60.54
332.48,-83.601,0.027,-33.301,35.867,-0.001,1.725,0.000,1.000,0.000,-0.136,-0.222,35.908,-5.517,1.237,-0.034,87.471,359.652,358.664,261.849,"Curva 8.",60.56
332.50,-82.883,0.027,-33.287,35.871,0.027,1.463,0.000,1.000,0.000,0.115,-0.202,35.901,13.126,1.175,-0.353,87.475,359.638,0.969,261.992,"Curva 8.",60.58
332.52,-82.166,0.027,-33.256,35.890,-0.046,1.483,0.000,1.000,0.000,0.125,-0.256,35.920,-0.992,-3.627,0.964,87.430,359.667,0.677,262.152,"Curva 8.",60.60
332.54,-81.449,0.027,-33.207,35.871,0.038,1.743,0.000,1.000,0.000,-0.125,-0.192,35.913,-13.162,3.825,-0.337,87.425,359.638,358.501,262.332,"Curva 8.",60.62
332.56,-80.730,0.027,-33.186,35.887,-0.019,1.606,0.000,1.000,0.000,0.019,-0.239,35.922,6.878,-2.861,0.454,87.406,359.649,0.202,262.487,"Curva 8.",60.64
332.58,-80.012,0.027,-33.163,35.893,-0.007,1.514,0.000,1.000,0.000,0.143,-0.227,35.924,4.611,0.470,0.101,87.348,359.654,1.291,262.645,"Curva 8.",60.66
332.60,-79.295,0.027,-33.112,35.869,0.035,1.795,0.000,1.000,0.000,-0.140,-0.196,35.913,-14.125,1.874,-0.563,87.364,359.636,358.894,262.833,"Curva 8.",60.68
332.62,-78.578,0.027,-33.081,35.893,-0.049,1.736,0.000,1.000,0.000,-0.094,-0.258,35.934,3.045,-4.174,1.061,87.384,359.668,359.489,263.002,"Curva 8.",60.70
332.64,-77.859,0.027,-33.063,35.899,0.031,1.518,0.000,1.000,0.000,0.134,-0.196,35.930,11.034,3.671,-0.193,87.358,359.644,1.469,263.161,"Curva 8.",60.72
332.66,-77.142,0.027,-33.018,35.895,-0.005,1.682,0.000,1.000,0.000,-0.023,-0.227,35.933,-8.210,-1.826,0.168,87.356,359.646,359.628,263.349,"Curva 8.",60.74
332.68,-76.424,0.027,-32.977,35.897,-0.014,1.764,0.000,1.000,0.000,-0.126,-0.233,35.939,-4.061,-0.551,0.273,87.396,359.656,358.810,263.534,"Curva 8.",60.76
332.70,-75.705,0.027,-32.962,35.897,0.042,1.494,0.000,1.000,0.000,0.149,-0.192,35.927,13.542,2.557,-0.571,87.373,359.631,1.183,263.695,"Curva 8.",60.78
332.72,-74.987,0.027,-32.926,35.918,-0.044,1.567,0.000,1.000,0.000,0.083,-0.259,35.951,-3.667,-4.317,1.192,87.367,359.659,0.387,263.879,"Curva 8.",60.80
332.74,-74.270,0.027,-32.879,35.907,0.024,1.757,0.000,1.000,0.000,-0.141,-0.205,35.949,-9.593,3.180,-0.096,87.430,359.641,358.570,264.076,"Curva 8.",60.82
332.76,-73.551,0.027,-32.859,35.916,0.001,1.572,0.000,1.000,0.000,0.024,-0.224,35.950,9.276,-1.241,0.034,87.452,359.641,0.497,264.247,"Curva 8.",60.84
332.78,-72.832,0.027,-32.834,35.929,-0.024,1.497,0.000,1.000,0.000,0.118,-0.242,35.959,3.763,-1.321,0.467,87.420,359.657,1.110,264.427,"Curva 8.",60.86
332.80,-72.114,0.027,-32.783,35.908,0.042,1.758,0.000,1.000,0.000,-0.153,-0.193,35.950,-13.155,3.028,-0.481,87.448,359.631,358.759,264.632,"Curva 8.",60.88
332.82,-71.396,0.027,-32.755,35.935,-0.043,1.685,-0.313,1.000,0.000,-0.089,-0.259,35.973,3.721,-4.238,1.181,87.460,359.656,359.686,264.818,"Curva 8.",60.90
332.84,-70.676,0.027,-32.737,35.941,0.020,1.513,-0.313,1.000,0.000,0.121,-0.209,35.972,8.680,2.955,-0.077,87.389,359.640,1.414,264.996,"Curva 8.",60.92
332.86,-69.958,0.027,-32.690,35.930,0.006,1.702,-0.409,1.000,0.000,-0.043,-0.222,35.969,-9.489,-0.831,-0.130,87.360,359.639,359.445,265.203,"Curva 8.",60.94
332.88,-69.240,0.027,-32.650,35.931,-0.026,1.841,-0.409,1.000,0.000,-0.145,-0.244,35.977,-6.877,-1.737,0.403,87.306,359.657,358.781,265.406,"Curva 8.",60.96
332.90,-68.520,0.027,-32.632,35.929,0.048,1.696,-0.409,1.000,0.000,0.132,-0.186,35.968,7.306,3.575,-0.487,87.083,359.631,1.034,265.589,"Curva 8.",60.98
332.92,-67.802,0.027,-32.592,35.933,-0.032,1.870,-0.409,1.000,0.000,0.117,-0.248,35.980,-8.714,-3.954,0.667,86.832,359.656,0.223,265.795,"Curva 8.",61.00
332.94,-67.084,0.027,-32.536,35.908,0.013,2.240,0.000,1.000,0.000,-0.129,-0.215,35.977,-18.568,1.700,-0.157,86.647,359.642,358.313,266.018,"Curva 8.",61.02
332.96,-66.365,0.027,-32.506,35.918,-0.001,2.230,0.000,1.000,0.000,0.012,-0.230,35.987,0.485,-0.694,0.490,86.426,359.635,0.292,266.218,"Curva 8.",61.04
332.98,-65.646,0.027,-32.467,35.917,-0.013,2.299,0.000,1.000,0.000,0.101,-0.237,35.990,-3.421,-0.539,0.180,86.170,359.646,1.026,266.429,"Curva 8.",61.06
333.00,-64.930,0.028,-32.398,35.861,0.030,2.756,0.000,1.000,0.000,-0.221,-0.207,35.965,-23.045,1.509,-1.185,85.966,359.632,358.482,266.670,"Curva 8.",61.08
333.02,-64.212,0.026,-32.352,35.893,-0.069,2.750,0.000,1.000,0.000,-0.106,-0.276,35.997,0.425,-4.920,1.555,85.790,359.671,359.684,266.891,"Curva 8.",61.10
333.04,-63.492,0.027,-32.314,35.903,0.014,2.557,0.000,1.000,0.000,0.144,-0.207,35.993,9.783,3.824,-0.199,85.688,359.656,1.704,267.105,"Curva 8.",61.12
333.06,-62.776,0.027,-32.242,35.874,0.003,2.812,0.000,1.000,0.000,-0.128,-0.215,35.984,-12.815,-0.710,-0.491,85.726,359.656,359.239,267.354,"Curva 8.",61.14
333.08,-62.059,0.026,-32.181,35.875,-0.049,2.865,0.000,1.000,0.000,-0.242,-0.248,35.987,-2.582,-2.649,0.182,85.827,359.692,358.792,267.594,"Curva 8.",61.16
333.10,-61.340,0.027,-32.150,35.887,0.062,2.489,0.000,1.000,0.000,0.130,-0.161,35.973,18.935,4.970,-0.722,85.817,359.652,1.723,267.808,"Curva 8.",61.18
333.12,-60.623,0.026,-32.090,35.894,-0.058,2.567,0.000,1.000,0.000,0.072,-0.256,35.985,-3.886,-5.964,0.605,85.792,359.686,0.251,268.051,"Curva 8.",61.20
333.14,-59.906,0.026,-32.023,35.883,0.028,2.707,0.000,1.000,0.000,-0.096,-0.188,35.985,-7.136,4.097,0.000,85.847,359.661,358.282,268.302,"Curva 8.",61.22
333.16,-59.187,0.027,-31.991,35.901,0.026,2.422,0.000,1.000,0.000,0.176,-0.201,35.981,14.259,-0.323,-0.162,85.854,359.643,0.885,268.522,"Curva 8.",61.24
333.18,-58.468,0.026,-31.944,35.917,-0.048,2.396,0.000,1.000,0.000,0.215,-0.256,35.995,1.298,-3.744,0.697,85.833,359.676,1.121,268.757,"Curva 8.",61.26
333.20,-57.752,0.027,-31.870,35.874,0.065,2.769,0.000,1.000,0.000,-0.179,-0.169,35.980,-18.927,5.049,-0.744,85.880,359.638,358.200,269.020,"Curva 8.",61.28
333.22,-57.033,0.028,-31.822,35.890,0.081,2.673,0.000,1.000,0.000,-0.108,-0.222,35.989,4.816,0.875,0.463,85.918,359.521,359.139,269.260,"Curva 8.",61.30
333.24,-56.313,0.030,-31.788,35.897,0.154,2.575,0.000,1.000,0.000,0.070,-0.210,35.989,5.047,3.538,0.000,85.777,359.424,1.641,269.489,"Curva 8.",61.32
333.26,-55.595,0.031,-31.725,35.896,0.122,2.798,0.000,1.000,0.000,-0.121,-0.303,36.004,-11.150,-1.519,0.782,85.731,359.323,0.564,269.746,"Curva 8.",61.34
333.28,-54.881,0.033,-31.655,35.787,0.039,2.898,0.000,1.000,0.000,-0.217,-0.343,35.902,-5.307,-4.202,-5.118,85.729,359.398,358.647,270.012,"Curva 8.",61.36
333.30,-54.165,0.033,-31.611,35.801,-0.043,2.637,0.000,1.000,0.000,0.109,-0.366,35.896,13.098,-4.101,-0.359,85.615,359.485,359.855,270.254,"Curva 8.",61.38
333.32,-53.449,0.031,-31.569,35.768,-0.130,2.574,0.000,1.000,0.000,0.239,-0.368,35.858,2.911,-4.401,-1.889,85.491,359.629,1.138,270.496,"Curva 8.",61.40
333.34,-52.736,0.029,-31.501,35.768,-0.167,2.811,0.000,1.000,0.000,-0.015,-0.336,35.877,-11.790,-1.977,0.909,85.537,359.730,359.313,270.764,"Curva 8.",61.42
333.36,-52.021,0.026,-31.441,35.750,-0.180,2.867,0.000,1.000,0.000,-0.118,-0.312,35.863,-2.871,-0.699,-0.718,85.610,359.793,359.109,271.026,"Curva 8.",61.44
333.38,-51.304,0.025,-31.402,35.783,-0.038,2.649,0.000,1.000,0.000,0.091,-0.209,35.880,11.176,6.865,0.877,85.613,359.730,1.277,271.271,"Curva 8.",61.46
333.40,-50.588,0.024,-31.340,35.814,-0.019,2.743,0.000,1.000,0.000,0.020,-0.231,35.918,-4.566,0.968,1.904,85.587,359.661,0.135,271.538,"Curva 8.",61.48
333.42,-49.872,0.024,-31.273,35.817,0.079,2.886,0.000,1.000,0.000,-0.130,-0.186,35.932,-7.222,4.702,0.723,85.607,359.583,358.688,271.813,"Curva 8.",61.50
333.44,-49.154,0.026,-31.234,35.843,0.104,2.648,0.000,1.000,0.000,0.113,-0.181,35.940,11.959,1.079,0.403,85.590,359.549,0.771,272.063,"Curva 8.",61.52
333.46,-48.436,0.027,-31.181,35.876,0.038,2.624,0.000,1.000,0.000,0.159,-0.222,35.970,1.309,-3.319,1.507,85.559,359.589,0.781,272.327,"Curva 8.",61.54
333.48,-47.721,0.029,-31.109,35.854,0.076,2.904,0.000,1.000,0.000,-0.148,-0.178,35.970,-14.104,1.586,-0.013,85.612,359.601,358.611,272.611,"Curva 8.",61.56
333.50,-47.003,0.029,-31.062,35.883,-0.034,2.805,0.000,1.000,0.000,-0.058,-0.247,35.992,5.057,-5.537,1.078,85.623,359.661,0.033,272.874,"Curva 8.",61.58
333.52,-46.284,0.028,-31.017,35.890,-0.034,2.687,0.000,1.000,0.000,0.101,-0.234,35.989,5.900,-0.140,-0.153,85.550,359.685,1.316,273.136,"Curva 8.",61.60
333.54,-45.568,0.028,-30.945,35.862,-0.021,2.904,0.000,1.000,0.000,-0.093,-0.228,35.979,-10.923,0.501,-0.521,85.524,359.673,359.150,273.424,"Curva 8.",61.62
333.56,-44.851,0.026,-30.888,35.869,-0.076,2.898,0.000,1.000,0.000,-0.103,-0.276,35.985,0.362,-2.763,0.319,85.551,359.684,359.250,273.701,"Curva 8.",61.64
333.58,-44.132,0.026,-30.849,35.873,0.019,2.649,0.000,1.000,0.000,0.139,-0.212,35.970,12.544,4.437,-0.739,85.548,359.639,1.409,273.963,"Curva 8.",61.66
333.60,-43.415,0.026,-30.783,35.870,-0.022,2.781,0.000,1.000,0.000,-0.006,-0.249,35.977,-6.605,-2.041,0.352,85.576,359.638,359.895,274.251,"Curva 8.",61.68
333.62,-42.699,0.026,-30.717,35.861,0.014,2.887,0.000,1.000,0.000,-0.156,-0.219,35.976,-5.349,1.673,-0.049,85.654,359.635,358.723,274.540,"Curva 8.",61.70
333.64,-41.980,0.027,-30.679,35.872,0.050,2.615,0.000,1.000,0.000,0.109,-0.188,35.967,13.612,1.595,-0.464,85.651,359.623,1.006,274.805,"Curva 8.",61.72
333.66,-41.262,0.027,-30.625,35.893,-0.025,2.638,0.000,1.000,0.000,0.118,-0.241,35.989,-1.076,-3.773,1.107,85.606,359.658,0.606,275.088,"Curva 8.",61.74
333.68,-40.546,0.028,-30.554,35.870,0.045,2.882,0.000,1.000,0.000,-0.121,-0.186,35.985,-12.353,3.192,-0.170,85.607,359.638,358.536,275.387,"Curva 8.",61.76
333.70,-39.827,0.027,-30.510,35.889,-0.014,2.745,0.000,1.000,0.000,0.017,-0.234,35.993,6.882,-2.973,0.381,85.597,359.649,0.249,275.663,"Curva 8.",61.78
333.72,-39.109,0.027,-30.463,35.897,-0.018,2.659,0.000,1.000,0.000,0.130,-0.236,35.995,4.341,-0.287,0.076,85.549,359.657,1.236,275.942,"Curva 8.",61.80
333.74,-38.393,0.027,-30.390,35.862,0.025,2.924,0.000,1.000,0.000,-0.140,-0.206,35.980,-13.396,1.864,-0.718,85.567,359.637,358.902,276.248,"Curva 8.",61.82
333.76,-37.675,0.027,-30.337,35.886,-0.056,2.861,0.000,1.000,0.000,-0.084,-0.267,35.999,3.259,-4.001,0.939,85.578,359.665,359.532,276.537,"Curva 8.",61.84
333.78,-36.956,0.027,-30.296,35.898,0.022,2.654,0.000,1.000,0.000,0.142,-0.207,35.995,10.467,3.608,-0.208,85.539,359.642,1.430,276.817,"Curva 8.",61.86
333.80,-36.239,0.027,-30.228,35.887,-0.004,2.824,0.000,1.000,0.000,-0.019,-0.229,35.997,-8.528,-1.336,0.119,85.533,359.642,359.596,277.123,"Curva 8.",61.88
333.82,-35.522,0.027,-30.165,35.887,-0.013,2.908,0.000,1.000,0.000,-0.125,-0.235,36.004,-4.141,-0.541,0.341,85.574,359.652,358.847,277.426,"Curva 8.",61.90
333.84,-34.802,0.027,-30.127,35.898,0.047,2.643,0.000,1.000,0.000,0.147,-0.191,35.994,13.298,2.717,-0.495,85.550,359.627,1.187,277.707,"Curva 8.",61.92
333.86,-34.085,0.027,-30.067,35.917,-0.038,2.716,0.000,1.000,0.000,0.081,-0.255,36.018,-3.611,-4.200,1.208,85.544,359.655,0.360,278.010,"Curva 8.",61.94
333.88,-33.367,0.027,-29.997,35.900,0.026,2.900,0.000,1.000,0.000,-0.140,-0.205,36.016,-9.323,2.931,-0.118,85.612,359.639,358.590,278.323,"Curva 8.",61.96
333.90,-32.648,0.027,-29.955,35.913,0.003,2.714,0.000,1.000,0.000,0.026,-0.224,36.015,9.345,-1.225,-0.051,85.635,359.640,0.515,278.613,"Curva 8.",61.98
333.92,-31.930,0.027,-29.906,35.927,-0.027,2.640,0.000,1.000,0.000,0.117,-0.244,36.023,3.683,-1.534,0.401,85.604,359.658,1.085,278.911,"Curva 8.",62.00
333.94,-31.213,0.027,-29.833,35.896,0.039,2.897,0.000,1.000,0.000,-0.151,-0.196,36.012,-12.988,2.998,-0.564,85.633,359.632,358.758,279.232,"Curva 8.",62.02
333.96,-30.494,0.027,-29.783,35.923,-0.044,2.825,0.000,1.000,0.000,-0.088,-0.261,36.033,3.726,-4.147,1.069,85.645,359.656,359.703,279.535,"Curva 8.",62.04
333.98,-29.774,0.027,-29.741,35.933,0.018,2.656,0.000,1.000,0.000,0.120,-0.212,36.030,8.531,2.891,-0.132,85.574,359.640,1.404,279.831,"Curva 8.",62.06
334.00,-29.057,0.027,-29.672,35.914,0.006,2.846,0.000,1.000,0.000,-0.046,-0.222,36.026,-9.548,-0.681,-0.207,85.546,359.637,359.432,280.153,"Curva 8.",62.08
334.02,-28.339,0.027,-29.610,35.919,-0.026,2.909,0.000,1.000,0.000,-0.121,-0.245,36.036,-3.108,-1.656,0.465,85.569,359.656,358.962,280.470,"Curva 8.",62.10
334.04,-27.619,0.027,-29.572,35.928,0.044,2.645,0.000,1.000,0.000,0.156,-0.193,36.024,13.276,3.183,-0.561,85.534,359.630,1.283,280.767,"Curva 8.",62.12
334.06,-26.901,0.027,-29.511,35.943,-0.039,2.725,0.000,1.000,0.000,0.088,-0.257,36.045,-3.949,-4.115,1.037,85.522,359.654,0.241,281.086,"Curva 8.",62.14
334.08,-26.183,0.027,-29.443,35.926,0.017,2.886,0.000,1.000,0.000,-0.114,-0.211,36.041,-8.164,2.601,-0.214,85.596,359.642,358.598,281.414,"Curva 8.",62.16
334.10,-25.463,0.027,-29.401,35.937,0.010,2.689,0.000,1.000,0.000,0.057,-0.219,36.036,9.868,-0.481,-0.218,85.626,359.638,0.622,281.719,"Curva 8.",62.18
334.12,-24.744,0.027,-29.351,35.952,-0.030,2.634,0.000,1.000,0.000,0.124,-0.248,36.047,2.770,-2.038,0.539,85.606,359.657,1.006,282.033,"Curva 8.",62.20
334.14,-24.027,0.027,-29.278,35.919,0.042,2.899,0.000,1.000,0.000,-0.156,-0.194,36.035,-13.427,3.316,-0.598,85.640,359.630,358.676,282.369,"Curva 8.",62.22
334.16,-23.308,0.027,-29.229,35.945,-0.040,2.816,0.000,1.000,0.000,-0.080,-0.258,36.054,4.292,-4.119,0.925,85.649,359.654,359.807,282.685,"Curva 8.",62.24
334.18,-22.588,0.027,-29.187,35.950,0.013,2.664,0.000,1.000,0.000,0.114,-0.213,36.048,7.651,2.483,-0.288,85.573,359.644,1.400,282.997,"Curva 8.",62.26
334.20,-21.870,0.027,-29.116,35.930,0.012,2.871,0.000,1.000,0.000,-0.068,-0.216,36.044,-10.412,-0.156,-0.215,85.544,359.638,359.321,283.335,"Curva 8.",62.28
334.22,-21.152,0.027,-29.056,35.939,-0.032,2.922,0.000,1.000,0.000,-0.129,-0.250,36.057,-2.450,-2.276,0.654,85.565,359.658,359.027,283.666,"Curva 8.",62.30
334.24,-20.431,0.027,-29.018,35.948,0.044,2.649,0.000,1.000,0.000,0.155,-0.193,36.045,13.701,3.507,-0.579,85.532,359.629,1.371,283.978,"Curva 8.",62.32
334.26,-19.713,0.027,-28.955,35.959,-0.038,2.743,0.000,1.000,0.000,0.070,-0.257,36.063,-4.638,-4.124,0.870,85.526,359.653,0.143,284.314,"Curva 8.",62.34
334.28,-18.995,0.027,-28.887,35.942,0.011,2.882,0.000,1.000,0.000,-0.113,-0.215,36.056,-7.075,2.286,-0.322,85.603,359.646,358.602,284.656,"Curva 8.",62.36
